-- =============================================================
-- ResQnet Seed Data
-- Generated: 2026-04-15 21:17:36
-- All passwords: Test@1234
-- =============================================================

USE resqnet;

SET FOREIGN_KEY_CHECKS = 0;

DELETE FROM `donation_request_requirement_items`;
DELETE FROM `donation_request_requirements`;
DELETE FROM `donation_inventory_log`;
DELETE FROM `donation_items`;
DELETE FROM `donation_request_items`;
DELETE FROM `inventory`;
DELETE FROM `volunteer_field_updates`;
DELETE FROM `volunteer_task`;
DELETE FROM `donations`;
DELETE FROM `donation_requests`;
DELETE FROM `disaster_reports`;
DELETE FROM `collection_points`;
DELETE FROM `forecast_sms_alert_delivery_log`;
DELETE FROM `forecast_sms_alert_subscription`;
DELETE FROM `password_reset_tokens`;
DELETE FROM `forum_posts`;
DELETE FROM `skills_volunteers`;
DELETE FROM `volunteer_preference_volunteers`;
DELETE FROM `safe_location_occupancy`;
DELETE FROM `safe_locations`;
DELETE FROM `grama_niladhari`;
DELETE FROM `volunteers`;
DELETE FROM `ngos`;
DELETE FROM `general_user`;
DELETE FROM `users`;
DELETE FROM `donation_items_catalog`;
DELETE FROM `skills`;
DELETE FROM `volunteer_preferences`;

SET FOREIGN_KEY_CHECKS = 1;

ALTER TABLE `donation_request_requirement_items` AUTO_INCREMENT = 1;
ALTER TABLE `donation_request_requirements` AUTO_INCREMENT = 1;
ALTER TABLE `donation_inventory_log` AUTO_INCREMENT = 1;
ALTER TABLE `donation_items` AUTO_INCREMENT = 1;
ALTER TABLE `donation_request_items` AUTO_INCREMENT = 1;
ALTER TABLE `inventory` AUTO_INCREMENT = 1;
ALTER TABLE `volunteer_field_updates` AUTO_INCREMENT = 1;
ALTER TABLE `volunteer_task` AUTO_INCREMENT = 1;
ALTER TABLE `donations` AUTO_INCREMENT = 1;
ALTER TABLE `donation_requests` AUTO_INCREMENT = 1;
ALTER TABLE `disaster_reports` AUTO_INCREMENT = 1;
ALTER TABLE `collection_points` AUTO_INCREMENT = 1;
ALTER TABLE `forecast_sms_alert_delivery_log` AUTO_INCREMENT = 1;
ALTER TABLE `forecast_sms_alert_subscription` AUTO_INCREMENT = 1;
ALTER TABLE `password_reset_tokens` AUTO_INCREMENT = 1;
ALTER TABLE `forum_posts` AUTO_INCREMENT = 1;
ALTER TABLE `skills_volunteers` AUTO_INCREMENT = 1;
ALTER TABLE `volunteer_preference_volunteers` AUTO_INCREMENT = 1;
ALTER TABLE `safe_location_occupancy` AUTO_INCREMENT = 1;
ALTER TABLE `safe_locations` AUTO_INCREMENT = 1;
ALTER TABLE `grama_niladhari` AUTO_INCREMENT = 1;
ALTER TABLE `volunteers` AUTO_INCREMENT = 1;
ALTER TABLE `ngos` AUTO_INCREMENT = 1;
ALTER TABLE `general_user` AUTO_INCREMENT = 1;
ALTER TABLE `users` AUTO_INCREMENT = 1;
ALTER TABLE `donation_items_catalog` AUTO_INCREMENT = 1;
ALTER TABLE `skills` AUTO_INCREMENT = 1;
ALTER TABLE `volunteer_preferences` AUTO_INCREMENT = 1;

-- Skills
INSERT INTO `skills` (`skill_id`,`skill_name`) VALUES (1,'First Aid Certified');
INSERT INTO `skills` (`skill_id`,`skill_name`) VALUES (2,'Medical Professional');
INSERT INTO `skills` (`skill_id`,`skill_name`) VALUES (3,'Firefighting');
INSERT INTO `skills` (`skill_id`,`skill_name`) VALUES (4,'Swimming / Lifesaving');
INSERT INTO `skills` (`skill_id`,`skill_name`) VALUES (5,'Rescue & Handling');
INSERT INTO `skills` (`skill_id`,`skill_name`) VALUES (6,'Disaster Management Training');

-- Volunteer Preferences
INSERT INTO `volunteer_preferences` (`preference_id`,`preference_name`) VALUES (1,'Search & Rescue');
INSERT INTO `volunteer_preferences` (`preference_id`,`preference_name`) VALUES (2,'Medical Aid');
INSERT INTO `volunteer_preferences` (`preference_id`,`preference_name`) VALUES (3,'Logistics Support');
INSERT INTO `volunteer_preferences` (`preference_id`,`preference_name`) VALUES (4,'Technical Support');
INSERT INTO `volunteer_preferences` (`preference_id`,`preference_name`) VALUES (5,'Shelter Management');
INSERT INTO `volunteer_preferences` (`preference_id`,`preference_name`) VALUES (6,'Food Preparation & Distribution');
INSERT INTO `volunteer_preferences` (`preference_id`,`preference_name`) VALUES (7,'Childcare Support');
INSERT INTO `volunteer_preferences` (`preference_id`,`preference_name`) VALUES (8,'Elderly Assistance');

-- Donation Items Catalog
INSERT INTO `donation_items_catalog` (`item_id`,`item_name`,`category`) VALUES (1,'Rice (1kg)','Food');
INSERT INTO `donation_items_catalog` (`item_id`,`item_name`,`category`) VALUES (2,'Canned Fish','Food');
INSERT INTO `donation_items_catalog` (`item_id`,`item_name`,`category`) VALUES (3,'Drinking Water (1L)','Food');
INSERT INTO `donation_items_catalog` (`item_id`,`item_name`,`category`) VALUES (4,'Biscuit Packs','Food');
INSERT INTO `donation_items_catalog` (`item_id`,`item_name`,`category`) VALUES (5,'Lentils (500g)','Food');
INSERT INTO `donation_items_catalog` (`item_id`,`item_name`,`category`) VALUES (6,'Sugar (1kg)','Food');
INSERT INTO `donation_items_catalog` (`item_id`,`item_name`,`category`) VALUES (7,'Milk Powder','Food');
INSERT INTO `donation_items_catalog` (`item_id`,`item_name`,`category`) VALUES (8,'Bread Loaves','Food');
INSERT INTO `donation_items_catalog` (`item_id`,`item_name`,`category`) VALUES (9,'Instant Noodles','Food');
INSERT INTO `donation_items_catalog` (`item_id`,`item_name`,`category`) VALUES (10,'Canned Vegetables','Food');
INSERT INTO `donation_items_catalog` (`item_id`,`item_name`,`category`) VALUES (11,'Blanket','Shelter');
INSERT INTO `donation_items_catalog` (`item_id`,`item_name`,`category`) VALUES (12,'Tarpaulin Sheet','Shelter');
INSERT INTO `donation_items_catalog` (`item_id`,`item_name`,`category`) VALUES (13,'Sleeping Bag','Shelter');
INSERT INTO `donation_items_catalog` (`item_id`,`item_name`,`category`) VALUES (14,'Tent (2-person)','Shelter');
INSERT INTO `donation_items_catalog` (`item_id`,`item_name`,`category`) VALUES (15,'Mosquito Net','Shelter');
INSERT INTO `donation_items_catalog` (`item_id`,`item_name`,`category`) VALUES (16,'Ground Mat','Shelter');
INSERT INTO `donation_items_catalog` (`item_id`,`item_name`,`category`) VALUES (17,'First Aid Kit','Medicine');
INSERT INTO `donation_items_catalog` (`item_id`,`item_name`,`category`) VALUES (18,'Oral Rehydration Salts','Medicine');
INSERT INTO `donation_items_catalog` (`item_id`,`item_name`,`category`) VALUES (19,'Paracetamol Tablets','Medicine');
INSERT INTO `donation_items_catalog` (`item_id`,`item_name`,`category`) VALUES (20,'Bandages','Medicine');
INSERT INTO `donation_items_catalog` (`item_id`,`item_name`,`category`) VALUES (21,'Antiseptic Solution','Medicine');
INSERT INTO `donation_items_catalog` (`item_id`,`item_name`,`category`) VALUES (22,'Cough Syrup','Medicine');

-- ============ USERS ============

INSERT INTO `users` (`user_id`,`username`,`password_hash`,`email`,`role`,`active`) VALUES (1,'dmc_admin','$2y$10$iiFpvIL1hfaNBYMBhqKCYuge5zWIk4DisB4TvHrBlzmuo5fjfaKY6','dmc@resqnet.local','dmc',1);

-- GN Officers (1 per GN division)
INSERT INTO `users` (`user_id`,`username`,`password_hash`,`email`,`role`,`active`) VALUES (2,'gn_colombo','$2y$10$iiFpvIL1hfaNBYMBhqKCYuge5zWIk4DisB4TvHrBlzmuo5fjfaKY6','gn.colombo@resqnet.local','grama_niladhari',1);
INSERT INTO `grama_niladhari` (`user_id`,`name`,`contact_number`,`address`,`gn_division`,`service_number`,`gn_division_number`) VALUES (2,'Amila Wickramasinghe','0720021943','GN Office, Colombo','Colombo','GN-S-0001','GN-D-001');
INSERT INTO `users` (`user_id`,`username`,`password_hash`,`email`,`role`,`active`) VALUES (3,'gn_kolonnawa','$2y$10$iiFpvIL1hfaNBYMBhqKCYuge5zWIk4DisB4TvHrBlzmuo5fjfaKY6','gn.kolonnawa@resqnet.local','grama_niladhari',1);
INSERT INTO `grama_niladhari` (`user_id`,`name`,`contact_number`,`address`,`gn_division`,`service_number`,`gn_division_number`) VALUES (3,'Pradeep Silva','0711091791','GN Office, Kolonnawa','Kolonnawa','GN-S-0002','GN-D-002');
INSERT INTO `users` (`user_id`,`username`,`password_hash`,`email`,`role`,`active`) VALUES (4,'gn_nagalagam_street','$2y$10$iiFpvIL1hfaNBYMBhqKCYuge5zWIk4DisB4TvHrBlzmuo5fjfaKY6','gn.nagalagam_street@resqnet.local','grama_niladhari',1);
INSERT INTO `grama_niladhari` (`user_id`,`name`,`contact_number`,`address`,`gn_division`,`service_number`,`gn_division_number`) VALUES (4,'Nimal Gunasekara','0799179540','GN Office, Nagalagam Street','Nagalagam Street','GN-S-0003','GN-D-003');
INSERT INTO `users` (`user_id`,`username`,`password_hash`,`email`,`role`,`active`) VALUES (5,'gn_kaduwela','$2y$10$iiFpvIL1hfaNBYMBhqKCYuge5zWIk4DisB4TvHrBlzmuo5fjfaKY6','gn.kaduwela@resqnet.local','grama_niladhari',1);
INSERT INTO `grama_niladhari` (`user_id`,`name`,`contact_number`,`address`,`gn_division`,`service_number`,`gn_division_number`) VALUES (5,'Dasun Dissanayake','0729449518','GN Office, Kaduwela','Kaduwela','GN-S-0004','GN-D-004');
INSERT INTO `users` (`user_id`,`username`,`password_hash`,`email`,`role`,`active`) VALUES (6,'gn_homagama','$2y$10$iiFpvIL1hfaNBYMBhqKCYuge5zWIk4DisB4TvHrBlzmuo5fjfaKY6','gn.homagama@resqnet.local','grama_niladhari',1);
INSERT INTO `grama_niladhari` (`user_id`,`name`,`contact_number`,`address`,`gn_division`,`service_number`,`gn_division_number`) VALUES (6,'Ranjith Liyanage','0755159907','GN Office, Homagama','Homagama','GN-S-0005','GN-D-005');
INSERT INTO `users` (`user_id`,`username`,`password_hash`,`email`,`role`,`active`) VALUES (7,'gn_hanwella_seethawaka_','$2y$10$iiFpvIL1hfaNBYMBhqKCYuge5zWIk4DisB4TvHrBlzmuo5fjfaKY6','gn.hanwella_seethawaka_@resqnet.local','grama_niladhari',1);
INSERT INTO `grama_niladhari` (`user_id`,`name`,`contact_number`,`address`,`gn_division`,`service_number`,`gn_division_number`) VALUES (7,'Pradeep Senanayake','0792772826','GN Office, Hanwella (Seethawaka)','Hanwella (Seethawaka)','GN-S-0006','GN-D-006');
INSERT INTO `users` (`user_id`,`username`,`password_hash`,`email`,`role`,`active`) VALUES (8,'gn_hanwella','$2y$10$iiFpvIL1hfaNBYMBhqKCYuge5zWIk4DisB4TvHrBlzmuo5fjfaKY6','gn.hanwella@resqnet.local','grama_niladhari',1);
INSERT INTO `grama_niladhari` (`user_id`,`name`,`contact_number`,`address`,`gn_division`,`service_number`,`gn_division_number`) VALUES (8,'Amila Karunaratne','0754716440','GN Office, Hanwella','Hanwella','GN-S-0007','GN-D-007');
INSERT INTO `users` (`user_id`,`username`,`password_hash`,`email`,`role`,`active`) VALUES (9,'gn_padukka','$2y$10$iiFpvIL1hfaNBYMBhqKCYuge5zWIk4DisB4TvHrBlzmuo5fjfaKY6','gn.padukka@resqnet.local','grama_niladhari',1);
INSERT INTO `grama_niladhari` (`user_id`,`name`,`contact_number`,`address`,`gn_division`,`service_number`,`gn_division_number`) VALUES (9,'Sahan Perera','0723205401','GN Office, Padukka','Padukka','GN-S-0008','GN-D-008');
INSERT INTO `users` (`user_id`,`username`,`password_hash`,`email`,`role`,`active`) VALUES (10,'gn_maharagama','$2y$10$iiFpvIL1hfaNBYMBhqKCYuge5zWIk4DisB4TvHrBlzmuo5fjfaKY6','gn.maharagama@resqnet.local','grama_niladhari',1);
INSERT INTO `grama_niladhari` (`user_id`,`name`,`contact_number`,`address`,`gn_division`,`service_number`,`gn_division_number`) VALUES (10,'Pradeep Fernando','0779226563','GN Office, Maharagama','Maharagama','GN-S-0009','GN-D-009');
INSERT INTO `users` (`user_id`,`username`,`password_hash`,`email`,`role`,`active`) VALUES (11,'gn_sri_jayawardenepura_kotte','$2y$10$iiFpvIL1hfaNBYMBhqKCYuge5zWIk4DisB4TvHrBlzmuo5fjfaKY6','gn.sri_jayawardenepura_kotte@resqnet.local','grama_niladhari',1);
INSERT INTO `grama_niladhari` (`user_id`,`name`,`contact_number`,`address`,`gn_division`,`service_number`,`gn_division_number`) VALUES (11,'Dasun Gunasekara','0717754463','GN Office, Sri Jayawardenepura Kotte','Sri Jayawardenepura Kotte','GN-S-0010','GN-D-010');
INSERT INTO `users` (`user_id`,`username`,`password_hash`,`email`,`role`,`active`) VALUES (12,'gn_thimbirigasyaya','$2y$10$iiFpvIL1hfaNBYMBhqKCYuge5zWIk4DisB4TvHrBlzmuo5fjfaKY6','gn.thimbirigasyaya@resqnet.local','grama_niladhari',1);
INSERT INTO `grama_niladhari` (`user_id`,`name`,`contact_number`,`address`,`gn_division`,`service_number`,`gn_division_number`) VALUES (12,'Tharaka Jayawardena','0784129526','GN Office, Thimbirigasyaya','Thimbirigasyaya','GN-S-0011','GN-D-011');
INSERT INTO `users` (`user_id`,`username`,`password_hash`,`email`,`role`,`active`) VALUES (13,'gn_dehiwala','$2y$10$iiFpvIL1hfaNBYMBhqKCYuge5zWIk4DisB4TvHrBlzmuo5fjfaKY6','gn.dehiwala@resqnet.local','grama_niladhari',1);
INSERT INTO `grama_niladhari` (`user_id`,`name`,`contact_number`,`address`,`gn_division`,`service_number`,`gn_division_number`) VALUES (13,'Sahan Wickramasinghe','0737276403','GN Office, Dehiwala','Dehiwala','GN-S-0012','GN-D-012');
INSERT INTO `users` (`user_id`,`username`,`password_hash`,`email`,`role`,`active`) VALUES (14,'gn_ratmalana','$2y$10$iiFpvIL1hfaNBYMBhqKCYuge5zWIk4DisB4TvHrBlzmuo5fjfaKY6','gn.ratmalana@resqnet.local','grama_niladhari',1);
INSERT INTO `grama_niladhari` (`user_id`,`name`,`contact_number`,`address`,`gn_division`,`service_number`,`gn_division_number`) VALUES (14,'Ranjith Gunasekara','0787202121','GN Office, Ratmalana','Ratmalana','GN-S-0013','GN-D-013');
INSERT INTO `users` (`user_id`,`username`,`password_hash`,`email`,`role`,`active`) VALUES (15,'gn_moratuwa','$2y$10$iiFpvIL1hfaNBYMBhqKCYuge5zWIk4DisB4TvHrBlzmuo5fjfaKY6','gn.moratuwa@resqnet.local','grama_niladhari',1);
INSERT INTO `grama_niladhari` (`user_id`,`name`,`contact_number`,`address`,`gn_division`,`service_number`,`gn_division_number`) VALUES (15,'Lahiru Pathirana','0789220759','GN Office, Moratuwa','Moratuwa','GN-S-0014','GN-D-014');
INSERT INTO `users` (`user_id`,`username`,`password_hash`,`email`,`role`,`active`) VALUES (16,'gn_kesbewa','$2y$10$iiFpvIL1hfaNBYMBhqKCYuge5zWIk4DisB4TvHrBlzmuo5fjfaKY6','gn.kesbewa@resqnet.local','grama_niladhari',1);
INSERT INTO `grama_niladhari` (`user_id`,`name`,`contact_number`,`address`,`gn_division`,`service_number`,`gn_division_number`) VALUES (16,'Chathura Samarasinghe','0744661020','GN Office, Kesbewa','Kesbewa','GN-S-0015','GN-D-015');
INSERT INTO `users` (`user_id`,`username`,`password_hash`,`email`,`role`,`active`) VALUES (17,'gn_negombo','$2y$10$iiFpvIL1hfaNBYMBhqKCYuge5zWIk4DisB4TvHrBlzmuo5fjfaKY6','gn.negombo@resqnet.local','grama_niladhari',1);
INSERT INTO `grama_niladhari` (`user_id`,`name`,`contact_number`,`address`,`gn_division`,`service_number`,`gn_division_number`) VALUES (17,'Tharaka Dissanayake','0758816525','GN Office, Negombo','Negombo','GN-S-0016','GN-D-016');
INSERT INTO `users` (`user_id`,`username`,`password_hash`,`email`,`role`,`active`) VALUES (18,'gn_katana','$2y$10$iiFpvIL1hfaNBYMBhqKCYuge5zWIk4DisB4TvHrBlzmuo5fjfaKY6','gn.katana@resqnet.local','grama_niladhari',1);
INSERT INTO `grama_niladhari` (`user_id`,`name`,`contact_number`,`address`,`gn_division`,`service_number`,`gn_division_number`) VALUES (18,'Chaminda Herath','0723902249','GN Office, Katana','Katana','GN-S-0017','GN-D-017');
INSERT INTO `users` (`user_id`,`username`,`password_hash`,`email`,`role`,`active`) VALUES (19,'gn_divulapitiya','$2y$10$iiFpvIL1hfaNBYMBhqKCYuge5zWIk4DisB4TvHrBlzmuo5fjfaKY6','gn.divulapitiya@resqnet.local','grama_niladhari',1);
INSERT INTO `grama_niladhari` (`user_id`,`name`,`contact_number`,`address`,`gn_division`,`service_number`,`gn_division_number`) VALUES (19,'Roshan Mendis','0711145152','GN Office, Divulapitiya','Divulapitiya','GN-S-0018','GN-D-018');
INSERT INTO `users` (`user_id`,`username`,`password_hash`,`email`,`role`,`active`) VALUES (20,'gn_mirigama','$2y$10$iiFpvIL1hfaNBYMBhqKCYuge5zWIk4DisB4TvHrBlzmuo5fjfaKY6','gn.mirigama@resqnet.local','grama_niladhari',1);
INSERT INTO `grama_niladhari` (`user_id`,`name`,`contact_number`,`address`,`gn_division`,`service_number`,`gn_division_number`) VALUES (20,'Sahan Cooray','0761354369','GN Office, Mirigama','Mirigama','GN-S-0019','GN-D-019');
INSERT INTO `users` (`user_id`,`username`,`password_hash`,`email`,`role`,`active`) VALUES (21,'gn_minuwangoda','$2y$10$iiFpvIL1hfaNBYMBhqKCYuge5zWIk4DisB4TvHrBlzmuo5fjfaKY6','gn.minuwangoda@resqnet.local','grama_niladhari',1);
INSERT INTO `grama_niladhari` (`user_id`,`name`,`contact_number`,`address`,`gn_division`,`service_number`,`gn_division_number`) VALUES (21,'Tharaka Gunasekara','0733424622','GN Office, Minuwangoda','Minuwangoda','GN-S-0020','GN-D-020');
INSERT INTO `users` (`user_id`,`username`,`password_hash`,`email`,`role`,`active`) VALUES (22,'gn_wattala','$2y$10$iiFpvIL1hfaNBYMBhqKCYuge5zWIk4DisB4TvHrBlzmuo5fjfaKY6','gn.wattala@resqnet.local','grama_niladhari',1);
INSERT INTO `grama_niladhari` (`user_id`,`name`,`contact_number`,`address`,`gn_division`,`service_number`,`gn_division_number`) VALUES (22,'Nuwan Weerasinghe','0746651635','GN Office, Wattala','Wattala','GN-S-0021','GN-D-021');
INSERT INTO `users` (`user_id`,`username`,`password_hash`,`email`,`role`,`active`) VALUES (23,'gn_ja_ela','$2y$10$iiFpvIL1hfaNBYMBhqKCYuge5zWIk4DisB4TvHrBlzmuo5fjfaKY6','gn.ja_ela@resqnet.local','grama_niladhari',1);
INSERT INTO `grama_niladhari` (`user_id`,`name`,`contact_number`,`address`,`gn_division`,`service_number`,`gn_division_number`) VALUES (23,'Chathura Jayawardena','0797250007','GN Office, Ja-Ela','Ja-Ela','GN-S-0022','GN-D-022');
INSERT INTO `users` (`user_id`,`username`,`password_hash`,`email`,`role`,`active`) VALUES (24,'gn_gampaha','$2y$10$iiFpvIL1hfaNBYMBhqKCYuge5zWIk4DisB4TvHrBlzmuo5fjfaKY6','gn.gampaha@resqnet.local','grama_niladhari',1);
INSERT INTO `grama_niladhari` (`user_id`,`name`,`contact_number`,`address`,`gn_division`,`service_number`,`gn_division_number`) VALUES (24,'Nimal Karunaratne','0775896867','GN Office, Gampaha','Gampaha','GN-S-0023','GN-D-023');
INSERT INTO `users` (`user_id`,`username`,`password_hash`,`email`,`role`,`active`) VALUES (25,'gn_attanagalla','$2y$10$iiFpvIL1hfaNBYMBhqKCYuge5zWIk4DisB4TvHrBlzmuo5fjfaKY6','gn.attanagalla@resqnet.local','grama_niladhari',1);
INSERT INTO `grama_niladhari` (`user_id`,`name`,`contact_number`,`address`,`gn_division`,`service_number`,`gn_division_number`) VALUES (25,'Tharaka Fernando','0740610664','GN Office, Attanagalla','Attanagalla','GN-S-0024','GN-D-024');
INSERT INTO `users` (`user_id`,`username`,`password_hash`,`email`,`role`,`active`) VALUES (26,'gn_dompe','$2y$10$iiFpvIL1hfaNBYMBhqKCYuge5zWIk4DisB4TvHrBlzmuo5fjfaKY6','gn.dompe@resqnet.local','grama_niladhari',1);
INSERT INTO `grama_niladhari` (`user_id`,`name`,`contact_number`,`address`,`gn_division`,`service_number`,`gn_division_number`) VALUES (26,'Ashan Wijesinghe','0770614034','GN Office, Dompe','Dompe','GN-S-0025','GN-D-025');
INSERT INTO `users` (`user_id`,`username`,`password_hash`,`email`,`role`,`active`) VALUES (27,'gn_mahara','$2y$10$iiFpvIL1hfaNBYMBhqKCYuge5zWIk4DisB4TvHrBlzmuo5fjfaKY6','gn.mahara@resqnet.local','grama_niladhari',1);
INSERT INTO `grama_niladhari` (`user_id`,`name`,`contact_number`,`address`,`gn_division`,`service_number`,`gn_division_number`) VALUES (27,'Nuwan Liyanage','0726829869','GN Office, Mahara','Mahara','GN-S-0026','GN-D-026');
INSERT INTO `users` (`user_id`,`username`,`password_hash`,`email`,`role`,`active`) VALUES (28,'gn_kelaniya','$2y$10$iiFpvIL1hfaNBYMBhqKCYuge5zWIk4DisB4TvHrBlzmuo5fjfaKY6','gn.kelaniya@resqnet.local','grama_niladhari',1);
INSERT INTO `grama_niladhari` (`user_id`,`name`,`contact_number`,`address`,`gn_division`,`service_number`,`gn_division_number`) VALUES (28,'Sahan Herath','0776863028','GN Office, Kelaniya','Kelaniya','GN-S-0027','GN-D-027');
INSERT INTO `users` (`user_id`,`username`,`password_hash`,`email`,`role`,`active`) VALUES (29,'gn_biyagama','$2y$10$iiFpvIL1hfaNBYMBhqKCYuge5zWIk4DisB4TvHrBlzmuo5fjfaKY6','gn.biyagama@resqnet.local','grama_niladhari',1);
INSERT INTO `grama_niladhari` (`user_id`,`name`,`contact_number`,`address`,`gn_division`,`service_number`,`gn_division_number`) VALUES (29,'Dasun Liyanage','0768985307','GN Office, Biyagama','Biyagama','GN-S-0028','GN-D-028');
INSERT INTO `users` (`user_id`,`username`,`password_hash`,`email`,`role`,`active`) VALUES (30,'gn_avissawella','$2y$10$iiFpvIL1hfaNBYMBhqKCYuge5zWIk4DisB4TvHrBlzmuo5fjfaKY6','gn.avissawella@resqnet.local','grama_niladhari',1);
INSERT INTO `grama_niladhari` (`user_id`,`name`,`contact_number`,`address`,`gn_division`,`service_number`,`gn_division_number`) VALUES (30,'Nimal Silva','0710599360','GN Office, Avissawella','Avissawella','GN-S-0029','GN-D-029');
INSERT INTO `users` (`user_id`,`username`,`password_hash`,`email`,`role`,`active`) VALUES (31,'gn_glencourse','$2y$10$iiFpvIL1hfaNBYMBhqKCYuge5zWIk4DisB4TvHrBlzmuo5fjfaKY6','gn.glencourse@resqnet.local','grama_niladhari',1);
INSERT INTO `grama_niladhari` (`user_id`,`name`,`contact_number`,`address`,`gn_division`,`service_number`,`gn_division_number`) VALUES (31,'Tharaka Samarasinghe','0735078835','GN Office, Glencourse','Glencourse','GN-S-0030','GN-D-030');
INSERT INTO `users` (`user_id`,`username`,`password_hash`,`email`,`role`,`active`) VALUES (32,'gn_panadura','$2y$10$iiFpvIL1hfaNBYMBhqKCYuge5zWIk4DisB4TvHrBlzmuo5fjfaKY6','gn.panadura@resqnet.local','grama_niladhari',1);
INSERT INTO `grama_niladhari` (`user_id`,`name`,`contact_number`,`address`,`gn_division`,`service_number`,`gn_division_number`) VALUES (32,'Ishan Cooray','0750339905','GN Office, Panadura','Panadura','GN-S-0031','GN-D-031');
INSERT INTO `users` (`user_id`,`username`,`password_hash`,`email`,`role`,`active`) VALUES (33,'gn_bandaragama','$2y$10$iiFpvIL1hfaNBYMBhqKCYuge5zWIk4DisB4TvHrBlzmuo5fjfaKY6','gn.bandaragama@resqnet.local','grama_niladhari',1);
INSERT INTO `grama_niladhari` (`user_id`,`name`,`contact_number`,`address`,`gn_division`,`service_number`,`gn_division_number`) VALUES (33,'Sahan Rathnayake','0715872626','GN Office, Bandaragama','Bandaragama','GN-S-0032','GN-D-032');
INSERT INTO `users` (`user_id`,`username`,`password_hash`,`email`,`role`,`active`) VALUES (34,'gn_horana','$2y$10$iiFpvIL1hfaNBYMBhqKCYuge5zWIk4DisB4TvHrBlzmuo5fjfaKY6','gn.horana@resqnet.local','grama_niladhari',1);
INSERT INTO `grama_niladhari` (`user_id`,`name`,`contact_number`,`address`,`gn_division`,`service_number`,`gn_division_number`) VALUES (34,'Dasun Bandara','0791604994','GN Office, Horana','Horana','GN-S-0033','GN-D-033');
INSERT INTO `users` (`user_id`,`username`,`password_hash`,`email`,`role`,`active`) VALUES (35,'gn_ingiriya','$2y$10$iiFpvIL1hfaNBYMBhqKCYuge5zWIk4DisB4TvHrBlzmuo5fjfaKY6','gn.ingiriya@resqnet.local','grama_niladhari',1);
INSERT INTO `grama_niladhari` (`user_id`,`name`,`contact_number`,`address`,`gn_division`,`service_number`,`gn_division_number`) VALUES (35,'Pradeep Perera','0784293959','GN Office, Ingiriya','Ingiriya','GN-S-0034','GN-D-034');
INSERT INTO `users` (`user_id`,`username`,`password_hash`,`email`,`role`,`active`) VALUES (36,'gn_bulathsinhala','$2y$10$iiFpvIL1hfaNBYMBhqKCYuge5zWIk4DisB4TvHrBlzmuo5fjfaKY6','gn.bulathsinhala@resqnet.local','grama_niladhari',1);
INSERT INTO `grama_niladhari` (`user_id`,`name`,`contact_number`,`address`,`gn_division`,`service_number`,`gn_division_number`) VALUES (36,'Roshan Perera','0729987259','GN Office, Bulathsinhala','Bulathsinhala','GN-S-0035','GN-D-035');
INSERT INTO `users` (`user_id`,`username`,`password_hash`,`email`,`role`,`active`) VALUES (37,'gn_madurawala','$2y$10$iiFpvIL1hfaNBYMBhqKCYuge5zWIk4DisB4TvHrBlzmuo5fjfaKY6','gn.madurawala@resqnet.local','grama_niladhari',1);
INSERT INTO `grama_niladhari` (`user_id`,`name`,`contact_number`,`address`,`gn_division`,`service_number`,`gn_division_number`) VALUES (37,'Malith Bandara','0738888661','GN Office, Madurawala','Madurawala','GN-S-0036','GN-D-036');
INSERT INTO `users` (`user_id`,`username`,`password_hash`,`email`,`role`,`active`) VALUES (38,'gn_millaniya','$2y$10$iiFpvIL1hfaNBYMBhqKCYuge5zWIk4DisB4TvHrBlzmuo5fjfaKY6','gn.millaniya@resqnet.local','grama_niladhari',1);
INSERT INTO `grama_niladhari` (`user_id`,`name`,`contact_number`,`address`,`gn_division`,`service_number`,`gn_division_number`) VALUES (38,'Pradeep Wijesinghe','0751765652','GN Office, Millaniya','Millaniya','GN-S-0037','GN-D-037');
INSERT INTO `users` (`user_id`,`username`,`password_hash`,`email`,`role`,`active`) VALUES (39,'gn_kalutara','$2y$10$iiFpvIL1hfaNBYMBhqKCYuge5zWIk4DisB4TvHrBlzmuo5fjfaKY6','gn.kalutara@resqnet.local','grama_niladhari',1);
INSERT INTO `grama_niladhari` (`user_id`,`name`,`contact_number`,`address`,`gn_division`,`service_number`,`gn_division_number`) VALUES (39,'Ranjith Mendis','0753772806','GN Office, Kalutara','Kalutara','GN-S-0038','GN-D-038');
INSERT INTO `users` (`user_id`,`username`,`password_hash`,`email`,`role`,`active`) VALUES (40,'gn_beruwala','$2y$10$iiFpvIL1hfaNBYMBhqKCYuge5zWIk4DisB4TvHrBlzmuo5fjfaKY6','gn.beruwala@resqnet.local','grama_niladhari',1);
INSERT INTO `grama_niladhari` (`user_id`,`name`,`contact_number`,`address`,`gn_division`,`service_number`,`gn_division_number`) VALUES (40,'Dasun Dissanayake','0733346845','GN Office, Beruwala','Beruwala','GN-S-0039','GN-D-039');
INSERT INTO `users` (`user_id`,`username`,`password_hash`,`email`,`role`,`active`) VALUES (41,'gn_dodangoda','$2y$10$iiFpvIL1hfaNBYMBhqKCYuge5zWIk4DisB4TvHrBlzmuo5fjfaKY6','gn.dodangoda@resqnet.local','grama_niladhari',1);
INSERT INTO `grama_niladhari` (`user_id`,`name`,`contact_number`,`address`,`gn_division`,`service_number`,`gn_division_number`) VALUES (41,'Dinesh Ekanayake','0712063757','GN Office, Dodangoda','Dodangoda','GN-S-0040','GN-D-040');
INSERT INTO `users` (`user_id`,`username`,`password_hash`,`email`,`role`,`active`) VALUES (42,'gn_matugama','$2y$10$iiFpvIL1hfaNBYMBhqKCYuge5zWIk4DisB4TvHrBlzmuo5fjfaKY6','gn.matugama@resqnet.local','grama_niladhari',1);
INSERT INTO `grama_niladhari` (`user_id`,`name`,`contact_number`,`address`,`gn_division`,`service_number`,`gn_division_number`) VALUES (42,'Lahiru Pathirana','0754009546','GN Office, Matugama','Matugama','GN-S-0041','GN-D-041');
INSERT INTO `users` (`user_id`,`username`,`password_hash`,`email`,`role`,`active`) VALUES (43,'gn_agalawatta','$2y$10$iiFpvIL1hfaNBYMBhqKCYuge5zWIk4DisB4TvHrBlzmuo5fjfaKY6','gn.agalawatta@resqnet.local','grama_niladhari',1);
INSERT INTO `grama_niladhari` (`user_id`,`name`,`contact_number`,`address`,`gn_division`,`service_number`,`gn_division_number`) VALUES (43,'Nimal Senanayake','0795449006','GN Office, Agalawatta','Agalawatta','GN-S-0042','GN-D-042');
INSERT INTO `users` (`user_id`,`username`,`password_hash`,`email`,`role`,`active`) VALUES (44,'gn_palindanuwara','$2y$10$iiFpvIL1hfaNBYMBhqKCYuge5zWIk4DisB4TvHrBlzmuo5fjfaKY6','gn.palindanuwara@resqnet.local','grama_niladhari',1);
INSERT INTO `grama_niladhari` (`user_id`,`name`,`contact_number`,`address`,`gn_division`,`service_number`,`gn_division_number`) VALUES (44,'Pradeep Senanayake','0791989323','GN Office, Palindanuwara','Palindanuwara','GN-S-0043','GN-D-043');
INSERT INTO `users` (`user_id`,`username`,`password_hash`,`email`,`role`,`active`) VALUES (45,'gn_walallavita','$2y$10$iiFpvIL1hfaNBYMBhqKCYuge5zWIk4DisB4TvHrBlzmuo5fjfaKY6','gn.walallavita@resqnet.local','grama_niladhari',1);
INSERT INTO `grama_niladhari` (`user_id`,`name`,`contact_number`,`address`,`gn_division`,`service_number`,`gn_division_number`) VALUES (45,'Lahiru Jayawardena','0715535959','GN Office, Walallavita','Walallavita','GN-S-0044','GN-D-044');
INSERT INTO `users` (`user_id`,`username`,`password_hash`,`email`,`role`,`active`) VALUES (46,'gn_thumpane','$2y$10$iiFpvIL1hfaNBYMBhqKCYuge5zWIk4DisB4TvHrBlzmuo5fjfaKY6','gn.thumpane@resqnet.local','grama_niladhari',1);
INSERT INTO `grama_niladhari` (`user_id`,`name`,`contact_number`,`address`,`gn_division`,`service_number`,`gn_division_number`) VALUES (46,'Roshan Karunaratne','0768529211','GN Office, Thumpane','Thumpane','GN-S-0045','GN-D-045');
INSERT INTO `users` (`user_id`,`username`,`password_hash`,`email`,`role`,`active`) VALUES (47,'gn_pujapitiya','$2y$10$iiFpvIL1hfaNBYMBhqKCYuge5zWIk4DisB4TvHrBlzmuo5fjfaKY6','gn.pujapitiya@resqnet.local','grama_niladhari',1);
INSERT INTO `grama_niladhari` (`user_id`,`name`,`contact_number`,`address`,`gn_division`,`service_number`,`gn_division_number`) VALUES (47,'Sunil Perera','0792239069','GN Office, Pujapitiya','Pujapitiya','GN-S-0046','GN-D-046');
INSERT INTO `users` (`user_id`,`username`,`password_hash`,`email`,`role`,`active`) VALUES (48,'gn_akurana','$2y$10$iiFpvIL1hfaNBYMBhqKCYuge5zWIk4DisB4TvHrBlzmuo5fjfaKY6','gn.akurana@resqnet.local','grama_niladhari',1);
INSERT INTO `grama_niladhari` (`user_id`,`name`,`contact_number`,`address`,`gn_division`,`service_number`,`gn_division_number`) VALUES (48,'Dasun Silva','0795082366','GN Office, Akurana','Akurana','GN-S-0047','GN-D-047');
INSERT INTO `users` (`user_id`,`username`,`password_hash`,`email`,`role`,`active`) VALUES (49,'gn_pathadumbara','$2y$10$iiFpvIL1hfaNBYMBhqKCYuge5zWIk4DisB4TvHrBlzmuo5fjfaKY6','gn.pathadumbara@resqnet.local','grama_niladhari',1);
INSERT INTO `grama_niladhari` (`user_id`,`name`,`contact_number`,`address`,`gn_division`,`service_number`,`gn_division_number`) VALUES (49,'Nimal Senanayake','0768606571','GN Office, Pathadumbara','Pathadumbara','GN-S-0048','GN-D-048');
INSERT INTO `users` (`user_id`,`username`,`password_hash`,`email`,`role`,`active`) VALUES (50,'gn_panvila','$2y$10$iiFpvIL1hfaNBYMBhqKCYuge5zWIk4DisB4TvHrBlzmuo5fjfaKY6','gn.panvila@resqnet.local','grama_niladhari',1);
INSERT INTO `grama_niladhari` (`user_id`,`name`,`contact_number`,`address`,`gn_division`,`service_number`,`gn_division_number`) VALUES (50,'Kasun Pathirana','0710974947','GN Office, Panvila','Panvila','GN-S-0049','GN-D-049');
INSERT INTO `users` (`user_id`,`username`,`password_hash`,`email`,`role`,`active`) VALUES (51,'gn_ududumbara','$2y$10$iiFpvIL1hfaNBYMBhqKCYuge5zWIk4DisB4TvHrBlzmuo5fjfaKY6','gn.ududumbara@resqnet.local','grama_niladhari',1);
INSERT INTO `grama_niladhari` (`user_id`,`name`,`contact_number`,`address`,`gn_division`,`service_number`,`gn_division_number`) VALUES (51,'Dinesh Rathnayake','0733758717','GN Office, Ududumbara','Ududumbara','GN-S-0050','GN-D-050');
INSERT INTO `users` (`user_id`,`username`,`password_hash`,`email`,`role`,`active`) VALUES (52,'gn_minipe','$2y$10$iiFpvIL1hfaNBYMBhqKCYuge5zWIk4DisB4TvHrBlzmuo5fjfaKY6','gn.minipe@resqnet.local','grama_niladhari',1);
INSERT INTO `grama_niladhari` (`user_id`,`name`,`contact_number`,`address`,`gn_division`,`service_number`,`gn_division_number`) VALUES (52,'Amila Wijesinghe','0760138889','GN Office, Minipe','Minipe','GN-S-0051','GN-D-051');
INSERT INTO `users` (`user_id`,`username`,`password_hash`,`email`,`role`,`active`) VALUES (53,'gn_medadumbara','$2y$10$iiFpvIL1hfaNBYMBhqKCYuge5zWIk4DisB4TvHrBlzmuo5fjfaKY6','gn.medadumbara@resqnet.local','grama_niladhari',1);
INSERT INTO `grama_niladhari` (`user_id`,`name`,`contact_number`,`address`,`gn_division`,`service_number`,`gn_division_number`) VALUES (53,'Kasun Silva','0773874469','GN Office, Medadumbara','Medadumbara','GN-S-0052','GN-D-052');
INSERT INTO `users` (`user_id`,`username`,`password_hash`,`email`,`role`,`active`) VALUES (54,'gn_kundasale','$2y$10$iiFpvIL1hfaNBYMBhqKCYuge5zWIk4DisB4TvHrBlzmuo5fjfaKY6','gn.kundasale@resqnet.local','grama_niladhari',1);
INSERT INTO `grama_niladhari` (`user_id`,`name`,`contact_number`,`address`,`gn_division`,`service_number`,`gn_division_number`) VALUES (54,'Sampath Ekanayake','0767743707','GN Office, Kundasale','Kundasale','GN-S-0053','GN-D-053');
INSERT INTO `users` (`user_id`,`username`,`password_hash`,`email`,`role`,`active`) VALUES (55,'gn_kandy_four_gravets','$2y$10$iiFpvIL1hfaNBYMBhqKCYuge5zWIk4DisB4TvHrBlzmuo5fjfaKY6','gn.kandy_four_gravets@resqnet.local','grama_niladhari',1);
INSERT INTO `grama_niladhari` (`user_id`,`name`,`contact_number`,`address`,`gn_division`,`service_number`,`gn_division_number`) VALUES (55,'Tharaka Senanayake','0790211315','GN Office, Kandy Four Gravets','Kandy Four Gravets','GN-S-0054','GN-D-054');
INSERT INTO `users` (`user_id`,`username`,`password_hash`,`email`,`role`,`active`) VALUES (56,'gn_gangawata_korale','$2y$10$iiFpvIL1hfaNBYMBhqKCYuge5zWIk4DisB4TvHrBlzmuo5fjfaKY6','gn.gangawata_korale@resqnet.local','grama_niladhari',1);
INSERT INTO `grama_niladhari` (`user_id`,`name`,`contact_number`,`address`,`gn_division`,`service_number`,`gn_division_number`) VALUES (56,'Tharaka Bandara','0716302412','GN Office, Gangawata Korale','Gangawata Korale','GN-S-0055','GN-D-055');
INSERT INTO `users` (`user_id`,`username`,`password_hash`,`email`,`role`,`active`) VALUES (57,'gn_yatinuwara','$2y$10$iiFpvIL1hfaNBYMBhqKCYuge5zWIk4DisB4TvHrBlzmuo5fjfaKY6','gn.yatinuwara@resqnet.local','grama_niladhari',1);
INSERT INTO `grama_niladhari` (`user_id`,`name`,`contact_number`,`address`,`gn_division`,`service_number`,`gn_division_number`) VALUES (57,'Lahiru Dissanayake','0717639215','GN Office, Yatinuwara','Yatinuwara','GN-S-0056','GN-D-056');
INSERT INTO `users` (`user_id`,`username`,`password_hash`,`email`,`role`,`active`) VALUES (58,'gn_udunuwara','$2y$10$iiFpvIL1hfaNBYMBhqKCYuge5zWIk4DisB4TvHrBlzmuo5fjfaKY6','gn.udunuwara@resqnet.local','grama_niladhari',1);
INSERT INTO `grama_niladhari` (`user_id`,`name`,`contact_number`,`address`,`gn_division`,`service_number`,`gn_division_number`) VALUES (58,'Lahiru Liyanage','0734677517','GN Office, Udunuwara','Udunuwara','GN-S-0057','GN-D-057');
INSERT INTO `users` (`user_id`,`username`,`password_hash`,`email`,`role`,`active`) VALUES (59,'gn_doluwa','$2y$10$iiFpvIL1hfaNBYMBhqKCYuge5zWIk4DisB4TvHrBlzmuo5fjfaKY6','gn.doluwa@resqnet.local','grama_niladhari',1);
INSERT INTO `grama_niladhari` (`user_id`,`name`,`contact_number`,`address`,`gn_division`,`service_number`,`gn_division_number`) VALUES (59,'Pradeep Jayawardena','0782050691','GN Office, Doluwa','Doluwa','GN-S-0058','GN-D-058');
INSERT INTO `users` (`user_id`,`username`,`password_hash`,`email`,`role`,`active`) VALUES (60,'gn_pathahewaheta','$2y$10$iiFpvIL1hfaNBYMBhqKCYuge5zWIk4DisB4TvHrBlzmuo5fjfaKY6','gn.pathahewaheta@resqnet.local','grama_niladhari',1);
INSERT INTO `grama_niladhari` (`user_id`,`name`,`contact_number`,`address`,`gn_division`,`service_number`,`gn_division_number`) VALUES (60,'Lahiru Dissanayake','0765475440','GN Office, Pathahewaheta','Pathahewaheta','GN-S-0059','GN-D-059');
INSERT INTO `users` (`user_id`,`username`,`password_hash`,`email`,`role`,`active`) VALUES (61,'gn_delthota','$2y$10$iiFpvIL1hfaNBYMBhqKCYuge5zWIk4DisB4TvHrBlzmuo5fjfaKY6','gn.delthota@resqnet.local','grama_niladhari',1);
INSERT INTO `grama_niladhari` (`user_id`,`name`,`contact_number`,`address`,`gn_division`,`service_number`,`gn_division_number`) VALUES (61,'Sampath Mendis','0795657486','GN Office, Delthota','Delthota','GN-S-0060','GN-D-060');
INSERT INTO `users` (`user_id`,`username`,`password_hash`,`email`,`role`,`active`) VALUES (62,'gn_udapalatha','$2y$10$iiFpvIL1hfaNBYMBhqKCYuge5zWIk4DisB4TvHrBlzmuo5fjfaKY6','gn.udapalatha@resqnet.local','grama_niladhari',1);
INSERT INTO `grama_niladhari` (`user_id`,`name`,`contact_number`,`address`,`gn_division`,`service_number`,`gn_division_number`) VALUES (62,'Lahiru Liyanage','0792953898','GN Office, Udapalatha','Udapalatha','GN-S-0061','GN-D-061');
INSERT INTO `users` (`user_id`,`username`,`password_hash`,`email`,`role`,`active`) VALUES (63,'gn_ganga_ihala_korale','$2y$10$iiFpvIL1hfaNBYMBhqKCYuge5zWIk4DisB4TvHrBlzmuo5fjfaKY6','gn.ganga_ihala_korale@resqnet.local','grama_niladhari',1);
INSERT INTO `grama_niladhari` (`user_id`,`name`,`contact_number`,`address`,`gn_division`,`service_number`,`gn_division_number`) VALUES (63,'Kasun Wickramasinghe','0739832786','GN Office, Ganga Ihala Korale','Ganga Ihala Korale','GN-S-0062','GN-D-062');
INSERT INTO `users` (`user_id`,`username`,`password_hash`,`email`,`role`,`active`) VALUES (64,'gn_pasbage_korale','$2y$10$iiFpvIL1hfaNBYMBhqKCYuge5zWIk4DisB4TvHrBlzmuo5fjfaKY6','gn.pasbage_korale@resqnet.local','grama_niladhari',1);
INSERT INTO `grama_niladhari` (`user_id`,`name`,`contact_number`,`address`,`gn_division`,`service_number`,`gn_division_number`) VALUES (64,'Ranjith Wickramasinghe','0786500293','GN Office, Pasbage Korale','Pasbage Korale','GN-S-0063','GN-D-063');
INSERT INTO `users` (`user_id`,`username`,`password_hash`,`email`,`role`,`active`) VALUES (65,'gn_hatharaliyadda','$2y$10$iiFpvIL1hfaNBYMBhqKCYuge5zWIk4DisB4TvHrBlzmuo5fjfaKY6','gn.hatharaliyadda@resqnet.local','grama_niladhari',1);
INSERT INTO `grama_niladhari` (`user_id`,`name`,`contact_number`,`address`,`gn_division`,`service_number`,`gn_division_number`) VALUES (65,'Sahan Karunaratne','0750810215','GN Office, Hatharaliyadda','Hatharaliyadda','GN-S-0064','GN-D-064');
INSERT INTO `users` (`user_id`,`username`,`password_hash`,`email`,`role`,`active`) VALUES (66,'gn_nawalapitiya','$2y$10$iiFpvIL1hfaNBYMBhqKCYuge5zWIk4DisB4TvHrBlzmuo5fjfaKY6','gn.nawalapitiya@resqnet.local','grama_niladhari',1);
INSERT INTO `grama_niladhari` (`user_id`,`name`,`contact_number`,`address`,`gn_division`,`service_number`,`gn_division_number`) VALUES (66,'Lahiru Senanayake','0759637400','GN Office, Nawalapitiya','Nawalapitiya','GN-S-0065','GN-D-065');
INSERT INTO `users` (`user_id`,`username`,`password_hash`,`email`,`role`,`active`) VALUES (67,'gn_peradeniya','$2y$10$iiFpvIL1hfaNBYMBhqKCYuge5zWIk4DisB4TvHrBlzmuo5fjfaKY6','gn.peradeniya@resqnet.local','grama_niladhari',1);
INSERT INTO `grama_niladhari` (`user_id`,`name`,`contact_number`,`address`,`gn_division`,`service_number`,`gn_division_number`) VALUES (67,'Roshan Mendis','0778289896','GN Office, Peradeniya','Peradeniya','GN-S-0066','GN-D-066');
INSERT INTO `users` (`user_id`,`username`,`password_hash`,`email`,`role`,`active`) VALUES (68,'gn_weraganthota','$2y$10$iiFpvIL1hfaNBYMBhqKCYuge5zWIk4DisB4TvHrBlzmuo5fjfaKY6','gn.weraganthota@resqnet.local','grama_niladhari',1);
INSERT INTO `grama_niladhari` (`user_id`,`name`,`contact_number`,`address`,`gn_division`,`service_number`,`gn_division_number`) VALUES (68,'Nuwan Herath','0798412011','GN Office, Weraganthota','Weraganthota','GN-S-0067','GN-D-067');
INSERT INTO `users` (`user_id`,`username`,`password_hash`,`email`,`role`,`active`) VALUES (69,'gn_deraniyagala','$2y$10$iiFpvIL1hfaNBYMBhqKCYuge5zWIk4DisB4TvHrBlzmuo5fjfaKY6','gn.deraniyagala@resqnet.local','grama_niladhari',1);
INSERT INTO `grama_niladhari` (`user_id`,`name`,`contact_number`,`address`,`gn_division`,`service_number`,`gn_division_number`) VALUES (69,'Ranjith Wijesinghe','0711957489','GN Office, Deraniyagala','Deraniyagala','GN-S-0068','GN-D-068');
INSERT INTO `users` (`user_id`,`username`,`password_hash`,`email`,`role`,`active`) VALUES (70,'gn_holombuwa','$2y$10$iiFpvIL1hfaNBYMBhqKCYuge5zWIk4DisB4TvHrBlzmuo5fjfaKY6','gn.holombuwa@resqnet.local','grama_niladhari',1);
INSERT INTO `grama_niladhari` (`user_id`,`name`,`contact_number`,`address`,`gn_division`,`service_number`,`gn_division_number`) VALUES (70,'Ashan Perera','0784942116','GN Office, Holombuwa','Holombuwa','GN-S-0069','GN-D-069');
INSERT INTO `users` (`user_id`,`username`,`password_hash`,`email`,`role`,`active`) VALUES (71,'gn_kithulgala','$2y$10$iiFpvIL1hfaNBYMBhqKCYuge5zWIk4DisB4TvHrBlzmuo5fjfaKY6','gn.kithulgala@resqnet.local','grama_niladhari',1);
INSERT INTO `grama_niladhari` (`user_id`,`name`,`contact_number`,`address`,`gn_division`,`service_number`,`gn_division_number`) VALUES (71,'Roshan Ekanayake','0746070488','GN Office, Kithulgala','Kithulgala','GN-S-0070','GN-D-070');
INSERT INTO `users` (`user_id`,`username`,`password_hash`,`email`,`role`,`active`) VALUES (72,'gn_mawanella','$2y$10$iiFpvIL1hfaNBYMBhqKCYuge5zWIk4DisB4TvHrBlzmuo5fjfaKY6','gn.mawanella@resqnet.local','grama_niladhari',1);
INSERT INTO `grama_niladhari` (`user_id`,`name`,`contact_number`,`address`,`gn_division`,`service_number`,`gn_division_number`) VALUES (72,'Kamal Cooray','0799579815','GN Office, Mawanella','Mawanella','GN-S-0071','GN-D-071');
INSERT INTO `users` (`user_id`,`username`,`password_hash`,`email`,`role`,`active`) VALUES (73,'gn_ruwanwella','$2y$10$iiFpvIL1hfaNBYMBhqKCYuge5zWIk4DisB4TvHrBlzmuo5fjfaKY6','gn.ruwanwella@resqnet.local','grama_niladhari',1);
INSERT INTO `grama_niladhari` (`user_id`,`name`,`contact_number`,`address`,`gn_division`,`service_number`,`gn_division_number`) VALUES (73,'Chaminda Samarasinghe','0791818373','GN Office, Ruwanwella','Ruwanwella','GN-S-0072','GN-D-072');
INSERT INTO `users` (`user_id`,`username`,`password_hash`,`email`,`role`,`active`) VALUES (74,'gn_yatiyanthota','$2y$10$iiFpvIL1hfaNBYMBhqKCYuge5zWIk4DisB4TvHrBlzmuo5fjfaKY6','gn.yatiyanthota@resqnet.local','grama_niladhari',1);
INSERT INTO `grama_niladhari` (`user_id`,`name`,`contact_number`,`address`,`gn_division`,`service_number`,`gn_division_number`) VALUES (74,'Nimal Bandara','0720692392','GN Office, Yatiyanthota','Yatiyanthota','GN-S-0073','GN-D-073');
INSERT INTO `users` (`user_id`,`username`,`password_hash`,`email`,`role`,`active`) VALUES (75,'gn_warakapola','$2y$10$iiFpvIL1hfaNBYMBhqKCYuge5zWIk4DisB4TvHrBlzmuo5fjfaKY6','gn.warakapola@resqnet.local','grama_niladhari',1);
INSERT INTO `grama_niladhari` (`user_id`,`name`,`contact_number`,`address`,`gn_division`,`service_number`,`gn_division_number`) VALUES (75,'Nuwan Perera','0731522353','GN Office, Warakapola','Warakapola','GN-S-0074','GN-D-074');
INSERT INTO `users` (`user_id`,`username`,`password_hash`,`email`,`role`,`active`) VALUES (76,'gn_rathnapura','$2y$10$iiFpvIL1hfaNBYMBhqKCYuge5zWIk4DisB4TvHrBlzmuo5fjfaKY6','gn.rathnapura@resqnet.local','grama_niladhari',1);
INSERT INTO `grama_niladhari` (`user_id`,`name`,`contact_number`,`address`,`gn_division`,`service_number`,`gn_division_number`) VALUES (76,'Nimal Fernando','0760781862','GN Office, Rathnapura','Rathnapura','GN-S-0075','GN-D-075');
INSERT INTO `users` (`user_id`,`username`,`password_hash`,`email`,`role`,`active`) VALUES (77,'gn_ellagawa','$2y$10$iiFpvIL1hfaNBYMBhqKCYuge5zWIk4DisB4TvHrBlzmuo5fjfaKY6','gn.ellagawa@resqnet.local','grama_niladhari',1);
INSERT INTO `grama_niladhari` (`user_id`,`name`,`contact_number`,`address`,`gn_division`,`service_number`,`gn_division_number`) VALUES (77,'Chaminda Gunasekara','0736139413','GN Office, Ellagawa','Ellagawa','GN-S-0076','GN-D-076');
INSERT INTO `users` (`user_id`,`username`,`password_hash`,`email`,`role`,`active`) VALUES (78,'gn_kalawellawa','$2y$10$iiFpvIL1hfaNBYMBhqKCYuge5zWIk4DisB4TvHrBlzmuo5fjfaKY6','gn.kalawellawa@resqnet.local','grama_niladhari',1);
INSERT INTO `grama_niladhari` (`user_id`,`name`,`contact_number`,`address`,`gn_division`,`service_number`,`gn_division_number`) VALUES (78,'Kasun Ekanayake','0762934808','GN Office, Kalawellawa','Kalawellawa','GN-S-0077','GN-D-077');
INSERT INTO `users` (`user_id`,`username`,`password_hash`,`email`,`role`,`active`) VALUES (79,'gn_magura','$2y$10$iiFpvIL1hfaNBYMBhqKCYuge5zWIk4DisB4TvHrBlzmuo5fjfaKY6','gn.magura@resqnet.local','grama_niladhari',1);
INSERT INTO `grama_niladhari` (`user_id`,`name`,`contact_number`,`address`,`gn_division`,`service_number`,`gn_division_number`) VALUES (79,'Ashan Weerasinghe','0775993174','GN Office, Magura','Magura','GN-S-0078','GN-D-078');
INSERT INTO `users` (`user_id`,`username`,`password_hash`,`email`,`role`,`active`) VALUES (80,'gn_putupaula','$2y$10$iiFpvIL1hfaNBYMBhqKCYuge5zWIk4DisB4TvHrBlzmuo5fjfaKY6','gn.putupaula@resqnet.local','grama_niladhari',1);
INSERT INTO `grama_niladhari` (`user_id`,`name`,`contact_number`,`address`,`gn_division`,`service_number`,`gn_division_number`) VALUES (80,'Nuwan Bandara','0791072859','GN Office, Putupaula','Putupaula','GN-S-0079','GN-D-079');
INSERT INTO `users` (`user_id`,`username`,`password_hash`,`email`,`role`,`active`) VALUES (81,'gn_kuruwita','$2y$10$iiFpvIL1hfaNBYMBhqKCYuge5zWIk4DisB4TvHrBlzmuo5fjfaKY6','gn.kuruwita@resqnet.local','grama_niladhari',1);
INSERT INTO `grama_niladhari` (`user_id`,`name`,`contact_number`,`address`,`gn_division`,`service_number`,`gn_division_number`) VALUES (81,'Roshan Samarasinghe','0745857087','GN Office, Kuruwita','Kuruwita','GN-S-0080','GN-D-080');
INSERT INTO `users` (`user_id`,`username`,`password_hash`,`email`,`role`,`active`) VALUES (82,'gn_pelmadulla','$2y$10$iiFpvIL1hfaNBYMBhqKCYuge5zWIk4DisB4TvHrBlzmuo5fjfaKY6','gn.pelmadulla@resqnet.local','grama_niladhari',1);
INSERT INTO `grama_niladhari` (`user_id`,`name`,`contact_number`,`address`,`gn_division`,`service_number`,`gn_division_number`) VALUES (82,'Pradeep Rathnayake','0722350935','GN Office, Pelmadulla','Pelmadulla','GN-S-0081','GN-D-081');
INSERT INTO `users` (`user_id`,`username`,`password_hash`,`email`,`role`,`active`) VALUES (83,'gn_balangoda','$2y$10$iiFpvIL1hfaNBYMBhqKCYuge5zWIk4DisB4TvHrBlzmuo5fjfaKY6','gn.balangoda@resqnet.local','grama_niladhari',1);
INSERT INTO `grama_niladhari` (`user_id`,`name`,`contact_number`,`address`,`gn_division`,`service_number`,`gn_division_number`) VALUES (83,'Lahiru Weerasinghe','0748320448','GN Office, Balangoda','Balangoda','GN-S-0082','GN-D-082');
INSERT INTO `users` (`user_id`,`username`,`password_hash`,`email`,`role`,`active`) VALUES (84,'gn_eheliyagoda','$2y$10$iiFpvIL1hfaNBYMBhqKCYuge5zWIk4DisB4TvHrBlzmuo5fjfaKY6','gn.eheliyagoda@resqnet.local','grama_niladhari',1);
INSERT INTO `grama_niladhari` (`user_id`,`name`,`contact_number`,`address`,`gn_division`,`service_number`,`gn_division_number`) VALUES (84,'Chathura Karunaratne','0751209228','GN Office, Eheliyagoda','Eheliyagoda','GN-S-0083','GN-D-083');
INSERT INTO `users` (`user_id`,`username`,`password_hash`,`email`,`role`,`active`) VALUES (85,'gn_godakawela','$2y$10$iiFpvIL1hfaNBYMBhqKCYuge5zWIk4DisB4TvHrBlzmuo5fjfaKY6','gn.godakawela@resqnet.local','grama_niladhari',1);
INSERT INTO `grama_niladhari` (`user_id`,`name`,`contact_number`,`address`,`gn_division`,`service_number`,`gn_division_number`) VALUES (85,'Ashan Liyanage','0739125312','GN Office, Godakawela','Godakawela','GN-S-0084','GN-D-084');
INSERT INTO `users` (`user_id`,`username`,`password_hash`,`email`,`role`,`active`) VALUES (86,'gn_manampitiya','$2y$10$iiFpvIL1hfaNBYMBhqKCYuge5zWIk4DisB4TvHrBlzmuo5fjfaKY6','gn.manampitiya@resqnet.local','grama_niladhari',1);
INSERT INTO `grama_niladhari` (`user_id`,`name`,`contact_number`,`address`,`gn_division`,`service_number`,`gn_division_number`) VALUES (86,'Pradeep Herath','0721037649','GN Office, Manampitiya','Manampitiya','GN-S-0085','GN-D-085');
INSERT INTO `users` (`user_id`,`username`,`password_hash`,`email`,`role`,`active`) VALUES (87,'gn_dimbulagala','$2y$10$iiFpvIL1hfaNBYMBhqKCYuge5zWIk4DisB4TvHrBlzmuo5fjfaKY6','gn.dimbulagala@resqnet.local','grama_niladhari',1);
INSERT INTO `grama_niladhari` (`user_id`,`name`,`contact_number`,`address`,`gn_division`,`service_number`,`gn_division_number`) VALUES (87,'Sampath Pathirana','0773067485','GN Office, Dimbulagala','Dimbulagala','GN-S-0086','GN-D-086');
INSERT INTO `users` (`user_id`,`username`,`password_hash`,`email`,`role`,`active`) VALUES (88,'gn_polonnaruwa','$2y$10$iiFpvIL1hfaNBYMBhqKCYuge5zWIk4DisB4TvHrBlzmuo5fjfaKY6','gn.polonnaruwa@resqnet.local','grama_niladhari',1);
INSERT INTO `grama_niladhari` (`user_id`,`name`,`contact_number`,`address`,`gn_division`,`service_number`,`gn_division_number`) VALUES (88,'Kamal Karunaratne','0784436400','GN Office, Polonnaruwa','Polonnaruwa','GN-S-0087','GN-D-087');
INSERT INTO `users` (`user_id`,`username`,`password_hash`,`email`,`role`,`active`) VALUES (89,'gn_hingurakgoda','$2y$10$iiFpvIL1hfaNBYMBhqKCYuge5zWIk4DisB4TvHrBlzmuo5fjfaKY6','gn.hingurakgoda@resqnet.local','grama_niladhari',1);
INSERT INTO `grama_niladhari` (`user_id`,`name`,`contact_number`,`address`,`gn_division`,`service_number`,`gn_division_number`) VALUES (89,'Dasun Wickramasinghe','0778677255','GN Office, Hingurakgoda','Hingurakgoda','GN-S-0088','GN-D-088');
INSERT INTO `users` (`user_id`,`username`,`password_hash`,`email`,`role`,`active`) VALUES (90,'gn_lankapura','$2y$10$iiFpvIL1hfaNBYMBhqKCYuge5zWIk4DisB4TvHrBlzmuo5fjfaKY6','gn.lankapura@resqnet.local','grama_niladhari',1);
INSERT INTO `grama_niladhari` (`user_id`,`name`,`contact_number`,`address`,`gn_division`,`service_number`,`gn_division_number`) VALUES (90,'Kasun Mendis','0712219248','GN Office, Lankapura','Lankapura','GN-S-0089','GN-D-089');
INSERT INTO `users` (`user_id`,`username`,`password_hash`,`email`,`role`,`active`) VALUES (91,'gn_welikanda','$2y$10$iiFpvIL1hfaNBYMBhqKCYuge5zWIk4DisB4TvHrBlzmuo5fjfaKY6','gn.welikanda@resqnet.local','grama_niladhari',1);
INSERT INTO `grama_niladhari` (`user_id`,`name`,`contact_number`,`address`,`gn_division`,`service_number`,`gn_division_number`) VALUES (91,'Ranjith Cooray','0710667040','GN Office, Welikanda','Welikanda','GN-S-0090','GN-D-090');
INSERT INTO `users` (`user_id`,`username`,`password_hash`,`email`,`role`,`active`) VALUES (92,'gn_thaldena','$2y$10$iiFpvIL1hfaNBYMBhqKCYuge5zWIk4DisB4TvHrBlzmuo5fjfaKY6','gn.thaldena@resqnet.local','grama_niladhari',1);
INSERT INTO `grama_niladhari` (`user_id`,`name`,`contact_number`,`address`,`gn_division`,`service_number`,`gn_division_number`) VALUES (92,'Chathura Silva','0776000801','GN Office, Thaldena','Thaldena','GN-S-0091','GN-D-091');
INSERT INTO `users` (`user_id`,`username`,`password_hash`,`email`,`role`,`active`) VALUES (93,'gn_welimada','$2y$10$iiFpvIL1hfaNBYMBhqKCYuge5zWIk4DisB4TvHrBlzmuo5fjfaKY6','gn.welimada@resqnet.local','grama_niladhari',1);
INSERT INTO `grama_niladhari` (`user_id`,`name`,`contact_number`,`address`,`gn_division`,`service_number`,`gn_division_number`) VALUES (93,'Ashan Dissanayake','0791993971','GN Office, Welimada','Welimada','GN-S-0092','GN-D-092');
INSERT INTO `users` (`user_id`,`username`,`password_hash`,`email`,`role`,`active`) VALUES (94,'gn_badulla','$2y$10$iiFpvIL1hfaNBYMBhqKCYuge5zWIk4DisB4TvHrBlzmuo5fjfaKY6','gn.badulla@resqnet.local','grama_niladhari',1);
INSERT INTO `grama_niladhari` (`user_id`,`name`,`contact_number`,`address`,`gn_division`,`service_number`,`gn_division_number`) VALUES (94,'Ashan Fernando','0715282806','GN Office, Badulla','Badulla','GN-S-0093','GN-D-093');
INSERT INTO `users` (`user_id`,`username`,`password_hash`,`email`,`role`,`active`) VALUES (95,'gn_passara','$2y$10$iiFpvIL1hfaNBYMBhqKCYuge5zWIk4DisB4TvHrBlzmuo5fjfaKY6','gn.passara@resqnet.local','grama_niladhari',1);
INSERT INTO `grama_niladhari` (`user_id`,`name`,`contact_number`,`address`,`gn_division`,`service_number`,`gn_division_number`) VALUES (95,'Nuwan Wickramasinghe','0786931839','GN Office, Passara','Passara','GN-S-0094','GN-D-094');
INSERT INTO `users` (`user_id`,`username`,`password_hash`,`email`,`role`,`active`) VALUES (96,'gn_bandarawela','$2y$10$iiFpvIL1hfaNBYMBhqKCYuge5zWIk4DisB4TvHrBlzmuo5fjfaKY6','gn.bandarawela@resqnet.local','grama_niladhari',1);
INSERT INTO `grama_niladhari` (`user_id`,`name`,`contact_number`,`address`,`gn_division`,`service_number`,`gn_division_number`) VALUES (96,'Amila Herath','0734687085','GN Office, Bandarawela','Bandarawela','GN-S-0095','GN-D-095');
INSERT INTO `users` (`user_id`,`username`,`password_hash`,`email`,`role`,`active`) VALUES (97,'gn_hali_ela','$2y$10$iiFpvIL1hfaNBYMBhqKCYuge5zWIk4DisB4TvHrBlzmuo5fjfaKY6','gn.hali_ela@resqnet.local','grama_niladhari',1);
INSERT INTO `grama_niladhari` (`user_id`,`name`,`contact_number`,`address`,`gn_division`,`service_number`,`gn_division_number`) VALUES (97,'Malith Perera','0774760835','GN Office, Hali-Ela','Hali-Ela','GN-S-0096','GN-D-096');
INSERT INTO `users` (`user_id`,`username`,`password_hash`,`email`,`role`,`active`) VALUES (98,'gn_bentota','$2y$10$iiFpvIL1hfaNBYMBhqKCYuge5zWIk4DisB4TvHrBlzmuo5fjfaKY6','gn.bentota@resqnet.local','grama_niladhari',1);
INSERT INTO `grama_niladhari` (`user_id`,`name`,`contact_number`,`address`,`gn_division`,`service_number`,`gn_division_number`) VALUES (98,'Malith Ekanayake','0717625218','GN Office, Bentota','Bentota','GN-S-0097','GN-D-097');
INSERT INTO `users` (`user_id`,`username`,`password_hash`,`email`,`role`,`active`) VALUES (99,'gn_balapitiya','$2y$10$iiFpvIL1hfaNBYMBhqKCYuge5zWIk4DisB4TvHrBlzmuo5fjfaKY6','gn.balapitiya@resqnet.local','grama_niladhari',1);
INSERT INTO `grama_niladhari` (`user_id`,`name`,`contact_number`,`address`,`gn_division`,`service_number`,`gn_division_number`) VALUES (99,'Nuwan Jayawardena','0788558638','GN Office, Balapitiya','Balapitiya','GN-S-0098','GN-D-098');
INSERT INTO `users` (`user_id`,`username`,`password_hash`,`email`,`role`,`active`) VALUES (100,'gn_karandeniya','$2y$10$iiFpvIL1hfaNBYMBhqKCYuge5zWIk4DisB4TvHrBlzmuo5fjfaKY6','gn.karandeniya@resqnet.local','grama_niladhari',1);
INSERT INTO `grama_niladhari` (`user_id`,`name`,`contact_number`,`address`,`gn_division`,`service_number`,`gn_division_number`) VALUES (100,'Pradeep Senanayake','0791979663','GN Office, Karandeniya','Karandeniya','GN-S-0099','GN-D-099');
INSERT INTO `users` (`user_id`,`username`,`password_hash`,`email`,`role`,`active`) VALUES (101,'gn_elpitiya','$2y$10$iiFpvIL1hfaNBYMBhqKCYuge5zWIk4DisB4TvHrBlzmuo5fjfaKY6','gn.elpitiya@resqnet.local','grama_niladhari',1);
INSERT INTO `grama_niladhari` (`user_id`,`name`,`contact_number`,`address`,`gn_division`,`service_number`,`gn_division_number`) VALUES (101,'Nuwan Gunasekara','0760941987','GN Office, Elpitiya','Elpitiya','GN-S-0100','GN-D-100');
INSERT INTO `users` (`user_id`,`username`,`password_hash`,`email`,`role`,`active`) VALUES (102,'gn_talape','$2y$10$iiFpvIL1hfaNBYMBhqKCYuge5zWIk4DisB4TvHrBlzmuo5fjfaKY6','gn.talape@resqnet.local','grama_niladhari',1);
INSERT INTO `grama_niladhari` (`user_id`,`name`,`contact_number`,`address`,`gn_division`,`service_number`,`gn_division_number`) VALUES (102,'Sampath Cooray','0762239435','GN Office, Talape','Talape','GN-S-0101','GN-D-101');
INSERT INTO `users` (`user_id`,`username`,`password_hash`,`email`,`role`,`active`) VALUES (103,'gn_galle_four_gravets','$2y$10$iiFpvIL1hfaNBYMBhqKCYuge5zWIk4DisB4TvHrBlzmuo5fjfaKY6','gn.galle_four_gravets@resqnet.local','grama_niladhari',1);
INSERT INTO `grama_niladhari` (`user_id`,`name`,`contact_number`,`address`,`gn_division`,`service_number`,`gn_division_number`) VALUES (103,'Kasun Rathnayake','0754645754','GN Office, Galle Four Gravets','Galle Four Gravets','GN-S-0102','GN-D-102');
INSERT INTO `users` (`user_id`,`username`,`password_hash`,`email`,`role`,`active`) VALUES (104,'gn_bope_poddala','$2y$10$iiFpvIL1hfaNBYMBhqKCYuge5zWIk4DisB4TvHrBlzmuo5fjfaKY6','gn.bope_poddala@resqnet.local','grama_niladhari',1);
INSERT INTO `grama_niladhari` (`user_id`,`name`,`contact_number`,`address`,`gn_division`,`service_number`,`gn_division_number`) VALUES (104,'Nuwan Samarasinghe','0730485397','GN Office, Bope-Poddala','Bope-Poddala','GN-S-0103','GN-D-103');
INSERT INTO `users` (`user_id`,`username`,`password_hash`,`email`,`role`,`active`) VALUES (105,'gn_akmeemana','$2y$10$iiFpvIL1hfaNBYMBhqKCYuge5zWIk4DisB4TvHrBlzmuo5fjfaKY6','gn.akmeemana@resqnet.local','grama_niladhari',1);
INSERT INTO `grama_niladhari` (`user_id`,`name`,`contact_number`,`address`,`gn_division`,`service_number`,`gn_division_number`) VALUES (105,'Chathura Herath','0749242451','GN Office, Akmeemana','Akmeemana','GN-S-0104','GN-D-104');
INSERT INTO `users` (`user_id`,`username`,`password_hash`,`email`,`role`,`active`) VALUES (106,'gn_yakkalamulla','$2y$10$iiFpvIL1hfaNBYMBhqKCYuge5zWIk4DisB4TvHrBlzmuo5fjfaKY6','gn.yakkalamulla@resqnet.local','grama_niladhari',1);
INSERT INTO `grama_niladhari` (`user_id`,`name`,`contact_number`,`address`,`gn_division`,`service_number`,`gn_division_number`) VALUES (106,'Dinesh Senanayake','0775059518','GN Office, Yakkalamulla','Yakkalamulla','GN-S-0105','GN-D-105');
INSERT INTO `users` (`user_id`,`username`,`password_hash`,`email`,`role`,`active`) VALUES (107,'gn_imaduwa','$2y$10$iiFpvIL1hfaNBYMBhqKCYuge5zWIk4DisB4TvHrBlzmuo5fjfaKY6','gn.imaduwa@resqnet.local','grama_niladhari',1);
INSERT INTO `grama_niladhari` (`user_id`,`name`,`contact_number`,`address`,`gn_division`,`service_number`,`gn_division_number`) VALUES (107,'Nimal Fernando','0757599006','GN Office, Imaduwa','Imaduwa','GN-S-0106','GN-D-106');
INSERT INTO `users` (`user_id`,`username`,`password_hash`,`email`,`role`,`active`) VALUES (108,'gn_habaraduwa','$2y$10$iiFpvIL1hfaNBYMBhqKCYuge5zWIk4DisB4TvHrBlzmuo5fjfaKY6','gn.habaraduwa@resqnet.local','grama_niladhari',1);
INSERT INTO `grama_niladhari` (`user_id`,`name`,`contact_number`,`address`,`gn_division`,`service_number`,`gn_division_number`) VALUES (108,'Amila Gunasekara','0736167292','GN Office, Habaraduwa','Habaraduwa','GN-S-0107','GN-D-107');
INSERT INTO `users` (`user_id`,`username`,`password_hash`,`email`,`role`,`active`) VALUES (109,'gn_baddegama','$2y$10$iiFpvIL1hfaNBYMBhqKCYuge5zWIk4DisB4TvHrBlzmuo5fjfaKY6','gn.baddegama@resqnet.local','grama_niladhari',1);
INSERT INTO `grama_niladhari` (`user_id`,`name`,`contact_number`,`address`,`gn_division`,`service_number`,`gn_division_number`) VALUES (109,'Roshan Ekanayake','0716232356','GN Office, Baddegama','Baddegama','GN-S-0108','GN-D-108');
INSERT INTO `users` (`user_id`,`username`,`password_hash`,`email`,`role`,`active`) VALUES (110,'gn_nagoda','$2y$10$iiFpvIL1hfaNBYMBhqKCYuge5zWIk4DisB4TvHrBlzmuo5fjfaKY6','gn.nagoda@resqnet.local','grama_niladhari',1);
INSERT INTO `grama_niladhari` (`user_id`,`name`,`contact_number`,`address`,`gn_division`,`service_number`,`gn_division_number`) VALUES (110,'Lahiru Weerasinghe','0776233405','GN Office, Nagoda','Nagoda','GN-S-0109','GN-D-109');
INSERT INTO `users` (`user_id`,`username`,`password_hash`,`email`,`role`,`active`) VALUES (111,'gn_neluwa','$2y$10$iiFpvIL1hfaNBYMBhqKCYuge5zWIk4DisB4TvHrBlzmuo5fjfaKY6','gn.neluwa@resqnet.local','grama_niladhari',1);
INSERT INTO `grama_niladhari` (`user_id`,`name`,`contact_number`,`address`,`gn_division`,`service_number`,`gn_division_number`) VALUES (111,'Ishan Silva','0715384212','GN Office, Neluwa','Neluwa','GN-S-0110','GN-D-110');
INSERT INTO `users` (`user_id`,`username`,`password_hash`,`email`,`role`,`active`) VALUES (112,'gn_thawalama','$2y$10$iiFpvIL1hfaNBYMBhqKCYuge5zWIk4DisB4TvHrBlzmuo5fjfaKY6','gn.thawalama@resqnet.local','grama_niladhari',1);
INSERT INTO `grama_niladhari` (`user_id`,`name`,`contact_number`,`address`,`gn_division`,`service_number`,`gn_division_number`) VALUES (112,'Roshan Perera','0782451516','GN Office, Thawalama','Thawalama','GN-S-0111','GN-D-111');
INSERT INTO `users` (`user_id`,`username`,`password_hash`,`email`,`role`,`active`) VALUES (113,'gn_welivitiya_divithura','$2y$10$iiFpvIL1hfaNBYMBhqKCYuge5zWIk4DisB4TvHrBlzmuo5fjfaKY6','gn.welivitiya_divithura@resqnet.local','grama_niladhari',1);
INSERT INTO `grama_niladhari` (`user_id`,`name`,`contact_number`,`address`,`gn_division`,`service_number`,`gn_division_number`) VALUES (113,'Nuwan Wickramasinghe','0766713602','GN Office, Welivitiya-Divithura','Welivitiya-Divithura','GN-S-0112','GN-D-112');
INSERT INTO `users` (`user_id`,`username`,`password_hash`,`email`,`role`,`active`) VALUES (114,'gn_ambalangoda','$2y$10$iiFpvIL1hfaNBYMBhqKCYuge5zWIk4DisB4TvHrBlzmuo5fjfaKY6','gn.ambalangoda@resqnet.local','grama_niladhari',1);
INSERT INTO `grama_niladhari` (`user_id`,`name`,`contact_number`,`address`,`gn_division`,`service_number`,`gn_division_number`) VALUES (114,'Sunil Karunaratne','0727210882','GN Office, Ambalangoda','Ambalangoda','GN-S-0113','GN-D-113');
INSERT INTO `users` (`user_id`,`username`,`password_hash`,`email`,`role`,`active`) VALUES (115,'gn_hikkaduwa','$2y$10$iiFpvIL1hfaNBYMBhqKCYuge5zWIk4DisB4TvHrBlzmuo5fjfaKY6','gn.hikkaduwa@resqnet.local','grama_niladhari',1);
INSERT INTO `grama_niladhari` (`user_id`,`name`,`contact_number`,`address`,`gn_division`,`service_number`,`gn_division_number`) VALUES (115,'Ashan Weerasinghe','0770754682','GN Office, Hikkaduwa','Hikkaduwa','GN-S-0114','GN-D-114');
INSERT INTO `users` (`user_id`,`username`,`password_hash`,`email`,`role`,`active`) VALUES (116,'gn_gonapinuwala','$2y$10$iiFpvIL1hfaNBYMBhqKCYuge5zWIk4DisB4TvHrBlzmuo5fjfaKY6','gn.gonapinuwala@resqnet.local','grama_niladhari',1);
INSERT INTO `grama_niladhari` (`user_id`,`name`,`contact_number`,`address`,`gn_division`,`service_number`,`gn_division_number`) VALUES (116,'Malith Gunasekara','0732572707','GN Office, Gonapinuwala','Gonapinuwala','GN-S-0115','GN-D-115');
INSERT INTO `users` (`user_id`,`username`,`password_hash`,`email`,`role`,`active`) VALUES (117,'gn_pitabeddara','$2y$10$iiFpvIL1hfaNBYMBhqKCYuge5zWIk4DisB4TvHrBlzmuo5fjfaKY6','gn.pitabeddara@resqnet.local','grama_niladhari',1);
INSERT INTO `grama_niladhari` (`user_id`,`name`,`contact_number`,`address`,`gn_division`,`service_number`,`gn_division_number`) VALUES (117,'Tharaka Silva','0737731459','GN Office, Pitabeddara','Pitabeddara','GN-S-0116','GN-D-116');
INSERT INTO `users` (`user_id`,`username`,`password_hash`,`email`,`role`,`active`) VALUES (118,'gn_kotapola','$2y$10$iiFpvIL1hfaNBYMBhqKCYuge5zWIk4DisB4TvHrBlzmuo5fjfaKY6','gn.kotapola@resqnet.local','grama_niladhari',1);
INSERT INTO `grama_niladhari` (`user_id`,`name`,`contact_number`,`address`,`gn_division`,`service_number`,`gn_division_number`) VALUES (118,'Ishan Herath','0761265110','GN Office, Kotapola','Kotapola','GN-S-0117','GN-D-117');
INSERT INTO `users` (`user_id`,`username`,`password_hash`,`email`,`role`,`active`) VALUES (119,'gn_pasgoda','$2y$10$iiFpvIL1hfaNBYMBhqKCYuge5zWIk4DisB4TvHrBlzmuo5fjfaKY6','gn.pasgoda@resqnet.local','grama_niladhari',1);
INSERT INTO `grama_niladhari` (`user_id`,`name`,`contact_number`,`address`,`gn_division`,`service_number`,`gn_division_number`) VALUES (119,'Nimal Weerasinghe','0754192346','GN Office, Pasgoda','Pasgoda','GN-S-0118','GN-D-118');
INSERT INTO `users` (`user_id`,`username`,`password_hash`,`email`,`role`,`active`) VALUES (120,'gn_mulatiyana','$2y$10$iiFpvIL1hfaNBYMBhqKCYuge5zWIk4DisB4TvHrBlzmuo5fjfaKY6','gn.mulatiyana@resqnet.local','grama_niladhari',1);
INSERT INTO `grama_niladhari` (`user_id`,`name`,`contact_number`,`address`,`gn_division`,`service_number`,`gn_division_number`) VALUES (120,'Ishan Karunaratne','0716496155','GN Office, Mulatiyana','Mulatiyana','GN-S-0119','GN-D-119');
INSERT INTO `users` (`user_id`,`username`,`password_hash`,`email`,`role`,`active`) VALUES (121,'gn_athuraliya','$2y$10$iiFpvIL1hfaNBYMBhqKCYuge5zWIk4DisB4TvHrBlzmuo5fjfaKY6','gn.athuraliya@resqnet.local','grama_niladhari',1);
INSERT INTO `grama_niladhari` (`user_id`,`name`,`contact_number`,`address`,`gn_division`,`service_number`,`gn_division_number`) VALUES (121,'Chathura Wickramasinghe','0798231317','GN Office, Athuraliya','Athuraliya','GN-S-0120','GN-D-120');
INSERT INTO `users` (`user_id`,`username`,`password_hash`,`email`,`role`,`active`) VALUES (122,'gn_akuressa','$2y$10$iiFpvIL1hfaNBYMBhqKCYuge5zWIk4DisB4TvHrBlzmuo5fjfaKY6','gn.akuressa@resqnet.local','grama_niladhari',1);
INSERT INTO `grama_niladhari` (`user_id`,`name`,`contact_number`,`address`,`gn_division`,`service_number`,`gn_division_number`) VALUES (122,'Pradeep Perera','0775857256','GN Office, Akuressa','Akuressa','GN-S-0121','GN-D-121');
INSERT INTO `users` (`user_id`,`username`,`password_hash`,`email`,`role`,`active`) VALUES (123,'gn_welipitiya','$2y$10$iiFpvIL1hfaNBYMBhqKCYuge5zWIk4DisB4TvHrBlzmuo5fjfaKY6','gn.welipitiya@resqnet.local','grama_niladhari',1);
INSERT INTO `grama_niladhari` (`user_id`,`name`,`contact_number`,`address`,`gn_division`,`service_number`,`gn_division_number`) VALUES (123,'Kamal Mendis','0755393044','GN Office, Welipitiya','Welipitiya','GN-S-0122','GN-D-122');
INSERT INTO `users` (`user_id`,`username`,`password_hash`,`email`,`role`,`active`) VALUES (124,'gn_malimbada','$2y$10$iiFpvIL1hfaNBYMBhqKCYuge5zWIk4DisB4TvHrBlzmuo5fjfaKY6','gn.malimbada@resqnet.local','grama_niladhari',1);
INSERT INTO `grama_niladhari` (`user_id`,`name`,`contact_number`,`address`,`gn_division`,`service_number`,`gn_division_number`) VALUES (124,'Sampath Fernando','0712132782','GN Office, Malimbada','Malimbada','GN-S-0123','GN-D-123');
INSERT INTO `users` (`user_id`,`username`,`password_hash`,`email`,`role`,`active`) VALUES (125,'gn_kamburupitiya','$2y$10$iiFpvIL1hfaNBYMBhqKCYuge5zWIk4DisB4TvHrBlzmuo5fjfaKY6','gn.kamburupitiya@resqnet.local','grama_niladhari',1);
INSERT INTO `grama_niladhari` (`user_id`,`name`,`contact_number`,`address`,`gn_division`,`service_number`,`gn_division_number`) VALUES (125,'Dasun Pathirana','0757771013','GN Office, Kamburupitiya','Kamburupitiya','GN-S-0124','GN-D-124');
INSERT INTO `users` (`user_id`,`username`,`password_hash`,`email`,`role`,`active`) VALUES (126,'gn_hakmana','$2y$10$iiFpvIL1hfaNBYMBhqKCYuge5zWIk4DisB4TvHrBlzmuo5fjfaKY6','gn.hakmana@resqnet.local','grama_niladhari',1);
INSERT INTO `grama_niladhari` (`user_id`,`name`,`contact_number`,`address`,`gn_division`,`service_number`,`gn_division_number`) VALUES (126,'Dasun Herath','0755387827','GN Office, Hakmana','Hakmana','GN-S-0125','GN-D-125');
INSERT INTO `users` (`user_id`,`username`,`password_hash`,`email`,`role`,`active`) VALUES (127,'gn_kirinda_puhulwella','$2y$10$iiFpvIL1hfaNBYMBhqKCYuge5zWIk4DisB4TvHrBlzmuo5fjfaKY6','gn.kirinda_puhulwella@resqnet.local','grama_niladhari',1);
INSERT INTO `grama_niladhari` (`user_id`,`name`,`contact_number`,`address`,`gn_division`,`service_number`,`gn_division_number`) VALUES (127,'Chaminda Rathnayake','0761681699','GN Office, Kirinda-Puhulwella','Kirinda-Puhulwella','GN-S-0126','GN-D-126');
INSERT INTO `users` (`user_id`,`username`,`password_hash`,`email`,`role`,`active`) VALUES (128,'gn_thihagoda','$2y$10$iiFpvIL1hfaNBYMBhqKCYuge5zWIk4DisB4TvHrBlzmuo5fjfaKY6','gn.thihagoda@resqnet.local','grama_niladhari',1);
INSERT INTO `grama_niladhari` (`user_id`,`name`,`contact_number`,`address`,`gn_division`,`service_number`,`gn_division_number`) VALUES (128,'Dasun Cooray','0774315799','GN Office, Thihagoda','Thihagoda','GN-S-0127','GN-D-127');
INSERT INTO `users` (`user_id`,`username`,`password_hash`,`email`,`role`,`active`) VALUES (129,'gn_weligama','$2y$10$iiFpvIL1hfaNBYMBhqKCYuge5zWIk4DisB4TvHrBlzmuo5fjfaKY6','gn.weligama@resqnet.local','grama_niladhari',1);
INSERT INTO `grama_niladhari` (`user_id`,`name`,`contact_number`,`address`,`gn_division`,`service_number`,`gn_division_number`) VALUES (129,'Kasun Mendis','0785518584','GN Office, Weligama','Weligama','GN-S-0128','GN-D-128');
INSERT INTO `users` (`user_id`,`username`,`password_hash`,`email`,`role`,`active`) VALUES (130,'gn_matara_four_gravets','$2y$10$iiFpvIL1hfaNBYMBhqKCYuge5zWIk4DisB4TvHrBlzmuo5fjfaKY6','gn.matara_four_gravets@resqnet.local','grama_niladhari',1);
INSERT INTO `grama_niladhari` (`user_id`,`name`,`contact_number`,`address`,`gn_division`,`service_number`,`gn_division_number`) VALUES (130,'Ishan Dissanayake','0726909404','GN Office, Matara Four Gravets','Matara Four Gravets','GN-S-0129','GN-D-129');
INSERT INTO `users` (`user_id`,`username`,`password_hash`,`email`,`role`,`active`) VALUES (131,'gn_devinuwara','$2y$10$iiFpvIL1hfaNBYMBhqKCYuge5zWIk4DisB4TvHrBlzmuo5fjfaKY6','gn.devinuwara@resqnet.local','grama_niladhari',1);
INSERT INTO `grama_niladhari` (`user_id`,`name`,`contact_number`,`address`,`gn_division`,`service_number`,`gn_division_number`) VALUES (131,'Ishan Herath','0710939266','GN Office, Devinuwara','Devinuwara','GN-S-0130','GN-D-130');
INSERT INTO `users` (`user_id`,`username`,`password_hash`,`email`,`role`,`active`) VALUES (132,'gn_dickwella','$2y$10$iiFpvIL1hfaNBYMBhqKCYuge5zWIk4DisB4TvHrBlzmuo5fjfaKY6','gn.dickwella@resqnet.local','grama_niladhari',1);
INSERT INTO `grama_niladhari` (`user_id`,`name`,`contact_number`,`address`,`gn_division`,`service_number`,`gn_division_number`) VALUES (132,'Ashan Weerasinghe','0710236823','GN Office, Dickwella','Dickwella','GN-S-0131','GN-D-131');

-- NGOs (2 per district)
INSERT INTO `users` (`user_id`,`username`,`password_hash`,`email`,`role`,`active`) VALUES (133,'ngo_helping_hands_trust_1','$2y$10$iiFpvIL1hfaNBYMBhqKCYuge5zWIk4DisB4TvHrBlzmuo5fjfaKY6','ngo.1@resqnet.local','ngo',1);
INSERT INTO `ngos` (`user_id`,`organization_name`,`registration_number`,`years_of_operation`,`address`,`contact_person_name`,`contact_person_telephone`,`contact_person_email`) VALUES (133,'Helping Hands Trust','NGO-REG-0001',10,'No. 94, Main Street, Colombo','Dilhani Bandara','0745130863','ngo.1@resqnet.local');
INSERT INTO `users` (`user_id`,`username`,`password_hash`,`email`,`role`,`active`) VALUES (134,'ngo_humanitarian_foundation_2','$2y$10$iiFpvIL1hfaNBYMBhqKCYuge5zWIk4DisB4TvHrBlzmuo5fjfaKY6','ngo.2@resqnet.local','ngo',1);
INSERT INTO `ngos` (`user_id`,`organization_name`,`registration_number`,`years_of_operation`,`address`,`contact_person_name`,`contact_person_telephone`,`contact_person_email`) VALUES (134,'Humanitarian Foundation','NGO-REG-0002',7,'No. 37, Main Street, Colombo','Iresha Wijesinghe','0749914971','ngo.2@resqnet.local');
INSERT INTO `users` (`user_id`,`username`,`password_hash`,`email`,`role`,`active`) VALUES (135,'ngo_community_council_3','$2y$10$iiFpvIL1hfaNBYMBhqKCYuge5zWIk4DisB4TvHrBlzmuo5fjfaKY6','ngo.3@resqnet.local','ngo',1);
INSERT INTO `ngos` (`user_id`,`organization_name`,`registration_number`,`years_of_operation`,`address`,`contact_person_name`,`contact_person_telephone`,`contact_person_email`) VALUES (135,'Community Council','NGO-REG-0003',3,'No. 13, Main Street, Negombo','Iresha Cooray','0748140661','ngo.3@resqnet.local');
INSERT INTO `users` (`user_id`,`username`,`password_hash`,`email`,`role`,`active`) VALUES (136,'ngo_united_aid_society_4','$2y$10$iiFpvIL1hfaNBYMBhqKCYuge5zWIk4DisB4TvHrBlzmuo5fjfaKY6','ngo.4@resqnet.local','ngo',1);
INSERT INTO `ngos` (`user_id`,`organization_name`,`registration_number`,`years_of_operation`,`address`,`contact_person_name`,`contact_person_telephone`,`contact_person_email`) VALUES (136,'United Aid Society','NGO-REG-0004',10,'No. 120, Main Street, Negombo','Anusha Perera','0758090792','ngo.4@resqnet.local');
INSERT INTO `users` (`user_id`,`username`,`password_hash`,`email`,`role`,`active`) VALUES (137,'ngo_safehaven_society_5','$2y$10$iiFpvIL1hfaNBYMBhqKCYuge5zWIk4DisB4TvHrBlzmuo5fjfaKY6','ngo.5@resqnet.local','ngo',1);
INSERT INTO `ngos` (`user_id`,`organization_name`,`registration_number`,`years_of_operation`,`address`,`contact_person_name`,`contact_person_telephone`,`contact_person_email`) VALUES (137,'SafeHaven Society','NGO-REG-0005',20,'No. 107, Main Street, Avissawella','Dilhani Ekanayake','0798354595','ngo.5@resqnet.local');
INSERT INTO `users` (`user_id`,`username`,`password_hash`,`email`,`role`,`active`) VALUES (138,'ngo_shield_foundation_6','$2y$10$iiFpvIL1hfaNBYMBhqKCYuge5zWIk4DisB4TvHrBlzmuo5fjfaKY6','ngo.6@resqnet.local','ngo',1);
INSERT INTO `ngos` (`user_id`,`organization_name`,`registration_number`,`years_of_operation`,`address`,`contact_person_name`,`contact_person_telephone`,`contact_person_email`) VALUES (138,'Shield Foundation','NGO-REG-0006',1,'No. 177, Main Street, Avissawella','Kavisha Pathirana','0710042036','ngo.6@resqnet.local');
INSERT INTO `users` (`user_id`,`username`,`password_hash`,`email`,`role`,`active`) VALUES (139,'ngo_relief_trust_7','$2y$10$iiFpvIL1hfaNBYMBhqKCYuge5zWIk4DisB4TvHrBlzmuo5fjfaKY6','ngo.7@resqnet.local','ngo',1);
INSERT INTO `ngos` (`user_id`,`organization_name`,`registration_number`,`years_of_operation`,`address`,`contact_person_name`,`contact_person_telephone`,`contact_person_email`) VALUES (139,'Relief Trust','NGO-REG-0007',9,'No. 197, Main Street, Thumpane','Malini Wijesinghe','0766223415','ngo.7@resqnet.local');
INSERT INTO `users` (`user_id`,`username`,`password_hash`,`email`,`role`,`active`) VALUES (140,'ngo_rapid_relief_lanka_8','$2y$10$iiFpvIL1hfaNBYMBhqKCYuge5zWIk4DisB4TvHrBlzmuo5fjfaKY6','ngo.8@resqnet.local','ngo',1);
INSERT INTO `ngos` (`user_id`,`organization_name`,`registration_number`,`years_of_operation`,`address`,`contact_person_name`,`contact_person_telephone`,`contact_person_email`) VALUES (140,'Rapid Relief Lanka','NGO-REG-0008',10,'No. 14, Main Street, Thumpane','Chamari Dissanayake','0717278406','ngo.8@resqnet.local');
INSERT INTO `users` (`user_id`,`username`,`password_hash`,`email`,`role`,`active`) VALUES (141,'ngo_disaster_aid_forum_9','$2y$10$iiFpvIL1hfaNBYMBhqKCYuge5zWIk4DisB4TvHrBlzmuo5fjfaKY6','ngo.9@resqnet.local','ngo',1);
INSERT INTO `ngos` (`user_id`,`organization_name`,`registration_number`,`years_of_operation`,`address`,`contact_person_name`,`contact_person_telephone`,`contact_person_email`) VALUES (141,'Disaster Aid Forum','NGO-REG-0009',18,'No. 178, Main Street, Deraniyagala','Ayesha Mendis','0777501186','ngo.9@resqnet.local');
INSERT INTO `users` (`user_id`,`username`,`password_hash`,`email`,`role`,`active`) VALUES (142,'ngo_outreach_forum_10','$2y$10$iiFpvIL1hfaNBYMBhqKCYuge5zWIk4DisB4TvHrBlzmuo5fjfaKY6','ngo.10@resqnet.local','ngo',1);
INSERT INTO `ngos` (`user_id`,`organization_name`,`registration_number`,`years_of_operation`,`address`,`contact_person_name`,`contact_person_telephone`,`contact_person_email`) VALUES (142,'Outreach Forum','NGO-REG-0010',10,'No. 68, Main Street, Deraniyagala','Rashmi Herath','0766772033','ngo.10@resqnet.local');
INSERT INTO `users` (`user_id`,`username`,`password_hash`,`email`,`role`,`active`) VALUES (143,'ngo_hope_council_11','$2y$10$iiFpvIL1hfaNBYMBhqKCYuge5zWIk4DisB4TvHrBlzmuo5fjfaKY6','ngo.11@resqnet.local','ngo',1);
INSERT INTO `ngos` (`user_id`,`organization_name`,`registration_number`,`years_of_operation`,`address`,`contact_person_name`,`contact_person_telephone`,`contact_person_email`) VALUES (143,'Hope Council','NGO-REG-0011',5,'No. 167, Main Street, Rathnapura','Ayesha Rathnayake','0764614846','ngo.11@resqnet.local');
INSERT INTO `users` (`user_id`,`username`,`password_hash`,`email`,`role`,`active`) VALUES (144,'ngo_helping_hands_network_12','$2y$10$iiFpvIL1hfaNBYMBhqKCYuge5zWIk4DisB4TvHrBlzmuo5fjfaKY6','ngo.12@resqnet.local','ngo',1);
INSERT INTO `ngos` (`user_id`,`organization_name`,`registration_number`,`years_of_operation`,`address`,`contact_person_name`,`contact_person_telephone`,`contact_person_email`) VALUES (144,'Helping Hands Network','NGO-REG-0012',16,'No. 55, Main Street, Rathnapura','Chamari Silva','0735860374','ngo.12@resqnet.local');
INSERT INTO `users` (`user_id`,`username`,`password_hash`,`email`,`role`,`active`) VALUES (145,'ngo_shield_foundation_13','$2y$10$iiFpvIL1hfaNBYMBhqKCYuge5zWIk4DisB4TvHrBlzmuo5fjfaKY6','ngo.13@resqnet.local','ngo',1);
INSERT INTO `ngos` (`user_id`,`organization_name`,`registration_number`,`years_of_operation`,`address`,`contact_person_name`,`contact_person_telephone`,`contact_person_email`) VALUES (145,'Shield Foundation','NGO-REG-0013',9,'No. 168, Main Street, Manampitiya','Nimali Wickramasinghe','0757845482','ngo.13@resqnet.local');
INSERT INTO `users` (`user_id`,`username`,`password_hash`,`email`,`role`,`active`) VALUES (146,'ngo_humanitarian_trust_14','$2y$10$iiFpvIL1hfaNBYMBhqKCYuge5zWIk4DisB4TvHrBlzmuo5fjfaKY6','ngo.14@resqnet.local','ngo',1);
INSERT INTO `ngos` (`user_id`,`organization_name`,`registration_number`,`years_of_operation`,`address`,`contact_person_name`,`contact_person_telephone`,`contact_person_email`) VALUES (146,'Humanitarian Trust','NGO-REG-0014',12,'No. 42, Main Street, Manampitiya','Hiruni Rathnayake','0747416608','ngo.14@resqnet.local');
INSERT INTO `users` (`user_id`,`username`,`password_hash`,`email`,`role`,`active`) VALUES (147,'ngo_helping_hands_foundation_15','$2y$10$iiFpvIL1hfaNBYMBhqKCYuge5zWIk4DisB4TvHrBlzmuo5fjfaKY6','ngo.15@resqnet.local','ngo',1);
INSERT INTO `ngos` (`user_id`,`organization_name`,`registration_number`,`years_of_operation`,`address`,`contact_person_name`,`contact_person_telephone`,`contact_person_email`) VALUES (147,'Helping Hands Foundation','NGO-REG-0015',16,'No. 44, Main Street, Thaldena','Nimali Liyanage','0757036775','ngo.15@resqnet.local');
INSERT INTO `users` (`user_id`,`username`,`password_hash`,`email`,`role`,`active`) VALUES (148,'ngo_lifeline_trust_16','$2y$10$iiFpvIL1hfaNBYMBhqKCYuge5zWIk4DisB4TvHrBlzmuo5fjfaKY6','ngo.16@resqnet.local','ngo',0);
INSERT INTO `ngos` (`user_id`,`organization_name`,`registration_number`,`years_of_operation`,`address`,`contact_person_name`,`contact_person_telephone`,`contact_person_email`) VALUES (148,'Lifeline Trust','NGO-REG-0016',17,'No. 162, Main Street, Thaldena','Pavithra Bandara','0781960071','ngo.16@resqnet.local');
INSERT INTO `users` (`user_id`,`username`,`password_hash`,`email`,`role`,`active`) VALUES (149,'ngo_shield_lanka_17','$2y$10$iiFpvIL1hfaNBYMBhqKCYuge5zWIk4DisB4TvHrBlzmuo5fjfaKY6','ngo.17@resqnet.local','ngo',0);
INSERT INTO `ngos` (`user_id`,`organization_name`,`registration_number`,`years_of_operation`,`address`,`contact_person_name`,`contact_person_telephone`,`contact_person_email`) VALUES (149,'Shield Lanka','NGO-REG-0017',1,'No. 198, Main Street, Bentota','Dilhani Weerasinghe','0766815672','ngo.17@resqnet.local');
INSERT INTO `users` (`user_id`,`username`,`password_hash`,`email`,`role`,`active`) VALUES (150,'ngo_united_aid_organization_18','$2y$10$iiFpvIL1hfaNBYMBhqKCYuge5zWIk4DisB4TvHrBlzmuo5fjfaKY6','ngo.18@resqnet.local','ngo',0);
INSERT INTO `ngos` (`user_id`,`organization_name`,`registration_number`,`years_of_operation`,`address`,`contact_person_name`,`contact_person_telephone`,`contact_person_email`) VALUES (150,'United Aid Organization','NGO-REG-0018',20,'No. 24, Main Street, Bentota','Dulani Rathnayake','0745744079','ngo.18@resqnet.local');
INSERT INTO `users` (`user_id`,`username`,`password_hash`,`email`,`role`,`active`) VALUES (151,'ngo_disaster_aid_trust_19','$2y$10$iiFpvIL1hfaNBYMBhqKCYuge5zWIk4DisB4TvHrBlzmuo5fjfaKY6','ngo.19@resqnet.local','ngo',0);
INSERT INTO `ngos` (`user_id`,`organization_name`,`registration_number`,`years_of_operation`,`address`,`contact_person_name`,`contact_person_telephone`,`contact_person_email`) VALUES (151,'Disaster Aid Trust','NGO-REG-0019',6,'No. 65, Main Street, Pitabeddara','Nimali Samarasinghe','0790252938','ngo.19@resqnet.local');
INSERT INTO `users` (`user_id`,`username`,`password_hash`,`email`,`role`,`active`) VALUES (152,'ngo_hope_network_20','$2y$10$iiFpvIL1hfaNBYMBhqKCYuge5zWIk4DisB4TvHrBlzmuo5fjfaKY6','ngo.20@resqnet.local','ngo',0);
INSERT INTO `ngos` (`user_id`,`organization_name`,`registration_number`,`years_of_operation`,`address`,`contact_person_name`,`contact_person_telephone`,`contact_person_email`) VALUES (152,'Hope Network','NGO-REG-0020',2,'No. 159, Main Street, Pitabeddara','Hiruni Weerasinghe','0711847559','ngo.20@resqnet.local');

-- General Users (1 per GN division)
INSERT INTO `users` (`user_id`,`username`,`password_hash`,`email`,`role`,`active`) VALUES (153,'gen_colombo','$2y$10$iiFpvIL1hfaNBYMBhqKCYuge5zWIk4DisB4TvHrBlzmuo5fjfaKY6','gen.1@resqnet.local','general',1);
INSERT INTO `general_user` (`user_id`,`name`,`contact_number`,`house_no`,`street`,`city`,`district`,`gn_division`,`sms_alert`) VALUES (153,'Iresha Weerasinghe','0718086617','50','Garden Ln','Colombo','Colombo District','Colombo',0);
INSERT INTO `users` (`user_id`,`username`,`password_hash`,`email`,`role`,`active`) VALUES (154,'gen_kolonnawa','$2y$10$iiFpvIL1hfaNBYMBhqKCYuge5zWIk4DisB4TvHrBlzmuo5fjfaKY6','gen.2@resqnet.local','general',1);
INSERT INTO `general_user` (`user_id`,`name`,`contact_number`,`house_no`,`street`,`city`,`district`,`gn_division`,`sms_alert`) VALUES (154,'Nuwan Mendis','0748562103','77','Garden Ln','Kolonnawa','Colombo District','Kolonnawa',0);
INSERT INTO `users` (`user_id`,`username`,`password_hash`,`email`,`role`,`active`) VALUES (155,'gen_nagalagam_street','$2y$10$iiFpvIL1hfaNBYMBhqKCYuge5zWIk4DisB4TvHrBlzmuo5fjfaKY6','gen.3@resqnet.local','general',1);
INSERT INTO `general_user` (`user_id`,`name`,`contact_number`,`house_no`,`street`,`city`,`district`,`gn_division`,`sms_alert`) VALUES (155,'Ashan Cooray','0745050529','93','River Rd','Nagalagam Street','Colombo District','Nagalagam Street',1);
INSERT INTO `users` (`user_id`,`username`,`password_hash`,`email`,`role`,`active`) VALUES (156,'gen_kaduwela','$2y$10$iiFpvIL1hfaNBYMBhqKCYuge5zWIk4DisB4TvHrBlzmuo5fjfaKY6','gen.4@resqnet.local','general',1);
INSERT INTO `general_user` (`user_id`,`name`,`contact_number`,`house_no`,`street`,`city`,`district`,`gn_division`,`sms_alert`) VALUES (156,'Kamal Ekanayake','0721791134','73','Temple Rd','Kaduwela','Colombo District','Kaduwela',0);
INSERT INTO `users` (`user_id`,`username`,`password_hash`,`email`,`role`,`active`) VALUES (157,'gen_homagama','$2y$10$iiFpvIL1hfaNBYMBhqKCYuge5zWIk4DisB4TvHrBlzmuo5fjfaKY6','gen.5@resqnet.local','general',1);
INSERT INTO `general_user` (`user_id`,`name`,`contact_number`,`house_no`,`street`,`city`,`district`,`gn_division`,`sms_alert`) VALUES (157,'Kamal Pathirana','0724787354','126','Garden Ln','Homagama','Colombo District','Homagama',0);
INSERT INTO `users` (`user_id`,`username`,`password_hash`,`email`,`role`,`active`) VALUES (158,'gen_hanwella_seethawaka_','$2y$10$iiFpvIL1hfaNBYMBhqKCYuge5zWIk4DisB4TvHrBlzmuo5fjfaKY6','gen.6@resqnet.local','general',1);
INSERT INTO `general_user` (`user_id`,`name`,`contact_number`,`house_no`,`street`,`city`,`district`,`gn_division`,`sms_alert`) VALUES (158,'Ayesha Ekanayake','0752088315','54','River Rd','Hanwella (Seethawaka)','Colombo District','Hanwella (Seethawaka)',1);
INSERT INTO `users` (`user_id`,`username`,`password_hash`,`email`,`role`,`active`) VALUES (159,'gen_hanwella','$2y$10$iiFpvIL1hfaNBYMBhqKCYuge5zWIk4DisB4TvHrBlzmuo5fjfaKY6','gen.7@resqnet.local','general',1);
INSERT INTO `general_user` (`user_id`,`name`,`contact_number`,`house_no`,`street`,`city`,`district`,`gn_division`,`sms_alert`) VALUES (159,'Pradeep Dissanayake','0789715894','99','Garden Ln','Hanwella','Colombo District','Hanwella',0);
INSERT INTO `users` (`user_id`,`username`,`password_hash`,`email`,`role`,`active`) VALUES (160,'gen_padukka','$2y$10$iiFpvIL1hfaNBYMBhqKCYuge5zWIk4DisB4TvHrBlzmuo5fjfaKY6','gen.8@resqnet.local','general',1);
INSERT INTO `general_user` (`user_id`,`name`,`contact_number`,`house_no`,`street`,`city`,`district`,`gn_division`,`sms_alert`) VALUES (160,'Sunil Karunaratne','0725199501','3','Lake Rd','Padukka','Colombo District','Padukka',0);
INSERT INTO `users` (`user_id`,`username`,`password_hash`,`email`,`role`,`active`) VALUES (161,'gen_maharagama','$2y$10$iiFpvIL1hfaNBYMBhqKCYuge5zWIk4DisB4TvHrBlzmuo5fjfaKY6','gen.9@resqnet.local','general',1);
INSERT INTO `general_user` (`user_id`,`name`,`contact_number`,`house_no`,`street`,`city`,`district`,`gn_division`,`sms_alert`) VALUES (161,'Hiruni Wijesinghe','0787917400','99','Lake Rd','Maharagama','Colombo District','Maharagama',1);
INSERT INTO `users` (`user_id`,`username`,`password_hash`,`email`,`role`,`active`) VALUES (162,'gen_sri_jayawardenepura_kotte','$2y$10$iiFpvIL1hfaNBYMBhqKCYuge5zWIk4DisB4TvHrBlzmuo5fjfaKY6','gen.10@resqnet.local','general',1);
INSERT INTO `general_user` (`user_id`,`name`,`contact_number`,`house_no`,`street`,`city`,`district`,`gn_division`,`sms_alert`) VALUES (162,'Tharushi Cooray','0759296756','105','Main St','Sri Jayawardenepura Kotte','Colombo District','Sri Jayawardenepura Kotte',0);
INSERT INTO `users` (`user_id`,`username`,`password_hash`,`email`,`role`,`active`) VALUES (163,'gen_thimbirigasyaya','$2y$10$iiFpvIL1hfaNBYMBhqKCYuge5zWIk4DisB4TvHrBlzmuo5fjfaKY6','gen.11@resqnet.local','general',1);
INSERT INTO `general_user` (`user_id`,`name`,`contact_number`,`house_no`,`street`,`city`,`district`,`gn_division`,`sms_alert`) VALUES (163,'Nuwan Silva','0773184913','61','Lake Rd','Thimbirigasyaya','Colombo District','Thimbirigasyaya',0);
INSERT INTO `users` (`user_id`,`username`,`password_hash`,`email`,`role`,`active`) VALUES (164,'gen_dehiwala','$2y$10$iiFpvIL1hfaNBYMBhqKCYuge5zWIk4DisB4TvHrBlzmuo5fjfaKY6','gen.12@resqnet.local','general',1);
INSERT INTO `general_user` (`user_id`,`name`,`contact_number`,`house_no`,`street`,`city`,`district`,`gn_division`,`sms_alert`) VALUES (164,'Kavisha Wickramasinghe','0740177460','148','River Rd','Dehiwala','Colombo District','Dehiwala',1);
INSERT INTO `users` (`user_id`,`username`,`password_hash`,`email`,`role`,`active`) VALUES (165,'gen_ratmalana','$2y$10$iiFpvIL1hfaNBYMBhqKCYuge5zWIk4DisB4TvHrBlzmuo5fjfaKY6','gen.13@resqnet.local','general',1);
INSERT INTO `general_user` (`user_id`,`name`,`contact_number`,`house_no`,`street`,`city`,`district`,`gn_division`,`sms_alert`) VALUES (165,'Kasun Ekanayake','0794281729','66','Station Rd','Ratmalana','Colombo District','Ratmalana',0);
INSERT INTO `users` (`user_id`,`username`,`password_hash`,`email`,`role`,`active`) VALUES (166,'gen_moratuwa','$2y$10$iiFpvIL1hfaNBYMBhqKCYuge5zWIk4DisB4TvHrBlzmuo5fjfaKY6','gen.14@resqnet.local','general',1);
INSERT INTO `general_user` (`user_id`,`name`,`contact_number`,`house_no`,`street`,`city`,`district`,`gn_division`,`sms_alert`) VALUES (166,'Sunil Ekanayake','0728422902','10','Temple Rd','Moratuwa','Colombo District','Moratuwa',0);
INSERT INTO `users` (`user_id`,`username`,`password_hash`,`email`,`role`,`active`) VALUES (167,'gen_kesbewa','$2y$10$iiFpvIL1hfaNBYMBhqKCYuge5zWIk4DisB4TvHrBlzmuo5fjfaKY6','gen.15@resqnet.local','general',1);
INSERT INTO `general_user` (`user_id`,`name`,`contact_number`,`house_no`,`street`,`city`,`district`,`gn_division`,`sms_alert`) VALUES (167,'Ishan Gunasekara','0797299270','60','Hill St','Kesbewa','Colombo District','Kesbewa',1);
INSERT INTO `users` (`user_id`,`username`,`password_hash`,`email`,`role`,`active`) VALUES (168,'gen_negombo','$2y$10$iiFpvIL1hfaNBYMBhqKCYuge5zWIk4DisB4TvHrBlzmuo5fjfaKY6','gen.16@resqnet.local','general',1);
INSERT INTO `general_user` (`user_id`,`name`,`contact_number`,`house_no`,`street`,`city`,`district`,`gn_division`,`sms_alert`) VALUES (168,'Nuwan Senanayake','0718944156','144','Temple Rd','Negombo','Gampaha District','Negombo',0);
INSERT INTO `users` (`user_id`,`username`,`password_hash`,`email`,`role`,`active`) VALUES (169,'gen_katana','$2y$10$iiFpvIL1hfaNBYMBhqKCYuge5zWIk4DisB4TvHrBlzmuo5fjfaKY6','gen.17@resqnet.local','general',1);
INSERT INTO `general_user` (`user_id`,`name`,`contact_number`,`house_no`,`street`,`city`,`district`,`gn_division`,`sms_alert`) VALUES (169,'Iresha Pathirana','0771677455','65','Garden Ln','Katana','Gampaha District','Katana',0);
INSERT INTO `users` (`user_id`,`username`,`password_hash`,`email`,`role`,`active`) VALUES (170,'gen_divulapitiya','$2y$10$iiFpvIL1hfaNBYMBhqKCYuge5zWIk4DisB4TvHrBlzmuo5fjfaKY6','gen.18@resqnet.local','general',1);
INSERT INTO `general_user` (`user_id`,`name`,`contact_number`,`house_no`,`street`,`city`,`district`,`gn_division`,`sms_alert`) VALUES (170,'Chathura Weerasinghe','0718837938','124','Garden Ln','Divulapitiya','Gampaha District','Divulapitiya',1);
INSERT INTO `users` (`user_id`,`username`,`password_hash`,`email`,`role`,`active`) VALUES (171,'gen_mirigama','$2y$10$iiFpvIL1hfaNBYMBhqKCYuge5zWIk4DisB4TvHrBlzmuo5fjfaKY6','gen.19@resqnet.local','general',1);
INSERT INTO `general_user` (`user_id`,`name`,`contact_number`,`house_no`,`street`,`city`,`district`,`gn_division`,`sms_alert`) VALUES (171,'Ashan Rathnayake','0792886868','37','Temple Rd','Mirigama','Gampaha District','Mirigama',0);
INSERT INTO `users` (`user_id`,`username`,`password_hash`,`email`,`role`,`active`) VALUES (172,'gen_minuwangoda','$2y$10$iiFpvIL1hfaNBYMBhqKCYuge5zWIk4DisB4TvHrBlzmuo5fjfaKY6','gen.20@resqnet.local','general',1);
INSERT INTO `general_user` (`user_id`,`name`,`contact_number`,`house_no`,`street`,`city`,`district`,`gn_division`,`sms_alert`) VALUES (172,'Kumari Dissanayake','0755057773','10','Lake Rd','Minuwangoda','Gampaha District','Minuwangoda',0);
INSERT INTO `users` (`user_id`,`username`,`password_hash`,`email`,`role`,`active`) VALUES (173,'gen_wattala','$2y$10$iiFpvIL1hfaNBYMBhqKCYuge5zWIk4DisB4TvHrBlzmuo5fjfaKY6','gen.21@resqnet.local','general',1);
INSERT INTO `general_user` (`user_id`,`name`,`contact_number`,`house_no`,`street`,`city`,`district`,`gn_division`,`sms_alert`) VALUES (173,'Iresha Senanayake','0716800666','90','Station Rd','Wattala','Gampaha District','Wattala',1);
INSERT INTO `users` (`user_id`,`username`,`password_hash`,`email`,`role`,`active`) VALUES (174,'gen_ja_ela','$2y$10$iiFpvIL1hfaNBYMBhqKCYuge5zWIk4DisB4TvHrBlzmuo5fjfaKY6','gen.22@resqnet.local','general',1);
INSERT INTO `general_user` (`user_id`,`name`,`contact_number`,`house_no`,`street`,`city`,`district`,`gn_division`,`sms_alert`) VALUES (174,'Pavithra Rathnayake','0745125424','43','Garden Ln','Ja-Ela','Gampaha District','Ja-Ela',0);
INSERT INTO `users` (`user_id`,`username`,`password_hash`,`email`,`role`,`active`) VALUES (175,'gen_gampaha','$2y$10$iiFpvIL1hfaNBYMBhqKCYuge5zWIk4DisB4TvHrBlzmuo5fjfaKY6','gen.23@resqnet.local','general',1);
INSERT INTO `general_user` (`user_id`,`name`,`contact_number`,`house_no`,`street`,`city`,`district`,`gn_division`,`sms_alert`) VALUES (175,'Rashmi Wijesinghe','0712887453','60','Lake Rd','Gampaha','Gampaha District','Gampaha',0);
INSERT INTO `users` (`user_id`,`username`,`password_hash`,`email`,`role`,`active`) VALUES (176,'gen_attanagalla','$2y$10$iiFpvIL1hfaNBYMBhqKCYuge5zWIk4DisB4TvHrBlzmuo5fjfaKY6','gen.24@resqnet.local','general',1);
INSERT INTO `general_user` (`user_id`,`name`,`contact_number`,`house_no`,`street`,`city`,`district`,`gn_division`,`sms_alert`) VALUES (176,'Ranjith Silva','0787442229','18','Temple Rd','Attanagalla','Gampaha District','Attanagalla',1);
INSERT INTO `users` (`user_id`,`username`,`password_hash`,`email`,`role`,`active`) VALUES (177,'gen_dompe','$2y$10$iiFpvIL1hfaNBYMBhqKCYuge5zWIk4DisB4TvHrBlzmuo5fjfaKY6','gen.25@resqnet.local','general',1);
INSERT INTO `general_user` (`user_id`,`name`,`contact_number`,`house_no`,`street`,`city`,`district`,`gn_division`,`sms_alert`) VALUES (177,'Chaminda Wijesinghe','0787685361','49','Station Rd','Dompe','Gampaha District','Dompe',0);
INSERT INTO `users` (`user_id`,`username`,`password_hash`,`email`,`role`,`active`) VALUES (178,'gen_mahara','$2y$10$iiFpvIL1hfaNBYMBhqKCYuge5zWIk4DisB4TvHrBlzmuo5fjfaKY6','gen.26@resqnet.local','general',1);
INSERT INTO `general_user` (`user_id`,`name`,`contact_number`,`house_no`,`street`,`city`,`district`,`gn_division`,`sms_alert`) VALUES (178,'Malith Cooray','0767181928','78','Station Rd','Mahara','Gampaha District','Mahara',0);
INSERT INTO `users` (`user_id`,`username`,`password_hash`,`email`,`role`,`active`) VALUES (179,'gen_kelaniya','$2y$10$iiFpvIL1hfaNBYMBhqKCYuge5zWIk4DisB4TvHrBlzmuo5fjfaKY6','gen.27@resqnet.local','general',1);
INSERT INTO `general_user` (`user_id`,`name`,`contact_number`,`house_no`,`street`,`city`,`district`,`gn_division`,`sms_alert`) VALUES (179,'Kumari Ekanayake','0736805215','27','Station Rd','Kelaniya','Gampaha District','Kelaniya',1);
INSERT INTO `users` (`user_id`,`username`,`password_hash`,`email`,`role`,`active`) VALUES (180,'gen_biyagama','$2y$10$iiFpvIL1hfaNBYMBhqKCYuge5zWIk4DisB4TvHrBlzmuo5fjfaKY6','gen.28@resqnet.local','general',1);
INSERT INTO `general_user` (`user_id`,`name`,`contact_number`,`house_no`,`street`,`city`,`district`,`gn_division`,`sms_alert`) VALUES (180,'Sampath Liyanage','0745235949','109','Temple Rd','Biyagama','Gampaha District','Biyagama',0);
INSERT INTO `users` (`user_id`,`username`,`password_hash`,`email`,`role`,`active`) VALUES (181,'gen_avissawella','$2y$10$iiFpvIL1hfaNBYMBhqKCYuge5zWIk4DisB4TvHrBlzmuo5fjfaKY6','gen.29@resqnet.local','general',1);
INSERT INTO `general_user` (`user_id`,`name`,`contact_number`,`house_no`,`street`,`city`,`district`,`gn_division`,`sms_alert`) VALUES (181,'Malini Mendis','0757111295','34','Temple Rd','Avissawella','Kalutara District','Avissawella',0);
INSERT INTO `users` (`user_id`,`username`,`password_hash`,`email`,`role`,`active`) VALUES (182,'gen_glencourse','$2y$10$iiFpvIL1hfaNBYMBhqKCYuge5zWIk4DisB4TvHrBlzmuo5fjfaKY6','gen.30@resqnet.local','general',1);
INSERT INTO `general_user` (`user_id`,`name`,`contact_number`,`house_no`,`street`,`city`,`district`,`gn_division`,`sms_alert`) VALUES (182,'Nimal Senanayake','0761578089','56','Garden Ln','Glencourse','Kalutara District','Glencourse',1);
INSERT INTO `users` (`user_id`,`username`,`password_hash`,`email`,`role`,`active`) VALUES (183,'gen_panadura','$2y$10$iiFpvIL1hfaNBYMBhqKCYuge5zWIk4DisB4TvHrBlzmuo5fjfaKY6','gen.31@resqnet.local','general',1);
INSERT INTO `general_user` (`user_id`,`name`,`contact_number`,`house_no`,`street`,`city`,`district`,`gn_division`,`sms_alert`) VALUES (183,'Tharushi Weerasinghe','0727945394','40','Station Rd','Panadura','Kalutara District','Panadura',0);
INSERT INTO `users` (`user_id`,`username`,`password_hash`,`email`,`role`,`active`) VALUES (184,'gen_bandaragama','$2y$10$iiFpvIL1hfaNBYMBhqKCYuge5zWIk4DisB4TvHrBlzmuo5fjfaKY6','gen.32@resqnet.local','general',1);
INSERT INTO `general_user` (`user_id`,`name`,`contact_number`,`house_no`,`street`,`city`,`district`,`gn_division`,`sms_alert`) VALUES (184,'Nadeesha Senanayake','0786606534','75','Lake Rd','Bandaragama','Kalutara District','Bandaragama',0);
INSERT INTO `users` (`user_id`,`username`,`password_hash`,`email`,`role`,`active`) VALUES (185,'gen_horana','$2y$10$iiFpvIL1hfaNBYMBhqKCYuge5zWIk4DisB4TvHrBlzmuo5fjfaKY6','gen.33@resqnet.local','general',1);
INSERT INTO `general_user` (`user_id`,`name`,`contact_number`,`house_no`,`street`,`city`,`district`,`gn_division`,`sms_alert`) VALUES (185,'Sanduni Wijesinghe','0741958334','69','Station Rd','Horana','Kalutara District','Horana',1);
INSERT INTO `users` (`user_id`,`username`,`password_hash`,`email`,`role`,`active`) VALUES (186,'gen_ingiriya','$2y$10$iiFpvIL1hfaNBYMBhqKCYuge5zWIk4DisB4TvHrBlzmuo5fjfaKY6','gen.34@resqnet.local','general',1);
INSERT INTO `general_user` (`user_id`,`name`,`contact_number`,`house_no`,`street`,`city`,`district`,`gn_division`,`sms_alert`) VALUES (186,'Roshan Dissanayake','0786669889','149','Main St','Ingiriya','Kalutara District','Ingiriya',0);
INSERT INTO `users` (`user_id`,`username`,`password_hash`,`email`,`role`,`active`) VALUES (187,'gen_bulathsinhala','$2y$10$iiFpvIL1hfaNBYMBhqKCYuge5zWIk4DisB4TvHrBlzmuo5fjfaKY6','gen.35@resqnet.local','general',1);
INSERT INTO `general_user` (`user_id`,`name`,`contact_number`,`house_no`,`street`,`city`,`district`,`gn_division`,`sms_alert`) VALUES (187,'Dilhani Dissanayake','0744449981','149','Temple Rd','Bulathsinhala','Kalutara District','Bulathsinhala',0);
INSERT INTO `users` (`user_id`,`username`,`password_hash`,`email`,`role`,`active`) VALUES (188,'gen_madurawala','$2y$10$iiFpvIL1hfaNBYMBhqKCYuge5zWIk4DisB4TvHrBlzmuo5fjfaKY6','gen.36@resqnet.local','general',1);
INSERT INTO `general_user` (`user_id`,`name`,`contact_number`,`house_no`,`street`,`city`,`district`,`gn_division`,`sms_alert`) VALUES (188,'Sampath Silva','0777226967','3','River Rd','Madurawala','Kalutara District','Madurawala',1);
INSERT INTO `users` (`user_id`,`username`,`password_hash`,`email`,`role`,`active`) VALUES (189,'gen_millaniya','$2y$10$iiFpvIL1hfaNBYMBhqKCYuge5zWIk4DisB4TvHrBlzmuo5fjfaKY6','gen.37@resqnet.local','general',1);
INSERT INTO `general_user` (`user_id`,`name`,`contact_number`,`house_no`,`street`,`city`,`district`,`gn_division`,`sms_alert`) VALUES (189,'Iresha Wijesinghe','0779993203','67','Station Rd','Millaniya','Kalutara District','Millaniya',0);
INSERT INTO `users` (`user_id`,`username`,`password_hash`,`email`,`role`,`active`) VALUES (190,'gen_kalutara','$2y$10$iiFpvIL1hfaNBYMBhqKCYuge5zWIk4DisB4TvHrBlzmuo5fjfaKY6','gen.38@resqnet.local','general',1);
INSERT INTO `general_user` (`user_id`,`name`,`contact_number`,`house_no`,`street`,`city`,`district`,`gn_division`,`sms_alert`) VALUES (190,'Kasun Cooray','0710861247','137','Station Rd','Kalutara','Kalutara District','Kalutara',0);
INSERT INTO `users` (`user_id`,`username`,`password_hash`,`email`,`role`,`active`) VALUES (191,'gen_beruwala','$2y$10$iiFpvIL1hfaNBYMBhqKCYuge5zWIk4DisB4TvHrBlzmuo5fjfaKY6','gen.39@resqnet.local','general',1);
INSERT INTO `general_user` (`user_id`,`name`,`contact_number`,`house_no`,`street`,`city`,`district`,`gn_division`,`sms_alert`) VALUES (191,'Sanduni Perera','0746246295','137','River Rd','Beruwala','Kalutara District','Beruwala',1);
INSERT INTO `users` (`user_id`,`username`,`password_hash`,`email`,`role`,`active`) VALUES (192,'gen_dodangoda','$2y$10$iiFpvIL1hfaNBYMBhqKCYuge5zWIk4DisB4TvHrBlzmuo5fjfaKY6','gen.40@resqnet.local','general',1);
INSERT INTO `general_user` (`user_id`,`name`,`contact_number`,`house_no`,`street`,`city`,`district`,`gn_division`,`sms_alert`) VALUES (192,'Gayani Gunasekara','0790597304','62','Garden Ln','Dodangoda','Kalutara District','Dodangoda',0);
INSERT INTO `users` (`user_id`,`username`,`password_hash`,`email`,`role`,`active`) VALUES (193,'gen_matugama','$2y$10$iiFpvIL1hfaNBYMBhqKCYuge5zWIk4DisB4TvHrBlzmuo5fjfaKY6','gen.41@resqnet.local','general',1);
INSERT INTO `general_user` (`user_id`,`name`,`contact_number`,`house_no`,`street`,`city`,`district`,`gn_division`,`sms_alert`) VALUES (193,'Chamari Jayawardena','0731408574','55','Hill St','Matugama','Kalutara District','Matugama',0);
INSERT INTO `users` (`user_id`,`username`,`password_hash`,`email`,`role`,`active`) VALUES (194,'gen_agalawatta','$2y$10$iiFpvIL1hfaNBYMBhqKCYuge5zWIk4DisB4TvHrBlzmuo5fjfaKY6','gen.42@resqnet.local','general',1);
INSERT INTO `general_user` (`user_id`,`name`,`contact_number`,`house_no`,`street`,`city`,`district`,`gn_division`,`sms_alert`) VALUES (194,'Sewwandi Pathirana','0767679134','84','Hill St','Agalawatta','Kalutara District','Agalawatta',1);
INSERT INTO `users` (`user_id`,`username`,`password_hash`,`email`,`role`,`active`) VALUES (195,'gen_palindanuwara','$2y$10$iiFpvIL1hfaNBYMBhqKCYuge5zWIk4DisB4TvHrBlzmuo5fjfaKY6','gen.43@resqnet.local','general',1);
INSERT INTO `general_user` (`user_id`,`name`,`contact_number`,`house_no`,`street`,`city`,`district`,`gn_division`,`sms_alert`) VALUES (195,'Tharaka Dissanayake','0791521280','27','Temple Rd','Palindanuwara','Kalutara District','Palindanuwara',0);
INSERT INTO `users` (`user_id`,`username`,`password_hash`,`email`,`role`,`active`) VALUES (196,'gen_walallavita','$2y$10$iiFpvIL1hfaNBYMBhqKCYuge5zWIk4DisB4TvHrBlzmuo5fjfaKY6','gen.44@resqnet.local','general',1);
INSERT INTO `general_user` (`user_id`,`name`,`contact_number`,`house_no`,`street`,`city`,`district`,`gn_division`,`sms_alert`) VALUES (196,'Chathura Karunaratne','0790124122','9','Hill St','Walallavita','Kalutara District','Walallavita',0);
INSERT INTO `users` (`user_id`,`username`,`password_hash`,`email`,`role`,`active`) VALUES (197,'gen_thumpane','$2y$10$iiFpvIL1hfaNBYMBhqKCYuge5zWIk4DisB4TvHrBlzmuo5fjfaKY6','gen.45@resqnet.local','general',1);
INSERT INTO `general_user` (`user_id`,`name`,`contact_number`,`house_no`,`street`,`city`,`district`,`gn_division`,`sms_alert`) VALUES (197,'Dasun Wickramasinghe','0799292144','75','Garden Ln','Thumpane','Kandy District','Thumpane',1);
INSERT INTO `users` (`user_id`,`username`,`password_hash`,`email`,`role`,`active`) VALUES (198,'gen_pujapitiya','$2y$10$iiFpvIL1hfaNBYMBhqKCYuge5zWIk4DisB4TvHrBlzmuo5fjfaKY6','gen.46@resqnet.local','general',1);
INSERT INTO `general_user` (`user_id`,`name`,`contact_number`,`house_no`,`street`,`city`,`district`,`gn_division`,`sms_alert`) VALUES (198,'Ishan Herath','0789841501','130','Main St','Pujapitiya','Kandy District','Pujapitiya',0);
INSERT INTO `users` (`user_id`,`username`,`password_hash`,`email`,`role`,`active`) VALUES (199,'gen_akurana','$2y$10$iiFpvIL1hfaNBYMBhqKCYuge5zWIk4DisB4TvHrBlzmuo5fjfaKY6','gen.47@resqnet.local','general',1);
INSERT INTO `general_user` (`user_id`,`name`,`contact_number`,`house_no`,`street`,`city`,`district`,`gn_division`,`sms_alert`) VALUES (199,'Amila Samarasinghe','0712808465','130','Garden Ln','Akurana','Kandy District','Akurana',0);
INSERT INTO `users` (`user_id`,`username`,`password_hash`,`email`,`role`,`active`) VALUES (200,'gen_pathadumbara','$2y$10$iiFpvIL1hfaNBYMBhqKCYuge5zWIk4DisB4TvHrBlzmuo5fjfaKY6','gen.48@resqnet.local','general',1);
INSERT INTO `general_user` (`user_id`,`name`,`contact_number`,`house_no`,`street`,`city`,`district`,`gn_division`,`sms_alert`) VALUES (200,'Nuwan Weerasinghe','0760115583','111','Hill St','Pathadumbara','Kandy District','Pathadumbara',1);
INSERT INTO `users` (`user_id`,`username`,`password_hash`,`email`,`role`,`active`) VALUES (201,'gen_panvila','$2y$10$iiFpvIL1hfaNBYMBhqKCYuge5zWIk4DisB4TvHrBlzmuo5fjfaKY6','gen.49@resqnet.local','general',1);
INSERT INTO `general_user` (`user_id`,`name`,`contact_number`,`house_no`,`street`,`city`,`district`,`gn_division`,`sms_alert`) VALUES (201,'Ashan Wickramasinghe','0724019448','36','Garden Ln','Panvila','Kandy District','Panvila',0);
INSERT INTO `users` (`user_id`,`username`,`password_hash`,`email`,`role`,`active`) VALUES (202,'gen_ududumbara','$2y$10$iiFpvIL1hfaNBYMBhqKCYuge5zWIk4DisB4TvHrBlzmuo5fjfaKY6','gen.50@resqnet.local','general',1);
INSERT INTO `general_user` (`user_id`,`name`,`contact_number`,`house_no`,`street`,`city`,`district`,`gn_division`,`sms_alert`) VALUES (202,'Chaminda Wijesinghe','0736922678','12','Garden Ln','Ududumbara','Kandy District','Ududumbara',0);
INSERT INTO `users` (`user_id`,`username`,`password_hash`,`email`,`role`,`active`) VALUES (203,'gen_minipe','$2y$10$iiFpvIL1hfaNBYMBhqKCYuge5zWIk4DisB4TvHrBlzmuo5fjfaKY6','gen.51@resqnet.local','general',1);
INSERT INTO `general_user` (`user_id`,`name`,`contact_number`,`house_no`,`street`,`city`,`district`,`gn_division`,`sms_alert`) VALUES (203,'Sachini Herath','0748430873','14','Lake Rd','Minipe','Kandy District','Minipe',1);
INSERT INTO `users` (`user_id`,`username`,`password_hash`,`email`,`role`,`active`) VALUES (204,'gen_medadumbara','$2y$10$iiFpvIL1hfaNBYMBhqKCYuge5zWIk4DisB4TvHrBlzmuo5fjfaKY6','gen.52@resqnet.local','general',1);
INSERT INTO `general_user` (`user_id`,`name`,`contact_number`,`house_no`,`street`,`city`,`district`,`gn_division`,`sms_alert`) VALUES (204,'Roshan Wickramasinghe','0729626842','18','Temple Rd','Medadumbara','Kandy District','Medadumbara',0);
INSERT INTO `users` (`user_id`,`username`,`password_hash`,`email`,`role`,`active`) VALUES (205,'gen_kundasale','$2y$10$iiFpvIL1hfaNBYMBhqKCYuge5zWIk4DisB4TvHrBlzmuo5fjfaKY6','gen.53@resqnet.local','general',1);
INSERT INTO `general_user` (`user_id`,`name`,`contact_number`,`house_no`,`street`,`city`,`district`,`gn_division`,`sms_alert`) VALUES (205,'Sahan Senanayake','0756254588','137','Lake Rd','Kundasale','Kandy District','Kundasale',0);
INSERT INTO `users` (`user_id`,`username`,`password_hash`,`email`,`role`,`active`) VALUES (206,'gen_kandy_four_gravets','$2y$10$iiFpvIL1hfaNBYMBhqKCYuge5zWIk4DisB4TvHrBlzmuo5fjfaKY6','gen.54@resqnet.local','general',1);
INSERT INTO `general_user` (`user_id`,`name`,`contact_number`,`house_no`,`street`,`city`,`district`,`gn_division`,`sms_alert`) VALUES (206,'Amila Wickramasinghe','0767685277','23','Lake Rd','Kandy Four Gravets','Kandy District','Kandy Four Gravets',1);
INSERT INTO `users` (`user_id`,`username`,`password_hash`,`email`,`role`,`active`) VALUES (207,'gen_gangawata_korale','$2y$10$iiFpvIL1hfaNBYMBhqKCYuge5zWIk4DisB4TvHrBlzmuo5fjfaKY6','gen.55@resqnet.local','general',1);
INSERT INTO `general_user` (`user_id`,`name`,`contact_number`,`house_no`,`street`,`city`,`district`,`gn_division`,`sms_alert`) VALUES (207,'Ranjith Silva','0756475542','12','Temple Rd','Gangawata Korale','Kandy District','Gangawata Korale',0);
INSERT INTO `users` (`user_id`,`username`,`password_hash`,`email`,`role`,`active`) VALUES (208,'gen_yatinuwara','$2y$10$iiFpvIL1hfaNBYMBhqKCYuge5zWIk4DisB4TvHrBlzmuo5fjfaKY6','gen.56@resqnet.local','general',1);
INSERT INTO `general_user` (`user_id`,`name`,`contact_number`,`house_no`,`street`,`city`,`district`,`gn_division`,`sms_alert`) VALUES (208,'Lahiru Rathnayake','0744885080','121','Hill St','Yatinuwara','Kandy District','Yatinuwara',0);
INSERT INTO `users` (`user_id`,`username`,`password_hash`,`email`,`role`,`active`) VALUES (209,'gen_udunuwara','$2y$10$iiFpvIL1hfaNBYMBhqKCYuge5zWIk4DisB4TvHrBlzmuo5fjfaKY6','gen.57@resqnet.local','general',1);
INSERT INTO `general_user` (`user_id`,`name`,`contact_number`,`house_no`,`street`,`city`,`district`,`gn_division`,`sms_alert`) VALUES (209,'Anusha Ekanayake','0714664146','28','Temple Rd','Udunuwara','Kandy District','Udunuwara',1);
INSERT INTO `users` (`user_id`,`username`,`password_hash`,`email`,`role`,`active`) VALUES (210,'gen_doluwa','$2y$10$iiFpvIL1hfaNBYMBhqKCYuge5zWIk4DisB4TvHrBlzmuo5fjfaKY6','gen.58@resqnet.local','general',1);
INSERT INTO `general_user` (`user_id`,`name`,`contact_number`,`house_no`,`street`,`city`,`district`,`gn_division`,`sms_alert`) VALUES (210,'Kamal Senanayake','0712356081','118','Station Rd','Doluwa','Kandy District','Doluwa',0);
INSERT INTO `users` (`user_id`,`username`,`password_hash`,`email`,`role`,`active`) VALUES (211,'gen_pathahewaheta','$2y$10$iiFpvIL1hfaNBYMBhqKCYuge5zWIk4DisB4TvHrBlzmuo5fjfaKY6','gen.59@resqnet.local','general',1);
INSERT INTO `general_user` (`user_id`,`name`,`contact_number`,`house_no`,`street`,`city`,`district`,`gn_division`,`sms_alert`) VALUES (211,'Anusha Wijesinghe','0727638455','77','Lake Rd','Pathahewaheta','Kandy District','Pathahewaheta',0);
INSERT INTO `users` (`user_id`,`username`,`password_hash`,`email`,`role`,`active`) VALUES (212,'gen_delthota','$2y$10$iiFpvIL1hfaNBYMBhqKCYuge5zWIk4DisB4TvHrBlzmuo5fjfaKY6','gen.60@resqnet.local','general',1);
INSERT INTO `general_user` (`user_id`,`name`,`contact_number`,`house_no`,`street`,`city`,`district`,`gn_division`,`sms_alert`) VALUES (212,'Ranjith Rathnayake','0778807786','72','Garden Ln','Delthota','Kandy District','Delthota',1);
INSERT INTO `users` (`user_id`,`username`,`password_hash`,`email`,`role`,`active`) VALUES (213,'gen_udapalatha','$2y$10$iiFpvIL1hfaNBYMBhqKCYuge5zWIk4DisB4TvHrBlzmuo5fjfaKY6','gen.61@resqnet.local','general',1);
INSERT INTO `general_user` (`user_id`,`name`,`contact_number`,`house_no`,`street`,`city`,`district`,`gn_division`,`sms_alert`) VALUES (213,'Dulani Cooray','0728617993','15','Lake Rd','Udapalatha','Kandy District','Udapalatha',0);
INSERT INTO `users` (`user_id`,`username`,`password_hash`,`email`,`role`,`active`) VALUES (214,'gen_ganga_ihala_korale','$2y$10$iiFpvIL1hfaNBYMBhqKCYuge5zWIk4DisB4TvHrBlzmuo5fjfaKY6','gen.62@resqnet.local','general',1);
INSERT INTO `general_user` (`user_id`,`name`,`contact_number`,`house_no`,`street`,`city`,`district`,`gn_division`,`sms_alert`) VALUES (214,'Lahiru Senanayake','0728705533','20','Main St','Ganga Ihala Korale','Kandy District','Ganga Ihala Korale',0);
INSERT INTO `users` (`user_id`,`username`,`password_hash`,`email`,`role`,`active`) VALUES (215,'gen_pasbage_korale','$2y$10$iiFpvIL1hfaNBYMBhqKCYuge5zWIk4DisB4TvHrBlzmuo5fjfaKY6','gen.63@resqnet.local','general',1);
INSERT INTO `general_user` (`user_id`,`name`,`contact_number`,`house_no`,`street`,`city`,`district`,`gn_division`,`sms_alert`) VALUES (215,'Kasun Wickramasinghe','0751297141','89','Garden Ln','Pasbage Korale','Kandy District','Pasbage Korale',1);
INSERT INTO `users` (`user_id`,`username`,`password_hash`,`email`,`role`,`active`) VALUES (216,'gen_hatharaliyadda','$2y$10$iiFpvIL1hfaNBYMBhqKCYuge5zWIk4DisB4TvHrBlzmuo5fjfaKY6','gen.64@resqnet.local','general',1);
INSERT INTO `general_user` (`user_id`,`name`,`contact_number`,`house_no`,`street`,`city`,`district`,`gn_division`,`sms_alert`) VALUES (216,'Chaminda Wijesinghe','0753871032','97','Station Rd','Hatharaliyadda','Kandy District','Hatharaliyadda',0);
INSERT INTO `users` (`user_id`,`username`,`password_hash`,`email`,`role`,`active`) VALUES (217,'gen_nawalapitiya','$2y$10$iiFpvIL1hfaNBYMBhqKCYuge5zWIk4DisB4TvHrBlzmuo5fjfaKY6','gen.65@resqnet.local','general',1);
INSERT INTO `general_user` (`user_id`,`name`,`contact_number`,`house_no`,`street`,`city`,`district`,`gn_division`,`sms_alert`) VALUES (217,'Malith Wijesinghe','0773133382','140','Station Rd','Nawalapitiya','Kandy District','Nawalapitiya',0);
INSERT INTO `users` (`user_id`,`username`,`password_hash`,`email`,`role`,`active`) VALUES (218,'gen_peradeniya','$2y$10$iiFpvIL1hfaNBYMBhqKCYuge5zWIk4DisB4TvHrBlzmuo5fjfaKY6','gen.66@resqnet.local','general',1);
INSERT INTO `general_user` (`user_id`,`name`,`contact_number`,`house_no`,`street`,`city`,`district`,`gn_division`,`sms_alert`) VALUES (218,'Chathura Liyanage','0751237673','97','Hill St','Peradeniya','Kandy District','Peradeniya',1);
INSERT INTO `users` (`user_id`,`username`,`password_hash`,`email`,`role`,`active`) VALUES (219,'gen_weraganthota','$2y$10$iiFpvIL1hfaNBYMBhqKCYuge5zWIk4DisB4TvHrBlzmuo5fjfaKY6','gen.67@resqnet.local','general',1);
INSERT INTO `general_user` (`user_id`,`name`,`contact_number`,`house_no`,`street`,`city`,`district`,`gn_division`,`sms_alert`) VALUES (219,'Tharushi Mendis','0763382908','62','Station Rd','Weraganthota','Kandy District','Weraganthota',0);
INSERT INTO `users` (`user_id`,`username`,`password_hash`,`email`,`role`,`active`) VALUES (220,'gen_deraniyagala','$2y$10$iiFpvIL1hfaNBYMBhqKCYuge5zWIk4DisB4TvHrBlzmuo5fjfaKY6','gen.68@resqnet.local','general',1);
INSERT INTO `general_user` (`user_id`,`name`,`contact_number`,`house_no`,`street`,`city`,`district`,`gn_division`,`sms_alert`) VALUES (220,'Ranjith Wickramasinghe','0770569790','132','Main St','Deraniyagala','Kegalle District','Deraniyagala',0);
INSERT INTO `users` (`user_id`,`username`,`password_hash`,`email`,`role`,`active`) VALUES (221,'gen_holombuwa','$2y$10$iiFpvIL1hfaNBYMBhqKCYuge5zWIk4DisB4TvHrBlzmuo5fjfaKY6','gen.69@resqnet.local','general',1);
INSERT INTO `general_user` (`user_id`,`name`,`contact_number`,`house_no`,`street`,`city`,`district`,`gn_division`,`sms_alert`) VALUES (221,'Amila Fernando','0748854812','40','Lake Rd','Holombuwa','Kegalle District','Holombuwa',1);
INSERT INTO `users` (`user_id`,`username`,`password_hash`,`email`,`role`,`active`) VALUES (222,'gen_kithulgala','$2y$10$iiFpvIL1hfaNBYMBhqKCYuge5zWIk4DisB4TvHrBlzmuo5fjfaKY6','gen.70@resqnet.local','general',1);
INSERT INTO `general_user` (`user_id`,`name`,`contact_number`,`house_no`,`street`,`city`,`district`,`gn_division`,`sms_alert`) VALUES (222,'Nadeesha Gunasekara','0742632199','49','Main St','Kithulgala','Kegalle District','Kithulgala',0);
INSERT INTO `users` (`user_id`,`username`,`password_hash`,`email`,`role`,`active`) VALUES (223,'gen_mawanella','$2y$10$iiFpvIL1hfaNBYMBhqKCYuge5zWIk4DisB4TvHrBlzmuo5fjfaKY6','gen.71@resqnet.local','general',1);
INSERT INTO `general_user` (`user_id`,`name`,`contact_number`,`house_no`,`street`,`city`,`district`,`gn_division`,`sms_alert`) VALUES (223,'Pradeep Fernando','0751048496','130','River Rd','Mawanella','Kegalle District','Mawanella',0);
INSERT INTO `users` (`user_id`,`username`,`password_hash`,`email`,`role`,`active`) VALUES (224,'gen_ruwanwella','$2y$10$iiFpvIL1hfaNBYMBhqKCYuge5zWIk4DisB4TvHrBlzmuo5fjfaKY6','gen.72@resqnet.local','general',1);
INSERT INTO `general_user` (`user_id`,`name`,`contact_number`,`house_no`,`street`,`city`,`district`,`gn_division`,`sms_alert`) VALUES (224,'Gayani Samarasinghe','0737271566','82','Temple Rd','Ruwanwella','Kegalle District','Ruwanwella',1);
INSERT INTO `users` (`user_id`,`username`,`password_hash`,`email`,`role`,`active`) VALUES (225,'gen_yatiyanthota','$2y$10$iiFpvIL1hfaNBYMBhqKCYuge5zWIk4DisB4TvHrBlzmuo5fjfaKY6','gen.73@resqnet.local','general',1);
INSERT INTO `general_user` (`user_id`,`name`,`contact_number`,`house_no`,`street`,`city`,`district`,`gn_division`,`sms_alert`) VALUES (225,'Amila Fernando','0765838781','16','Station Rd','Yatiyanthota','Kegalle District','Yatiyanthota',0);
INSERT INTO `users` (`user_id`,`username`,`password_hash`,`email`,`role`,`active`) VALUES (226,'gen_warakapola','$2y$10$iiFpvIL1hfaNBYMBhqKCYuge5zWIk4DisB4TvHrBlzmuo5fjfaKY6','gen.74@resqnet.local','general',1);
INSERT INTO `general_user` (`user_id`,`name`,`contact_number`,`house_no`,`street`,`city`,`district`,`gn_division`,`sms_alert`) VALUES (226,'Tharushi Wickramasinghe','0749353411','39','Hill St','Warakapola','Kegalle District','Warakapola',0);
INSERT INTO `users` (`user_id`,`username`,`password_hash`,`email`,`role`,`active`) VALUES (227,'gen_rathnapura','$2y$10$iiFpvIL1hfaNBYMBhqKCYuge5zWIk4DisB4TvHrBlzmuo5fjfaKY6','gen.75@resqnet.local','general',1);
INSERT INTO `general_user` (`user_id`,`name`,`contact_number`,`house_no`,`street`,`city`,`district`,`gn_division`,`sms_alert`) VALUES (227,'Dasun Ekanayake','0751266881','84','Lake Rd','Rathnapura','Ratnapura District','Rathnapura',1);
INSERT INTO `users` (`user_id`,`username`,`password_hash`,`email`,`role`,`active`) VALUES (228,'gen_ellagawa','$2y$10$iiFpvIL1hfaNBYMBhqKCYuge5zWIk4DisB4TvHrBlzmuo5fjfaKY6','gen.76@resqnet.local','general',1);
INSERT INTO `general_user` (`user_id`,`name`,`contact_number`,`house_no`,`street`,`city`,`district`,`gn_division`,`sms_alert`) VALUES (228,'Sanduni Wickramasinghe','0773600803','13','Hill St','Ellagawa','Ratnapura District','Ellagawa',0);
INSERT INTO `users` (`user_id`,`username`,`password_hash`,`email`,`role`,`active`) VALUES (229,'gen_kalawellawa','$2y$10$iiFpvIL1hfaNBYMBhqKCYuge5zWIk4DisB4TvHrBlzmuo5fjfaKY6','gen.77@resqnet.local','general',1);
INSERT INTO `general_user` (`user_id`,`name`,`contact_number`,`house_no`,`street`,`city`,`district`,`gn_division`,`sms_alert`) VALUES (229,'Kavisha Pathirana','0779918090','24','Main St','Kalawellawa','Ratnapura District','Kalawellawa',0);
INSERT INTO `users` (`user_id`,`username`,`password_hash`,`email`,`role`,`active`) VALUES (230,'gen_magura','$2y$10$iiFpvIL1hfaNBYMBhqKCYuge5zWIk4DisB4TvHrBlzmuo5fjfaKY6','gen.78@resqnet.local','general',1);
INSERT INTO `general_user` (`user_id`,`name`,`contact_number`,`house_no`,`street`,`city`,`district`,`gn_division`,`sms_alert`) VALUES (230,'Tharushi Liyanage','0765244405','134','Station Rd','Magura','Ratnapura District','Magura',1);
INSERT INTO `users` (`user_id`,`username`,`password_hash`,`email`,`role`,`active`) VALUES (231,'gen_putupaula','$2y$10$iiFpvIL1hfaNBYMBhqKCYuge5zWIk4DisB4TvHrBlzmuo5fjfaKY6','gen.79@resqnet.local','general',1);
INSERT INTO `general_user` (`user_id`,`name`,`contact_number`,`house_no`,`street`,`city`,`district`,`gn_division`,`sms_alert`) VALUES (231,'Lahiru Samarasinghe','0737506700','62','Garden Ln','Putupaula','Ratnapura District','Putupaula',0);
INSERT INTO `users` (`user_id`,`username`,`password_hash`,`email`,`role`,`active`) VALUES (232,'gen_kuruwita','$2y$10$iiFpvIL1hfaNBYMBhqKCYuge5zWIk4DisB4TvHrBlzmuo5fjfaKY6','gen.80@resqnet.local','general',1);
INSERT INTO `general_user` (`user_id`,`name`,`contact_number`,`house_no`,`street`,`city`,`district`,`gn_division`,`sms_alert`) VALUES (232,'Nadeesha Pathirana','0733712340','77','Main St','Kuruwita','Ratnapura District','Kuruwita',0);
INSERT INTO `users` (`user_id`,`username`,`password_hash`,`email`,`role`,`active`) VALUES (233,'gen_pelmadulla','$2y$10$iiFpvIL1hfaNBYMBhqKCYuge5zWIk4DisB4TvHrBlzmuo5fjfaKY6','gen.81@resqnet.local','general',1);
INSERT INTO `general_user` (`user_id`,`name`,`contact_number`,`house_no`,`street`,`city`,`district`,`gn_division`,`sms_alert`) VALUES (233,'Pradeep Karunaratne','0734843949','87','Station Rd','Pelmadulla','Ratnapura District','Pelmadulla',1);
INSERT INTO `users` (`user_id`,`username`,`password_hash`,`email`,`role`,`active`) VALUES (234,'gen_balangoda','$2y$10$iiFpvIL1hfaNBYMBhqKCYuge5zWIk4DisB4TvHrBlzmuo5fjfaKY6','gen.82@resqnet.local','general',1);
INSERT INTO `general_user` (`user_id`,`name`,`contact_number`,`house_no`,`street`,`city`,`district`,`gn_division`,`sms_alert`) VALUES (234,'Sahan Karunaratne','0773821465','104','Main St','Balangoda','Ratnapura District','Balangoda',0);
INSERT INTO `users` (`user_id`,`username`,`password_hash`,`email`,`role`,`active`) VALUES (235,'gen_eheliyagoda','$2y$10$iiFpvIL1hfaNBYMBhqKCYuge5zWIk4DisB4TvHrBlzmuo5fjfaKY6','gen.83@resqnet.local','general',1);
INSERT INTO `general_user` (`user_id`,`name`,`contact_number`,`house_no`,`street`,`city`,`district`,`gn_division`,`sms_alert`) VALUES (235,'Tharaka Pathirana','0744753309','67','Garden Ln','Eheliyagoda','Ratnapura District','Eheliyagoda',0);
INSERT INTO `users` (`user_id`,`username`,`password_hash`,`email`,`role`,`active`) VALUES (236,'gen_godakawela','$2y$10$iiFpvIL1hfaNBYMBhqKCYuge5zWIk4DisB4TvHrBlzmuo5fjfaKY6','gen.84@resqnet.local','general',1);
INSERT INTO `general_user` (`user_id`,`name`,`contact_number`,`house_no`,`street`,`city`,`district`,`gn_division`,`sms_alert`) VALUES (236,'Sunil Mendis','0782254823','128','Temple Rd','Godakawela','Ratnapura District','Godakawela',1);
INSERT INTO `users` (`user_id`,`username`,`password_hash`,`email`,`role`,`active`) VALUES (237,'gen_manampitiya','$2y$10$iiFpvIL1hfaNBYMBhqKCYuge5zWIk4DisB4TvHrBlzmuo5fjfaKY6','gen.85@resqnet.local','general',1);
INSERT INTO `general_user` (`user_id`,`name`,`contact_number`,`house_no`,`street`,`city`,`district`,`gn_division`,`sms_alert`) VALUES (237,'Sunil Liyanage','0752123499','2','Station Rd','Manampitiya','Polonnaruwa District','Manampitiya',0);
INSERT INTO `users` (`user_id`,`username`,`password_hash`,`email`,`role`,`active`) VALUES (238,'gen_dimbulagala','$2y$10$iiFpvIL1hfaNBYMBhqKCYuge5zWIk4DisB4TvHrBlzmuo5fjfaKY6','gen.86@resqnet.local','general',1);
INSERT INTO `general_user` (`user_id`,`name`,`contact_number`,`house_no`,`street`,`city`,`district`,`gn_division`,`sms_alert`) VALUES (238,'Amila Mendis','0751737050','87','Station Rd','Dimbulagala','Polonnaruwa District','Dimbulagala',0);
INSERT INTO `users` (`user_id`,`username`,`password_hash`,`email`,`role`,`active`) VALUES (239,'gen_polonnaruwa','$2y$10$iiFpvIL1hfaNBYMBhqKCYuge5zWIk4DisB4TvHrBlzmuo5fjfaKY6','gen.87@resqnet.local','general',1);
INSERT INTO `general_user` (`user_id`,`name`,`contact_number`,`house_no`,`street`,`city`,`district`,`gn_division`,`sms_alert`) VALUES (239,'Amila Dissanayake','0798121554','104','Garden Ln','Polonnaruwa','Polonnaruwa District','Polonnaruwa',1);
INSERT INTO `users` (`user_id`,`username`,`password_hash`,`email`,`role`,`active`) VALUES (240,'gen_hingurakgoda','$2y$10$iiFpvIL1hfaNBYMBhqKCYuge5zWIk4DisB4TvHrBlzmuo5fjfaKY6','gen.88@resqnet.local','general',1);
INSERT INTO `general_user` (`user_id`,`name`,`contact_number`,`house_no`,`street`,`city`,`district`,`gn_division`,`sms_alert`) VALUES (240,'Ishan Weerasinghe','0769199861','131','Lake Rd','Hingurakgoda','Polonnaruwa District','Hingurakgoda',0);
INSERT INTO `users` (`user_id`,`username`,`password_hash`,`email`,`role`,`active`) VALUES (241,'gen_lankapura','$2y$10$iiFpvIL1hfaNBYMBhqKCYuge5zWIk4DisB4TvHrBlzmuo5fjfaKY6','gen.89@resqnet.local','general',1);
INSERT INTO `general_user` (`user_id`,`name`,`contact_number`,`house_no`,`street`,`city`,`district`,`gn_division`,`sms_alert`) VALUES (241,'Chaminda Silva','0756969760','53','Main St','Lankapura','Polonnaruwa District','Lankapura',0);
INSERT INTO `users` (`user_id`,`username`,`password_hash`,`email`,`role`,`active`) VALUES (242,'gen_welikanda','$2y$10$iiFpvIL1hfaNBYMBhqKCYuge5zWIk4DisB4TvHrBlzmuo5fjfaKY6','gen.90@resqnet.local','general',1);
INSERT INTO `general_user` (`user_id`,`name`,`contact_number`,`house_no`,`street`,`city`,`district`,`gn_division`,`sms_alert`) VALUES (242,'Lahiru Senanayake','0711691294','145','Main St','Welikanda','Polonnaruwa District','Welikanda',1);
INSERT INTO `users` (`user_id`,`username`,`password_hash`,`email`,`role`,`active`) VALUES (243,'gen_thaldena','$2y$10$iiFpvIL1hfaNBYMBhqKCYuge5zWIk4DisB4TvHrBlzmuo5fjfaKY6','gen.91@resqnet.local','general',1);
INSERT INTO `general_user` (`user_id`,`name`,`contact_number`,`house_no`,`street`,`city`,`district`,`gn_division`,`sms_alert`) VALUES (243,'Dulani Silva','0772129946','127','Garden Ln','Thaldena','Badulla District','Thaldena',0);
INSERT INTO `users` (`user_id`,`username`,`password_hash`,`email`,`role`,`active`) VALUES (244,'gen_welimada','$2y$10$iiFpvIL1hfaNBYMBhqKCYuge5zWIk4DisB4TvHrBlzmuo5fjfaKY6','gen.92@resqnet.local','general',1);
INSERT INTO `general_user` (`user_id`,`name`,`contact_number`,`house_no`,`street`,`city`,`district`,`gn_division`,`sms_alert`) VALUES (244,'Pavithra Perera','0749280911','104','Garden Ln','Welimada','Badulla District','Welimada',0);
INSERT INTO `users` (`user_id`,`username`,`password_hash`,`email`,`role`,`active`) VALUES (245,'gen_badulla','$2y$10$iiFpvIL1hfaNBYMBhqKCYuge5zWIk4DisB4TvHrBlzmuo5fjfaKY6','gen.93@resqnet.local','general',1);
INSERT INTO `general_user` (`user_id`,`name`,`contact_number`,`house_no`,`street`,`city`,`district`,`gn_division`,`sms_alert`) VALUES (245,'Nuwan Silva','0725800669','101','Station Rd','Badulla','Badulla District','Badulla',1);
INSERT INTO `users` (`user_id`,`username`,`password_hash`,`email`,`role`,`active`) VALUES (246,'gen_passara','$2y$10$iiFpvIL1hfaNBYMBhqKCYuge5zWIk4DisB4TvHrBlzmuo5fjfaKY6','gen.94@resqnet.local','general',1);
INSERT INTO `general_user` (`user_id`,`name`,`contact_number`,`house_no`,`street`,`city`,`district`,`gn_division`,`sms_alert`) VALUES (246,'Kumari Rathnayake','0779628512','105','Lake Rd','Passara','Badulla District','Passara',0);
INSERT INTO `users` (`user_id`,`username`,`password_hash`,`email`,`role`,`active`) VALUES (247,'gen_bandarawela','$2y$10$iiFpvIL1hfaNBYMBhqKCYuge5zWIk4DisB4TvHrBlzmuo5fjfaKY6','gen.95@resqnet.local','general',1);
INSERT INTO `general_user` (`user_id`,`name`,`contact_number`,`house_no`,`street`,`city`,`district`,`gn_division`,`sms_alert`) VALUES (247,'Kamal Jayawardena','0734854301','97','River Rd','Bandarawela','Badulla District','Bandarawela',0);
INSERT INTO `users` (`user_id`,`username`,`password_hash`,`email`,`role`,`active`) VALUES (248,'gen_hali_ela','$2y$10$iiFpvIL1hfaNBYMBhqKCYuge5zWIk4DisB4TvHrBlzmuo5fjfaKY6','gen.96@resqnet.local','general',1);
INSERT INTO `general_user` (`user_id`,`name`,`contact_number`,`house_no`,`street`,`city`,`district`,`gn_division`,`sms_alert`) VALUES (248,'Tharaka Pathirana','0711234788','26','River Rd','Hali-Ela','Badulla District','Hali-Ela',1);
INSERT INTO `users` (`user_id`,`username`,`password_hash`,`email`,`role`,`active`) VALUES (249,'gen_bentota','$2y$10$iiFpvIL1hfaNBYMBhqKCYuge5zWIk4DisB4TvHrBlzmuo5fjfaKY6','gen.97@resqnet.local','general',1);
INSERT INTO `general_user` (`user_id`,`name`,`contact_number`,`house_no`,`street`,`city`,`district`,`gn_division`,`sms_alert`) VALUES (249,'Nadeesha Rathnayake','0796559783','90','Garden Ln','Bentota','Galle District','Bentota',0);
INSERT INTO `users` (`user_id`,`username`,`password_hash`,`email`,`role`,`active`) VALUES (250,'gen_balapitiya','$2y$10$iiFpvIL1hfaNBYMBhqKCYuge5zWIk4DisB4TvHrBlzmuo5fjfaKY6','gen.98@resqnet.local','general',1);
INSERT INTO `general_user` (`user_id`,`name`,`contact_number`,`house_no`,`street`,`city`,`district`,`gn_division`,`sms_alert`) VALUES (250,'Lahiru Perera','0720876568','32','Main St','Balapitiya','Galle District','Balapitiya',0);
INSERT INTO `users` (`user_id`,`username`,`password_hash`,`email`,`role`,`active`) VALUES (251,'gen_karandeniya','$2y$10$iiFpvIL1hfaNBYMBhqKCYuge5zWIk4DisB4TvHrBlzmuo5fjfaKY6','gen.99@resqnet.local','general',1);
INSERT INTO `general_user` (`user_id`,`name`,`contact_number`,`house_no`,`street`,`city`,`district`,`gn_division`,`sms_alert`) VALUES (251,'Malith Karunaratne','0744549541','61','River Rd','Karandeniya','Galle District','Karandeniya',1);
INSERT INTO `users` (`user_id`,`username`,`password_hash`,`email`,`role`,`active`) VALUES (252,'gen_elpitiya','$2y$10$iiFpvIL1hfaNBYMBhqKCYuge5zWIk4DisB4TvHrBlzmuo5fjfaKY6','gen.100@resqnet.local','general',1);
INSERT INTO `general_user` (`user_id`,`name`,`contact_number`,`house_no`,`street`,`city`,`district`,`gn_division`,`sms_alert`) VALUES (252,'Nuwan Herath','0710822074','141','Lake Rd','Elpitiya','Galle District','Elpitiya',0);
INSERT INTO `users` (`user_id`,`username`,`password_hash`,`email`,`role`,`active`) VALUES (253,'gen_talape','$2y$10$iiFpvIL1hfaNBYMBhqKCYuge5zWIk4DisB4TvHrBlzmuo5fjfaKY6','gen.101@resqnet.local','general',1);
INSERT INTO `general_user` (`user_id`,`name`,`contact_number`,`house_no`,`street`,`city`,`district`,`gn_division`,`sms_alert`) VALUES (253,'Ayesha Liyanage','0782325772','20','Main St','Talape','Galle District','Talape',0);
INSERT INTO `users` (`user_id`,`username`,`password_hash`,`email`,`role`,`active`) VALUES (254,'gen_galle_four_gravets','$2y$10$iiFpvIL1hfaNBYMBhqKCYuge5zWIk4DisB4TvHrBlzmuo5fjfaKY6','gen.102@resqnet.local','general',1);
INSERT INTO `general_user` (`user_id`,`name`,`contact_number`,`house_no`,`street`,`city`,`district`,`gn_division`,`sms_alert`) VALUES (254,'Sampath Bandara','0731371064','16','Temple Rd','Galle Four Gravets','Galle District','Galle Four Gravets',1);
INSERT INTO `users` (`user_id`,`username`,`password_hash`,`email`,`role`,`active`) VALUES (255,'gen_bope_poddala','$2y$10$iiFpvIL1hfaNBYMBhqKCYuge5zWIk4DisB4TvHrBlzmuo5fjfaKY6','gen.103@resqnet.local','general',1);
INSERT INTO `general_user` (`user_id`,`name`,`contact_number`,`house_no`,`street`,`city`,`district`,`gn_division`,`sms_alert`) VALUES (255,'Malini Dissanayake','0749426593','53','Lake Rd','Bope-Poddala','Galle District','Bope-Poddala',0);
INSERT INTO `users` (`user_id`,`username`,`password_hash`,`email`,`role`,`active`) VALUES (256,'gen_akmeemana','$2y$10$iiFpvIL1hfaNBYMBhqKCYuge5zWIk4DisB4TvHrBlzmuo5fjfaKY6','gen.104@resqnet.local','general',1);
INSERT INTO `general_user` (`user_id`,`name`,`contact_number`,`house_no`,`street`,`city`,`district`,`gn_division`,`sms_alert`) VALUES (256,'Kasun Wijesinghe','0743333114','145','Lake Rd','Akmeemana','Galle District','Akmeemana',0);
INSERT INTO `users` (`user_id`,`username`,`password_hash`,`email`,`role`,`active`) VALUES (257,'gen_yakkalamulla','$2y$10$iiFpvIL1hfaNBYMBhqKCYuge5zWIk4DisB4TvHrBlzmuo5fjfaKY6','gen.105@resqnet.local','general',1);
INSERT INTO `general_user` (`user_id`,`name`,`contact_number`,`house_no`,`street`,`city`,`district`,`gn_division`,`sms_alert`) VALUES (257,'Dilhani Samarasinghe','0744424575','71','Lake Rd','Yakkalamulla','Galle District','Yakkalamulla',1);
INSERT INTO `users` (`user_id`,`username`,`password_hash`,`email`,`role`,`active`) VALUES (258,'gen_imaduwa','$2y$10$iiFpvIL1hfaNBYMBhqKCYuge5zWIk4DisB4TvHrBlzmuo5fjfaKY6','gen.106@resqnet.local','general',1);
INSERT INTO `general_user` (`user_id`,`name`,`contact_number`,`house_no`,`street`,`city`,`district`,`gn_division`,`sms_alert`) VALUES (258,'Nimal Herath','0736856137','28','Station Rd','Imaduwa','Galle District','Imaduwa',0);
INSERT INTO `users` (`user_id`,`username`,`password_hash`,`email`,`role`,`active`) VALUES (259,'gen_habaraduwa','$2y$10$iiFpvIL1hfaNBYMBhqKCYuge5zWIk4DisB4TvHrBlzmuo5fjfaKY6','gen.107@resqnet.local','general',1);
INSERT INTO `general_user` (`user_id`,`name`,`contact_number`,`house_no`,`street`,`city`,`district`,`gn_division`,`sms_alert`) VALUES (259,'Tharushi Jayawardena','0738897276','49','River Rd','Habaraduwa','Galle District','Habaraduwa',0);
INSERT INTO `users` (`user_id`,`username`,`password_hash`,`email`,`role`,`active`) VALUES (260,'gen_baddegama','$2y$10$iiFpvIL1hfaNBYMBhqKCYuge5zWIk4DisB4TvHrBlzmuo5fjfaKY6','gen.108@resqnet.local','general',1);
INSERT INTO `general_user` (`user_id`,`name`,`contact_number`,`house_no`,`street`,`city`,`district`,`gn_division`,`sms_alert`) VALUES (260,'Ishan Rathnayake','0760567141','2','Lake Rd','Baddegama','Galle District','Baddegama',1);
INSERT INTO `users` (`user_id`,`username`,`password_hash`,`email`,`role`,`active`) VALUES (261,'gen_nagoda','$2y$10$iiFpvIL1hfaNBYMBhqKCYuge5zWIk4DisB4TvHrBlzmuo5fjfaKY6','gen.109@resqnet.local','general',1);
INSERT INTO `general_user` (`user_id`,`name`,`contact_number`,`house_no`,`street`,`city`,`district`,`gn_division`,`sms_alert`) VALUES (261,'Malith Bandara','0717299998','39','Main St','Nagoda','Galle District','Nagoda',0);
INSERT INTO `users` (`user_id`,`username`,`password_hash`,`email`,`role`,`active`) VALUES (262,'gen_neluwa','$2y$10$iiFpvIL1hfaNBYMBhqKCYuge5zWIk4DisB4TvHrBlzmuo5fjfaKY6','gen.110@resqnet.local','general',1);
INSERT INTO `general_user` (`user_id`,`name`,`contact_number`,`house_no`,`street`,`city`,`district`,`gn_division`,`sms_alert`) VALUES (262,'Sanduni Fernando','0775958310','31','Main St','Neluwa','Galle District','Neluwa',0);
INSERT INTO `users` (`user_id`,`username`,`password_hash`,`email`,`role`,`active`) VALUES (263,'gen_thawalama','$2y$10$iiFpvIL1hfaNBYMBhqKCYuge5zWIk4DisB4TvHrBlzmuo5fjfaKY6','gen.111@resqnet.local','general',1);
INSERT INTO `general_user` (`user_id`,`name`,`contact_number`,`house_no`,`street`,`city`,`district`,`gn_division`,`sms_alert`) VALUES (263,'Malith Dissanayake','0767124125','58','Hill St','Thawalama','Galle District','Thawalama',1);
INSERT INTO `users` (`user_id`,`username`,`password_hash`,`email`,`role`,`active`) VALUES (264,'gen_welivitiya_divithura','$2y$10$iiFpvIL1hfaNBYMBhqKCYuge5zWIk4DisB4TvHrBlzmuo5fjfaKY6','gen.112@resqnet.local','general',1);
INSERT INTO `general_user` (`user_id`,`name`,`contact_number`,`house_no`,`street`,`city`,`district`,`gn_division`,`sms_alert`) VALUES (264,'Sampath Weerasinghe','0764346070','62','Main St','Welivitiya-Divithura','Galle District','Welivitiya-Divithura',0);
INSERT INTO `users` (`user_id`,`username`,`password_hash`,`email`,`role`,`active`) VALUES (265,'gen_ambalangoda','$2y$10$iiFpvIL1hfaNBYMBhqKCYuge5zWIk4DisB4TvHrBlzmuo5fjfaKY6','gen.113@resqnet.local','general',1);
INSERT INTO `general_user` (`user_id`,`name`,`contact_number`,`house_no`,`street`,`city`,`district`,`gn_division`,`sms_alert`) VALUES (265,'Roshan Dissanayake','0781517240','29','Hill St','Ambalangoda','Galle District','Ambalangoda',0);
INSERT INTO `users` (`user_id`,`username`,`password_hash`,`email`,`role`,`active`) VALUES (266,'gen_hikkaduwa','$2y$10$iiFpvIL1hfaNBYMBhqKCYuge5zWIk4DisB4TvHrBlzmuo5fjfaKY6','gen.114@resqnet.local','general',1);
INSERT INTO `general_user` (`user_id`,`name`,`contact_number`,`house_no`,`street`,`city`,`district`,`gn_division`,`sms_alert`) VALUES (266,'Amila Herath','0764392539','15','River Rd','Hikkaduwa','Galle District','Hikkaduwa',1);
INSERT INTO `users` (`user_id`,`username`,`password_hash`,`email`,`role`,`active`) VALUES (267,'gen_gonapinuwala','$2y$10$iiFpvIL1hfaNBYMBhqKCYuge5zWIk4DisB4TvHrBlzmuo5fjfaKY6','gen.115@resqnet.local','general',1);
INSERT INTO `general_user` (`user_id`,`name`,`contact_number`,`house_no`,`street`,`city`,`district`,`gn_division`,`sms_alert`) VALUES (267,'Kavisha Pathirana','0769420761','25','Station Rd','Gonapinuwala','Galle District','Gonapinuwala',0);
INSERT INTO `users` (`user_id`,`username`,`password_hash`,`email`,`role`,`active`) VALUES (268,'gen_pitabeddara','$2y$10$iiFpvIL1hfaNBYMBhqKCYuge5zWIk4DisB4TvHrBlzmuo5fjfaKY6','gen.116@resqnet.local','general',1);
INSERT INTO `general_user` (`user_id`,`name`,`contact_number`,`house_no`,`street`,`city`,`district`,`gn_division`,`sms_alert`) VALUES (268,'Ishan Samarasinghe','0774786732','33','Lake Rd','Pitabeddara','Matara District','Pitabeddara',0);
INSERT INTO `users` (`user_id`,`username`,`password_hash`,`email`,`role`,`active`) VALUES (269,'gen_kotapola','$2y$10$iiFpvIL1hfaNBYMBhqKCYuge5zWIk4DisB4TvHrBlzmuo5fjfaKY6','gen.117@resqnet.local','general',1);
INSERT INTO `general_user` (`user_id`,`name`,`contact_number`,`house_no`,`street`,`city`,`district`,`gn_division`,`sms_alert`) VALUES (269,'Nimal Samarasinghe','0798201132','68','River Rd','Kotapola','Matara District','Kotapola',1);
INSERT INTO `users` (`user_id`,`username`,`password_hash`,`email`,`role`,`active`) VALUES (270,'gen_pasgoda','$2y$10$iiFpvIL1hfaNBYMBhqKCYuge5zWIk4DisB4TvHrBlzmuo5fjfaKY6','gen.118@resqnet.local','general',1);
INSERT INTO `general_user` (`user_id`,`name`,`contact_number`,`house_no`,`street`,`city`,`district`,`gn_division`,`sms_alert`) VALUES (270,'Chathura Wickramasinghe','0768334540','47','River Rd','Pasgoda','Matara District','Pasgoda',0);
INSERT INTO `users` (`user_id`,`username`,`password_hash`,`email`,`role`,`active`) VALUES (271,'gen_mulatiyana','$2y$10$iiFpvIL1hfaNBYMBhqKCYuge5zWIk4DisB4TvHrBlzmuo5fjfaKY6','gen.119@resqnet.local','general',1);
INSERT INTO `general_user` (`user_id`,`name`,`contact_number`,`house_no`,`street`,`city`,`district`,`gn_division`,`sms_alert`) VALUES (271,'Chathura Dissanayake','0772496856','50','Main St','Mulatiyana','Matara District','Mulatiyana',0);
INSERT INTO `users` (`user_id`,`username`,`password_hash`,`email`,`role`,`active`) VALUES (272,'gen_athuraliya','$2y$10$iiFpvIL1hfaNBYMBhqKCYuge5zWIk4DisB4TvHrBlzmuo5fjfaKY6','gen.120@resqnet.local','general',1);
INSERT INTO `general_user` (`user_id`,`name`,`contact_number`,`house_no`,`street`,`city`,`district`,`gn_division`,`sms_alert`) VALUES (272,'Chathura Gunasekara','0723925416','135','Hill St','Athuraliya','Matara District','Athuraliya',1);
INSERT INTO `users` (`user_id`,`username`,`password_hash`,`email`,`role`,`active`) VALUES (273,'gen_akuressa','$2y$10$iiFpvIL1hfaNBYMBhqKCYuge5zWIk4DisB4TvHrBlzmuo5fjfaKY6','gen.121@resqnet.local','general',1);
INSERT INTO `general_user` (`user_id`,`name`,`contact_number`,`house_no`,`street`,`city`,`district`,`gn_division`,`sms_alert`) VALUES (273,'Nethmi Mendis','0729352941','58','Garden Ln','Akuressa','Matara District','Akuressa',0);
INSERT INTO `users` (`user_id`,`username`,`password_hash`,`email`,`role`,`active`) VALUES (274,'gen_welipitiya','$2y$10$iiFpvIL1hfaNBYMBhqKCYuge5zWIk4DisB4TvHrBlzmuo5fjfaKY6','gen.122@resqnet.local','general',1);
INSERT INTO `general_user` (`user_id`,`name`,`contact_number`,`house_no`,`street`,`city`,`district`,`gn_division`,`sms_alert`) VALUES (274,'Chathura Samarasinghe','0739772930','107','Temple Rd','Welipitiya','Matara District','Welipitiya',0);
INSERT INTO `users` (`user_id`,`username`,`password_hash`,`email`,`role`,`active`) VALUES (275,'gen_malimbada','$2y$10$iiFpvIL1hfaNBYMBhqKCYuge5zWIk4DisB4TvHrBlzmuo5fjfaKY6','gen.123@resqnet.local','general',1);
INSERT INTO `general_user` (`user_id`,`name`,`contact_number`,`house_no`,`street`,`city`,`district`,`gn_division`,`sms_alert`) VALUES (275,'Ishan Pathirana','0780057134','68','Main St','Malimbada','Matara District','Malimbada',1);
INSERT INTO `users` (`user_id`,`username`,`password_hash`,`email`,`role`,`active`) VALUES (276,'gen_kamburupitiya','$2y$10$iiFpvIL1hfaNBYMBhqKCYuge5zWIk4DisB4TvHrBlzmuo5fjfaKY6','gen.124@resqnet.local','general',1);
INSERT INTO `general_user` (`user_id`,`name`,`contact_number`,`house_no`,`street`,`city`,`district`,`gn_division`,`sms_alert`) VALUES (276,'Ranjith Cooray','0727498773','3','Lake Rd','Kamburupitiya','Matara District','Kamburupitiya',0);
INSERT INTO `users` (`user_id`,`username`,`password_hash`,`email`,`role`,`active`) VALUES (277,'gen_hakmana','$2y$10$iiFpvIL1hfaNBYMBhqKCYuge5zWIk4DisB4TvHrBlzmuo5fjfaKY6','gen.125@resqnet.local','general',1);
INSERT INTO `general_user` (`user_id`,`name`,`contact_number`,`house_no`,`street`,`city`,`district`,`gn_division`,`sms_alert`) VALUES (277,'Sewwandi Herath','0753863244','92','Lake Rd','Hakmana','Matara District','Hakmana',0);
INSERT INTO `users` (`user_id`,`username`,`password_hash`,`email`,`role`,`active`) VALUES (278,'gen_kirinda_puhulwella','$2y$10$iiFpvIL1hfaNBYMBhqKCYuge5zWIk4DisB4TvHrBlzmuo5fjfaKY6','gen.126@resqnet.local','general',1);
INSERT INTO `general_user` (`user_id`,`name`,`contact_number`,`house_no`,`street`,`city`,`district`,`gn_division`,`sms_alert`) VALUES (278,'Chaminda Herath','0754186480','7','Hill St','Kirinda-Puhulwella','Matara District','Kirinda-Puhulwella',1);
INSERT INTO `users` (`user_id`,`username`,`password_hash`,`email`,`role`,`active`) VALUES (279,'gen_thihagoda','$2y$10$iiFpvIL1hfaNBYMBhqKCYuge5zWIk4DisB4TvHrBlzmuo5fjfaKY6','gen.127@resqnet.local','general',1);
INSERT INTO `general_user` (`user_id`,`name`,`contact_number`,`house_no`,`street`,`city`,`district`,`gn_division`,`sms_alert`) VALUES (279,'Ashan Liyanage','0744099759','128','Hill St','Thihagoda','Matara District','Thihagoda',0);
INSERT INTO `users` (`user_id`,`username`,`password_hash`,`email`,`role`,`active`) VALUES (280,'gen_weligama','$2y$10$iiFpvIL1hfaNBYMBhqKCYuge5zWIk4DisB4TvHrBlzmuo5fjfaKY6','gen.128@resqnet.local','general',1);
INSERT INTO `general_user` (`user_id`,`name`,`contact_number`,`house_no`,`street`,`city`,`district`,`gn_division`,`sms_alert`) VALUES (280,'Sanduni Perera','0795681580','93','Lake Rd','Weligama','Matara District','Weligama',0);
INSERT INTO `users` (`user_id`,`username`,`password_hash`,`email`,`role`,`active`) VALUES (281,'gen_matara_four_gravets','$2y$10$iiFpvIL1hfaNBYMBhqKCYuge5zWIk4DisB4TvHrBlzmuo5fjfaKY6','gen.129@resqnet.local','general',1);
INSERT INTO `general_user` (`user_id`,`name`,`contact_number`,`house_no`,`street`,`city`,`district`,`gn_division`,`sms_alert`) VALUES (281,'Chathura Mendis','0740066468','149','Garden Ln','Matara Four Gravets','Matara District','Matara Four Gravets',1);
INSERT INTO `users` (`user_id`,`username`,`password_hash`,`email`,`role`,`active`) VALUES (282,'gen_devinuwara','$2y$10$iiFpvIL1hfaNBYMBhqKCYuge5zWIk4DisB4TvHrBlzmuo5fjfaKY6','gen.130@resqnet.local','general',1);
INSERT INTO `general_user` (`user_id`,`name`,`contact_number`,`house_no`,`street`,`city`,`district`,`gn_division`,`sms_alert`) VALUES (282,'Ayesha Liyanage','0774532143','100','Temple Rd','Devinuwara','Matara District','Devinuwara',0);
INSERT INTO `users` (`user_id`,`username`,`password_hash`,`email`,`role`,`active`) VALUES (283,'gen_dickwella','$2y$10$iiFpvIL1hfaNBYMBhqKCYuge5zWIk4DisB4TvHrBlzmuo5fjfaKY6','gen.131@resqnet.local','general',1);
INSERT INTO `general_user` (`user_id`,`name`,`contact_number`,`house_no`,`street`,`city`,`district`,`gn_division`,`sms_alert`) VALUES (283,'Nuwan Senanayake','0727902945','25','Main St','Dickwella','Matara District','Dickwella',0);

-- Volunteers (5 per GN division)
INSERT INTO `users` (`user_id`,`username`,`password_hash`,`email`,`role`,`active`) VALUES (284,'vol_colombo_1','$2y$10$iiFpvIL1hfaNBYMBhqKCYuge5zWIk4DisB4TvHrBlzmuo5fjfaKY6','vol.1@resqnet.local','volunteer',1);
INSERT INTO `volunteers` (`user_id`,`name`,`age`,`gender`,`contact_number`,`house_no`,`street`,`city`,`district`,`gn_division`) VALUES (284,'Nuwan Senanayake',19,'male','0792120836','56','Station Rd','Colombo','Colombo District','Colombo');
INSERT INTO `skills_volunteers` (`user_id`,`skill_id`) VALUES (284,1);
INSERT INTO `volunteer_preference_volunteers` (`user_id`,`preference_id`) VALUES (284,2);
INSERT INTO `volunteer_preference_volunteers` (`user_id`,`preference_id`) VALUES (284,3);
INSERT INTO `users` (`user_id`,`username`,`password_hash`,`email`,`role`,`active`) VALUES (285,'vol_colombo_2','$2y$10$iiFpvIL1hfaNBYMBhqKCYuge5zWIk4DisB4TvHrBlzmuo5fjfaKY6','vol.2@resqnet.local','volunteer',1);
INSERT INTO `volunteers` (`user_id`,`name`,`age`,`gender`,`contact_number`,`house_no`,`street`,`city`,`district`,`gn_division`) VALUES (285,'Pavithra Weerasinghe',55,'female','0713627182','35','Lake Rd','Colombo','Colombo District','Colombo');
INSERT INTO `skills_volunteers` (`user_id`,`skill_id`) VALUES (285,5);
INSERT INTO `skills_volunteers` (`user_id`,`skill_id`) VALUES (285,6);
INSERT INTO `volunteer_preference_volunteers` (`user_id`,`preference_id`) VALUES (285,8);
INSERT INTO `users` (`user_id`,`username`,`password_hash`,`email`,`role`,`active`) VALUES (286,'vol_colombo_3','$2y$10$iiFpvIL1hfaNBYMBhqKCYuge5zWIk4DisB4TvHrBlzmuo5fjfaKY6','vol.3@resqnet.local','volunteer',1);
INSERT INTO `volunteers` (`user_id`,`name`,`age`,`gender`,`contact_number`,`house_no`,`street`,`city`,`district`,`gn_division`) VALUES (286,'Dasun Mendis',47,'other','0732192628','138','Hill St','Colombo','Colombo District','Colombo');
INSERT INTO `skills_volunteers` (`user_id`,`skill_id`) VALUES (286,3);
INSERT INTO `volunteer_preference_volunteers` (`user_id`,`preference_id`) VALUES (286,2);
INSERT INTO `volunteer_preference_volunteers` (`user_id`,`preference_id`) VALUES (286,5);
INSERT INTO `volunteer_preference_volunteers` (`user_id`,`preference_id`) VALUES (286,8);
INSERT INTO `users` (`user_id`,`username`,`password_hash`,`email`,`role`,`active`) VALUES (287,'vol_colombo_4','$2y$10$iiFpvIL1hfaNBYMBhqKCYuge5zWIk4DisB4TvHrBlzmuo5fjfaKY6','vol.4@resqnet.local','volunteer',1);
INSERT INTO `volunteers` (`user_id`,`name`,`age`,`gender`,`contact_number`,`house_no`,`street`,`city`,`district`,`gn_division`) VALUES (287,'Nuwan Weerasinghe',26,'male','0754295977','67','Hill St','Colombo','Colombo District','Colombo');
INSERT INTO `skills_volunteers` (`user_id`,`skill_id`) VALUES (287,1);
INSERT INTO `skills_volunteers` (`user_id`,`skill_id`) VALUES (287,3);
INSERT INTO `volunteer_preference_volunteers` (`user_id`,`preference_id`) VALUES (287,3);
INSERT INTO `users` (`user_id`,`username`,`password_hash`,`email`,`role`,`active`) VALUES (288,'vol_colombo_5','$2y$10$iiFpvIL1hfaNBYMBhqKCYuge5zWIk4DisB4TvHrBlzmuo5fjfaKY6','vol.5@resqnet.local','volunteer',0);
INSERT INTO `volunteers` (`user_id`,`name`,`age`,`gender`,`contact_number`,`house_no`,`street`,`city`,`district`,`gn_division`) VALUES (288,'Nadeesha Bandara',21,'female','0766427199','10','Hill St','Colombo','Colombo District','Colombo');
INSERT INTO `skills_volunteers` (`user_id`,`skill_id`) VALUES (288,5);
INSERT INTO `volunteer_preference_volunteers` (`user_id`,`preference_id`) VALUES (288,5);
INSERT INTO `users` (`user_id`,`username`,`password_hash`,`email`,`role`,`active`) VALUES (289,'vol_kolonnawa_1','$2y$10$iiFpvIL1hfaNBYMBhqKCYuge5zWIk4DisB4TvHrBlzmuo5fjfaKY6','vol.6@resqnet.local','volunteer',1);
INSERT INTO `volunteers` (`user_id`,`name`,`age`,`gender`,`contact_number`,`house_no`,`street`,`city`,`district`,`gn_division`) VALUES (289,'Dasun Dissanayake',19,'other','0742129393','80','River Rd','Kolonnawa','Colombo District','Kolonnawa');
INSERT INTO `skills_volunteers` (`user_id`,`skill_id`) VALUES (289,2);
INSERT INTO `skills_volunteers` (`user_id`,`skill_id`) VALUES (289,4);
INSERT INTO `skills_volunteers` (`user_id`,`skill_id`) VALUES (289,6);
INSERT INTO `volunteer_preference_volunteers` (`user_id`,`preference_id`) VALUES (289,1);
INSERT INTO `volunteer_preference_volunteers` (`user_id`,`preference_id`) VALUES (289,6);
INSERT INTO `users` (`user_id`,`username`,`password_hash`,`email`,`role`,`active`) VALUES (290,'vol_kolonnawa_2','$2y$10$iiFpvIL1hfaNBYMBhqKCYuge5zWIk4DisB4TvHrBlzmuo5fjfaKY6','vol.7@resqnet.local','volunteer',1);
INSERT INTO `volunteers` (`user_id`,`name`,`age`,`gender`,`contact_number`,`house_no`,`street`,`city`,`district`,`gn_division`) VALUES (290,'Sampath Silva',22,'male','0757841656','13','Church Rd','Kolonnawa','Colombo District','Kolonnawa');
INSERT INTO `skills_volunteers` (`user_id`,`skill_id`) VALUES (290,6);
INSERT INTO `volunteer_preference_volunteers` (`user_id`,`preference_id`) VALUES (290,5);
INSERT INTO `volunteer_preference_volunteers` (`user_id`,`preference_id`) VALUES (290,6);
INSERT INTO `volunteer_preference_volunteers` (`user_id`,`preference_id`) VALUES (290,8);
INSERT INTO `users` (`user_id`,`username`,`password_hash`,`email`,`role`,`active`) VALUES (291,'vol_kolonnawa_3','$2y$10$iiFpvIL1hfaNBYMBhqKCYuge5zWIk4DisB4TvHrBlzmuo5fjfaKY6','vol.8@resqnet.local','volunteer',1);
INSERT INTO `volunteers` (`user_id`,`name`,`age`,`gender`,`contact_number`,`house_no`,`street`,`city`,`district`,`gn_division`) VALUES (291,'Dilhani Liyanage',47,'female','0759547065','184','School Ln','Kolonnawa','Colombo District','Kolonnawa');
INSERT INTO `skills_volunteers` (`user_id`,`skill_id`) VALUES (291,3);
INSERT INTO `skills_volunteers` (`user_id`,`skill_id`) VALUES (291,6);
INSERT INTO `volunteer_preference_volunteers` (`user_id`,`preference_id`) VALUES (291,1);
INSERT INTO `volunteer_preference_volunteers` (`user_id`,`preference_id`) VALUES (291,2);
INSERT INTO `volunteer_preference_volunteers` (`user_id`,`preference_id`) VALUES (291,8);
INSERT INTO `users` (`user_id`,`username`,`password_hash`,`email`,`role`,`active`) VALUES (292,'vol_kolonnawa_4','$2y$10$iiFpvIL1hfaNBYMBhqKCYuge5zWIk4DisB4TvHrBlzmuo5fjfaKY6','vol.9@resqnet.local','volunteer',1);
INSERT INTO `volunteers` (`user_id`,`name`,`age`,`gender`,`contact_number`,`house_no`,`street`,`city`,`district`,`gn_division`) VALUES (292,'Sahan Rathnayake',42,'other','0772485931','145','Temple Rd','Kolonnawa','Colombo District','Kolonnawa');
INSERT INTO `skills_volunteers` (`user_id`,`skill_id`) VALUES (292,3);
INSERT INTO `volunteer_preference_volunteers` (`user_id`,`preference_id`) VALUES (292,6);
INSERT INTO `volunteer_preference_volunteers` (`user_id`,`preference_id`) VALUES (292,8);
INSERT INTO `users` (`user_id`,`username`,`password_hash`,`email`,`role`,`active`) VALUES (293,'vol_kolonnawa_5','$2y$10$iiFpvIL1hfaNBYMBhqKCYuge5zWIk4DisB4TvHrBlzmuo5fjfaKY6','vol.10@resqnet.local','volunteer',0);
INSERT INTO `volunteers` (`user_id`,`name`,`age`,`gender`,`contact_number`,`house_no`,`street`,`city`,`district`,`gn_division`) VALUES (293,'Dinesh Rathnayake',20,'male','0717083314','161','Hill St','Kolonnawa','Colombo District','Kolonnawa');
INSERT INTO `skills_volunteers` (`user_id`,`skill_id`) VALUES (293,3);
INSERT INTO `skills_volunteers` (`user_id`,`skill_id`) VALUES (293,6);
INSERT INTO `volunteer_preference_volunteers` (`user_id`,`preference_id`) VALUES (293,1);
INSERT INTO `volunteer_preference_volunteers` (`user_id`,`preference_id`) VALUES (293,4);
INSERT INTO `volunteer_preference_volunteers` (`user_id`,`preference_id`) VALUES (293,5);
INSERT INTO `users` (`user_id`,`username`,`password_hash`,`email`,`role`,`active`) VALUES (294,'vol_nagalagam_street_1','$2y$10$iiFpvIL1hfaNBYMBhqKCYuge5zWIk4DisB4TvHrBlzmuo5fjfaKY6','vol.11@resqnet.local','volunteer',1);
INSERT INTO `volunteers` (`user_id`,`name`,`age`,`gender`,`contact_number`,`house_no`,`street`,`city`,`district`,`gn_division`) VALUES (294,'Anusha Ekanayake',52,'female','0753676601','107','Hill St','Nagalagam Street','Colombo District','Nagalagam Street');
INSERT INTO `skills_volunteers` (`user_id`,`skill_id`) VALUES (294,1);
INSERT INTO `skills_volunteers` (`user_id`,`skill_id`) VALUES (294,2);
INSERT INTO `skills_volunteers` (`user_id`,`skill_id`) VALUES (294,5);
INSERT INTO `volunteer_preference_volunteers` (`user_id`,`preference_id`) VALUES (294,4);
INSERT INTO `volunteer_preference_volunteers` (`user_id`,`preference_id`) VALUES (294,7);
INSERT INTO `users` (`user_id`,`username`,`password_hash`,`email`,`role`,`active`) VALUES (295,'vol_nagalagam_street_2','$2y$10$iiFpvIL1hfaNBYMBhqKCYuge5zWIk4DisB4TvHrBlzmuo5fjfaKY6','vol.12@resqnet.local','volunteer',1);
INSERT INTO `volunteers` (`user_id`,`name`,`age`,`gender`,`contact_number`,`house_no`,`street`,`city`,`district`,`gn_division`) VALUES (295,'Kasun Dissanayake',29,'other','0721898741','65','Main St','Nagalagam Street','Colombo District','Nagalagam Street');
INSERT INTO `skills_volunteers` (`user_id`,`skill_id`) VALUES (295,2);
INSERT INTO `skills_volunteers` (`user_id`,`skill_id`) VALUES (295,3);
INSERT INTO `volunteer_preference_volunteers` (`user_id`,`preference_id`) VALUES (295,1);
INSERT INTO `volunteer_preference_volunteers` (`user_id`,`preference_id`) VALUES (295,7);
INSERT INTO `users` (`user_id`,`username`,`password_hash`,`email`,`role`,`active`) VALUES (296,'vol_nagalagam_street_3','$2y$10$iiFpvIL1hfaNBYMBhqKCYuge5zWIk4DisB4TvHrBlzmuo5fjfaKY6','vol.13@resqnet.local','volunteer',1);
INSERT INTO `volunteers` (`user_id`,`name`,`age`,`gender`,`contact_number`,`house_no`,`street`,`city`,`district`,`gn_division`) VALUES (296,'Amila Jayawardena',37,'male','0735529455','121','Temple Rd','Nagalagam Street','Colombo District','Nagalagam Street');
INSERT INTO `skills_volunteers` (`user_id`,`skill_id`) VALUES (296,6);
INSERT INTO `volunteer_preference_volunteers` (`user_id`,`preference_id`) VALUES (296,4);
INSERT INTO `users` (`user_id`,`username`,`password_hash`,`email`,`role`,`active`) VALUES (297,'vol_nagalagam_street_4','$2y$10$iiFpvIL1hfaNBYMBhqKCYuge5zWIk4DisB4TvHrBlzmuo5fjfaKY6','vol.14@resqnet.local','volunteer',1);
INSERT INTO `volunteers` (`user_id`,`name`,`age`,`gender`,`contact_number`,`house_no`,`street`,`city`,`district`,`gn_division`) VALUES (297,'Malini Silva',46,'female','0717512350','50','Station Rd','Nagalagam Street','Colombo District','Nagalagam Street');
INSERT INTO `skills_volunteers` (`user_id`,`skill_id`) VALUES (297,4);
INSERT INTO `skills_volunteers` (`user_id`,`skill_id`) VALUES (297,5);
INSERT INTO `skills_volunteers` (`user_id`,`skill_id`) VALUES (297,6);
INSERT INTO `volunteer_preference_volunteers` (`user_id`,`preference_id`) VALUES (297,6);
INSERT INTO `users` (`user_id`,`username`,`password_hash`,`email`,`role`,`active`) VALUES (298,'vol_nagalagam_street_5','$2y$10$iiFpvIL1hfaNBYMBhqKCYuge5zWIk4DisB4TvHrBlzmuo5fjfaKY6','vol.15@resqnet.local','volunteer',0);
INSERT INTO `volunteers` (`user_id`,`name`,`age`,`gender`,`contact_number`,`house_no`,`street`,`city`,`district`,`gn_division`) VALUES (298,'Pradeep Bandara',30,'other','0723264604','68','River Rd','Nagalagam Street','Colombo District','Nagalagam Street');
INSERT INTO `skills_volunteers` (`user_id`,`skill_id`) VALUES (298,1);
INSERT INTO `volunteer_preference_volunteers` (`user_id`,`preference_id`) VALUES (298,1);
INSERT INTO `users` (`user_id`,`username`,`password_hash`,`email`,`role`,`active`) VALUES (299,'vol_kaduwela_1','$2y$10$iiFpvIL1hfaNBYMBhqKCYuge5zWIk4DisB4TvHrBlzmuo5fjfaKY6','vol.16@resqnet.local','volunteer',1);
INSERT INTO `volunteers` (`user_id`,`name`,`age`,`gender`,`contact_number`,`house_no`,`street`,`city`,`district`,`gn_division`) VALUES (299,'Roshan Cooray',27,'male','0716789898','54','Station Rd','Kaduwela','Colombo District','Kaduwela');
INSERT INTO `skills_volunteers` (`user_id`,`skill_id`) VALUES (299,1);
INSERT INTO `skills_volunteers` (`user_id`,`skill_id`) VALUES (299,3);
INSERT INTO `skills_volunteers` (`user_id`,`skill_id`) VALUES (299,6);
INSERT INTO `volunteer_preference_volunteers` (`user_id`,`preference_id`) VALUES (299,5);
INSERT INTO `volunteer_preference_volunteers` (`user_id`,`preference_id`) VALUES (299,6);
INSERT INTO `users` (`user_id`,`username`,`password_hash`,`email`,`role`,`active`) VALUES (300,'vol_kaduwela_2','$2y$10$iiFpvIL1hfaNBYMBhqKCYuge5zWIk4DisB4TvHrBlzmuo5fjfaKY6','vol.17@resqnet.local','volunteer',1);
INSERT INTO `volunteers` (`user_id`,`name`,`age`,`gender`,`contact_number`,`house_no`,`street`,`city`,`district`,`gn_division`) VALUES (300,'Tharushi Gunasekara',28,'female','0741874975','14','Church Rd','Kaduwela','Colombo District','Kaduwela');
INSERT INTO `skills_volunteers` (`user_id`,`skill_id`) VALUES (300,2);
INSERT INTO `skills_volunteers` (`user_id`,`skill_id`) VALUES (300,4);
INSERT INTO `volunteer_preference_volunteers` (`user_id`,`preference_id`) VALUES (300,2);
INSERT INTO `volunteer_preference_volunteers` (`user_id`,`preference_id`) VALUES (300,8);
INSERT INTO `users` (`user_id`,`username`,`password_hash`,`email`,`role`,`active`) VALUES (301,'vol_kaduwela_3','$2y$10$iiFpvIL1hfaNBYMBhqKCYuge5zWIk4DisB4TvHrBlzmuo5fjfaKY6','vol.18@resqnet.local','volunteer',1);
INSERT INTO `volunteers` (`user_id`,`name`,`age`,`gender`,`contact_number`,`house_no`,`street`,`city`,`district`,`gn_division`) VALUES (301,'Sahan Rathnayake',44,'other','0719854265','32','Station Rd','Kaduwela','Colombo District','Kaduwela');
INSERT INTO `skills_volunteers` (`user_id`,`skill_id`) VALUES (301,2);
INSERT INTO `skills_volunteers` (`user_id`,`skill_id`) VALUES (301,5);
INSERT INTO `skills_volunteers` (`user_id`,`skill_id`) VALUES (301,6);
INSERT INTO `volunteer_preference_volunteers` (`user_id`,`preference_id`) VALUES (301,3);
INSERT INTO `volunteer_preference_volunteers` (`user_id`,`preference_id`) VALUES (301,4);
INSERT INTO `volunteer_preference_volunteers` (`user_id`,`preference_id`) VALUES (301,5);
INSERT INTO `users` (`user_id`,`username`,`password_hash`,`email`,`role`,`active`) VALUES (302,'vol_kaduwela_4','$2y$10$iiFpvIL1hfaNBYMBhqKCYuge5zWIk4DisB4TvHrBlzmuo5fjfaKY6','vol.19@resqnet.local','volunteer',1);
INSERT INTO `volunteers` (`user_id`,`name`,`age`,`gender`,`contact_number`,`house_no`,`street`,`city`,`district`,`gn_division`) VALUES (302,'Dinesh Samarasinghe',25,'male','0759890457','90','Lake Rd','Kaduwela','Colombo District','Kaduwela');
INSERT INTO `skills_volunteers` (`user_id`,`skill_id`) VALUES (302,1);
INSERT INTO `skills_volunteers` (`user_id`,`skill_id`) VALUES (302,4);
INSERT INTO `volunteer_preference_volunteers` (`user_id`,`preference_id`) VALUES (302,8);
INSERT INTO `users` (`user_id`,`username`,`password_hash`,`email`,`role`,`active`) VALUES (303,'vol_kaduwela_5','$2y$10$iiFpvIL1hfaNBYMBhqKCYuge5zWIk4DisB4TvHrBlzmuo5fjfaKY6','vol.20@resqnet.local','volunteer',0);
INSERT INTO `volunteers` (`user_id`,`name`,`age`,`gender`,`contact_number`,`house_no`,`street`,`city`,`district`,`gn_division`) VALUES (303,'Dilhani Karunaratne',31,'female','0741822315','119','Station Rd','Kaduwela','Colombo District','Kaduwela');
INSERT INTO `skills_volunteers` (`user_id`,`skill_id`) VALUES (303,2);
INSERT INTO `skills_volunteers` (`user_id`,`skill_id`) VALUES (303,5);
INSERT INTO `volunteer_preference_volunteers` (`user_id`,`preference_id`) VALUES (303,1);
INSERT INTO `volunteer_preference_volunteers` (`user_id`,`preference_id`) VALUES (303,4);
INSERT INTO `users` (`user_id`,`username`,`password_hash`,`email`,`role`,`active`) VALUES (304,'vol_homagama_1','$2y$10$iiFpvIL1hfaNBYMBhqKCYuge5zWIk4DisB4TvHrBlzmuo5fjfaKY6','vol.21@resqnet.local','volunteer',1);
INSERT INTO `volunteers` (`user_id`,`name`,`age`,`gender`,`contact_number`,`house_no`,`street`,`city`,`district`,`gn_division`) VALUES (304,'Lahiru Liyanage',33,'other','0771769557','70','Garden Ln','Homagama','Colombo District','Homagama');
INSERT INTO `skills_volunteers` (`user_id`,`skill_id`) VALUES (304,1);
INSERT INTO `skills_volunteers` (`user_id`,`skill_id`) VALUES (304,2);
INSERT INTO `skills_volunteers` (`user_id`,`skill_id`) VALUES (304,4);
INSERT INTO `volunteer_preference_volunteers` (`user_id`,`preference_id`) VALUES (304,2);
INSERT INTO `volunteer_preference_volunteers` (`user_id`,`preference_id`) VALUES (304,6);
INSERT INTO `volunteer_preference_volunteers` (`user_id`,`preference_id`) VALUES (304,7);
INSERT INTO `users` (`user_id`,`username`,`password_hash`,`email`,`role`,`active`) VALUES (305,'vol_homagama_2','$2y$10$iiFpvIL1hfaNBYMBhqKCYuge5zWIk4DisB4TvHrBlzmuo5fjfaKY6','vol.22@resqnet.local','volunteer',1);
INSERT INTO `volunteers` (`user_id`,`name`,`age`,`gender`,`contact_number`,`house_no`,`street`,`city`,`district`,`gn_division`) VALUES (305,'Sunil Liyanage',35,'male','0772248255','174','Market Rd','Homagama','Colombo District','Homagama');
INSERT INTO `skills_volunteers` (`user_id`,`skill_id`) VALUES (305,2);
INSERT INTO `skills_volunteers` (`user_id`,`skill_id`) VALUES (305,3);
INSERT INTO `skills_volunteers` (`user_id`,`skill_id`) VALUES (305,6);
INSERT INTO `volunteer_preference_volunteers` (`user_id`,`preference_id`) VALUES (305,6);
INSERT INTO `users` (`user_id`,`username`,`password_hash`,`email`,`role`,`active`) VALUES (306,'vol_homagama_3','$2y$10$iiFpvIL1hfaNBYMBhqKCYuge5zWIk4DisB4TvHrBlzmuo5fjfaKY6','vol.23@resqnet.local','volunteer',1);
INSERT INTO `volunteers` (`user_id`,`name`,`age`,`gender`,`contact_number`,`house_no`,`street`,`city`,`district`,`gn_division`) VALUES (306,'Sanduni Weerasinghe',18,'female','0733456430','22','Lake Rd','Homagama','Colombo District','Homagama');
INSERT INTO `skills_volunteers` (`user_id`,`skill_id`) VALUES (306,3);
INSERT INTO `skills_volunteers` (`user_id`,`skill_id`) VALUES (306,5);
INSERT INTO `volunteer_preference_volunteers` (`user_id`,`preference_id`) VALUES (306,4);
INSERT INTO `volunteer_preference_volunteers` (`user_id`,`preference_id`) VALUES (306,6);
INSERT INTO `volunteer_preference_volunteers` (`user_id`,`preference_id`) VALUES (306,8);
INSERT INTO `users` (`user_id`,`username`,`password_hash`,`email`,`role`,`active`) VALUES (307,'vol_homagama_4','$2y$10$iiFpvIL1hfaNBYMBhqKCYuge5zWIk4DisB4TvHrBlzmuo5fjfaKY6','vol.24@resqnet.local','volunteer',1);
INSERT INTO `volunteers` (`user_id`,`name`,`age`,`gender`,`contact_number`,`house_no`,`street`,`city`,`district`,`gn_division`) VALUES (307,'Tharaka Ekanayake',40,'other','0774681427','65','Main St','Homagama','Colombo District','Homagama');
INSERT INTO `skills_volunteers` (`user_id`,`skill_id`) VALUES (307,1);
INSERT INTO `skills_volunteers` (`user_id`,`skill_id`) VALUES (307,4);
INSERT INTO `skills_volunteers` (`user_id`,`skill_id`) VALUES (307,5);
INSERT INTO `volunteer_preference_volunteers` (`user_id`,`preference_id`) VALUES (307,5);
INSERT INTO `users` (`user_id`,`username`,`password_hash`,`email`,`role`,`active`) VALUES (308,'vol_homagama_5','$2y$10$iiFpvIL1hfaNBYMBhqKCYuge5zWIk4DisB4TvHrBlzmuo5fjfaKY6','vol.25@resqnet.local','volunteer',0);
INSERT INTO `volunteers` (`user_id`,`name`,`age`,`gender`,`contact_number`,`house_no`,`street`,`city`,`district`,`gn_division`) VALUES (308,'Dasun Mendis',32,'male','0764907562','149','Lake Rd','Homagama','Colombo District','Homagama');
INSERT INTO `skills_volunteers` (`user_id`,`skill_id`) VALUES (308,3);
INSERT INTO `skills_volunteers` (`user_id`,`skill_id`) VALUES (308,4);
INSERT INTO `volunteer_preference_volunteers` (`user_id`,`preference_id`) VALUES (308,1);
INSERT INTO `volunteer_preference_volunteers` (`user_id`,`preference_id`) VALUES (308,4);
INSERT INTO `volunteer_preference_volunteers` (`user_id`,`preference_id`) VALUES (308,8);
INSERT INTO `users` (`user_id`,`username`,`password_hash`,`email`,`role`,`active`) VALUES (309,'vol_hanwella_seethawaka__1','$2y$10$iiFpvIL1hfaNBYMBhqKCYuge5zWIk4DisB4TvHrBlzmuo5fjfaKY6','vol.26@resqnet.local','volunteer',1);
INSERT INTO `volunteers` (`user_id`,`name`,`age`,`gender`,`contact_number`,`house_no`,`street`,`city`,`district`,`gn_division`) VALUES (309,'Tharushi Karunaratne',24,'female','0747729015','42','School Ln','Hanwella (Seethawaka)','Colombo District','Hanwella (Seethawaka)');
INSERT INTO `skills_volunteers` (`user_id`,`skill_id`) VALUES (309,1);
INSERT INTO `skills_volunteers` (`user_id`,`skill_id`) VALUES (309,5);
INSERT INTO `volunteer_preference_volunteers` (`user_id`,`preference_id`) VALUES (309,2);
INSERT INTO `volunteer_preference_volunteers` (`user_id`,`preference_id`) VALUES (309,8);
INSERT INTO `users` (`user_id`,`username`,`password_hash`,`email`,`role`,`active`) VALUES (310,'vol_hanwella_seethawaka__2','$2y$10$iiFpvIL1hfaNBYMBhqKCYuge5zWIk4DisB4TvHrBlzmuo5fjfaKY6','vol.27@resqnet.local','volunteer',1);
INSERT INTO `volunteers` (`user_id`,`name`,`age`,`gender`,`contact_number`,`house_no`,`street`,`city`,`district`,`gn_division`) VALUES (310,'Malith Wijesinghe',49,'other','0772921833','84','River Rd','Hanwella (Seethawaka)','Colombo District','Hanwella (Seethawaka)');
INSERT INTO `skills_volunteers` (`user_id`,`skill_id`) VALUES (310,1);
INSERT INTO `skills_volunteers` (`user_id`,`skill_id`) VALUES (310,2);
INSERT INTO `volunteer_preference_volunteers` (`user_id`,`preference_id`) VALUES (310,2);
INSERT INTO `volunteer_preference_volunteers` (`user_id`,`preference_id`) VALUES (310,6);
INSERT INTO `volunteer_preference_volunteers` (`user_id`,`preference_id`) VALUES (310,7);
INSERT INTO `users` (`user_id`,`username`,`password_hash`,`email`,`role`,`active`) VALUES (311,'vol_hanwella_seethawaka__3','$2y$10$iiFpvIL1hfaNBYMBhqKCYuge5zWIk4DisB4TvHrBlzmuo5fjfaKY6','vol.28@resqnet.local','volunteer',1);
INSERT INTO `volunteers` (`user_id`,`name`,`age`,`gender`,`contact_number`,`house_no`,`street`,`city`,`district`,`gn_division`) VALUES (311,'Kasun Dissanayake',36,'male','0736844064','91','Main St','Hanwella (Seethawaka)','Colombo District','Hanwella (Seethawaka)');
INSERT INTO `skills_volunteers` (`user_id`,`skill_id`) VALUES (311,3);
INSERT INTO `skills_volunteers` (`user_id`,`skill_id`) VALUES (311,4);
INSERT INTO `skills_volunteers` (`user_id`,`skill_id`) VALUES (311,5);
INSERT INTO `volunteer_preference_volunteers` (`user_id`,`preference_id`) VALUES (311,4);
INSERT INTO `users` (`user_id`,`username`,`password_hash`,`email`,`role`,`active`) VALUES (312,'vol_hanwella_seethawaka__4','$2y$10$iiFpvIL1hfaNBYMBhqKCYuge5zWIk4DisB4TvHrBlzmuo5fjfaKY6','vol.29@resqnet.local','volunteer',1);
INSERT INTO `volunteers` (`user_id`,`name`,`age`,`gender`,`contact_number`,`house_no`,`street`,`city`,`district`,`gn_division`) VALUES (312,'Nadeesha Fernando',34,'female','0746378717','111','Garden Ln','Hanwella (Seethawaka)','Colombo District','Hanwella (Seethawaka)');
INSERT INTO `skills_volunteers` (`user_id`,`skill_id`) VALUES (312,1);
INSERT INTO `volunteer_preference_volunteers` (`user_id`,`preference_id`) VALUES (312,2);
INSERT INTO `users` (`user_id`,`username`,`password_hash`,`email`,`role`,`active`) VALUES (313,'vol_hanwella_seethawaka__5','$2y$10$iiFpvIL1hfaNBYMBhqKCYuge5zWIk4DisB4TvHrBlzmuo5fjfaKY6','vol.30@resqnet.local','volunteer',0);
INSERT INTO `volunteers` (`user_id`,`name`,`age`,`gender`,`contact_number`,`house_no`,`street`,`city`,`district`,`gn_division`) VALUES (313,'Dasun Dissanayake',52,'other','0796305764','60','Station Rd','Hanwella (Seethawaka)','Colombo District','Hanwella (Seethawaka)');
INSERT INTO `skills_volunteers` (`user_id`,`skill_id`) VALUES (313,4);
INSERT INTO `volunteer_preference_volunteers` (`user_id`,`preference_id`) VALUES (313,2);
INSERT INTO `volunteer_preference_volunteers` (`user_id`,`preference_id`) VALUES (313,4);
INSERT INTO `volunteer_preference_volunteers` (`user_id`,`preference_id`) VALUES (313,7);
INSERT INTO `users` (`user_id`,`username`,`password_hash`,`email`,`role`,`active`) VALUES (314,'vol_hanwella_1','$2y$10$iiFpvIL1hfaNBYMBhqKCYuge5zWIk4DisB4TvHrBlzmuo5fjfaKY6','vol.31@resqnet.local','volunteer',1);
INSERT INTO `volunteers` (`user_id`,`name`,`age`,`gender`,`contact_number`,`house_no`,`street`,`city`,`district`,`gn_division`) VALUES (314,'Lahiru Rathnayake',38,'male','0796060896','148','Hill St','Hanwella','Colombo District','Hanwella');
INSERT INTO `skills_volunteers` (`user_id`,`skill_id`) VALUES (314,3);
INSERT INTO `skills_volunteers` (`user_id`,`skill_id`) VALUES (314,5);
INSERT INTO `volunteer_preference_volunteers` (`user_id`,`preference_id`) VALUES (314,4);
INSERT INTO `volunteer_preference_volunteers` (`user_id`,`preference_id`) VALUES (314,6);
INSERT INTO `volunteer_preference_volunteers` (`user_id`,`preference_id`) VALUES (314,7);
INSERT INTO `users` (`user_id`,`username`,`password_hash`,`email`,`role`,`active`) VALUES (315,'vol_hanwella_2','$2y$10$iiFpvIL1hfaNBYMBhqKCYuge5zWIk4DisB4TvHrBlzmuo5fjfaKY6','vol.32@resqnet.local','volunteer',1);
INSERT INTO `volunteers` (`user_id`,`name`,`age`,`gender`,`contact_number`,`house_no`,`street`,`city`,`district`,`gn_division`) VALUES (315,'Kavisha Samarasinghe',43,'female','0779006868','2','Market Rd','Hanwella','Colombo District','Hanwella');
INSERT INTO `skills_volunteers` (`user_id`,`skill_id`) VALUES (315,1);
INSERT INTO `skills_volunteers` (`user_id`,`skill_id`) VALUES (315,2);
INSERT INTO `skills_volunteers` (`user_id`,`skill_id`) VALUES (315,4);
INSERT INTO `volunteer_preference_volunteers` (`user_id`,`preference_id`) VALUES (315,4);
INSERT INTO `users` (`user_id`,`username`,`password_hash`,`email`,`role`,`active`) VALUES (316,'vol_hanwella_3','$2y$10$iiFpvIL1hfaNBYMBhqKCYuge5zWIk4DisB4TvHrBlzmuo5fjfaKY6','vol.33@resqnet.local','volunteer',1);
INSERT INTO `volunteers` (`user_id`,`name`,`age`,`gender`,`contact_number`,`house_no`,`street`,`city`,`district`,`gn_division`) VALUES (316,'Tharaka Rathnayake',55,'other','0781774020','115','School Ln','Hanwella','Colombo District','Hanwella');
INSERT INTO `skills_volunteers` (`user_id`,`skill_id`) VALUES (316,3);
INSERT INTO `volunteer_preference_volunteers` (`user_id`,`preference_id`) VALUES (316,3);
INSERT INTO `volunteer_preference_volunteers` (`user_id`,`preference_id`) VALUES (316,4);
INSERT INTO `users` (`user_id`,`username`,`password_hash`,`email`,`role`,`active`) VALUES (317,'vol_hanwella_4','$2y$10$iiFpvIL1hfaNBYMBhqKCYuge5zWIk4DisB4TvHrBlzmuo5fjfaKY6','vol.34@resqnet.local','volunteer',1);
INSERT INTO `volunteers` (`user_id`,`name`,`age`,`gender`,`contact_number`,`house_no`,`street`,`city`,`district`,`gn_division`) VALUES (317,'Tharaka Wijesinghe',26,'male','0769439515','131','River Rd','Hanwella','Colombo District','Hanwella');
INSERT INTO `skills_volunteers` (`user_id`,`skill_id`) VALUES (317,2);
INSERT INTO `skills_volunteers` (`user_id`,`skill_id`) VALUES (317,5);
INSERT INTO `volunteer_preference_volunteers` (`user_id`,`preference_id`) VALUES (317,1);
INSERT INTO `volunteer_preference_volunteers` (`user_id`,`preference_id`) VALUES (317,6);
INSERT INTO `volunteer_preference_volunteers` (`user_id`,`preference_id`) VALUES (317,8);
INSERT INTO `users` (`user_id`,`username`,`password_hash`,`email`,`role`,`active`) VALUES (318,'vol_hanwella_5','$2y$10$iiFpvIL1hfaNBYMBhqKCYuge5zWIk4DisB4TvHrBlzmuo5fjfaKY6','vol.35@resqnet.local','volunteer',0);
INSERT INTO `volunteers` (`user_id`,`name`,`age`,`gender`,`contact_number`,`house_no`,`street`,`city`,`district`,`gn_division`) VALUES (318,'Sanduni Silva',28,'female','0746343052','116','River Rd','Hanwella','Colombo District','Hanwella');
INSERT INTO `skills_volunteers` (`user_id`,`skill_id`) VALUES (318,2);
INSERT INTO `skills_volunteers` (`user_id`,`skill_id`) VALUES (318,4);
INSERT INTO `skills_volunteers` (`user_id`,`skill_id`) VALUES (318,5);
INSERT INTO `volunteer_preference_volunteers` (`user_id`,`preference_id`) VALUES (318,7);
INSERT INTO `users` (`user_id`,`username`,`password_hash`,`email`,`role`,`active`) VALUES (319,'vol_padukka_1','$2y$10$iiFpvIL1hfaNBYMBhqKCYuge5zWIk4DisB4TvHrBlzmuo5fjfaKY6','vol.36@resqnet.local','volunteer',1);
INSERT INTO `volunteers` (`user_id`,`name`,`age`,`gender`,`contact_number`,`house_no`,`street`,`city`,`district`,`gn_division`) VALUES (319,'Sahan Gunasekara',39,'other','0771768190','166','School Ln','Padukka','Colombo District','Padukka');
INSERT INTO `skills_volunteers` (`user_id`,`skill_id`) VALUES (319,1);
INSERT INTO `volunteer_preference_volunteers` (`user_id`,`preference_id`) VALUES (319,4);
INSERT INTO `volunteer_preference_volunteers` (`user_id`,`preference_id`) VALUES (319,5);
INSERT INTO `volunteer_preference_volunteers` (`user_id`,`preference_id`) VALUES (319,8);
INSERT INTO `users` (`user_id`,`username`,`password_hash`,`email`,`role`,`active`) VALUES (320,'vol_padukka_2','$2y$10$iiFpvIL1hfaNBYMBhqKCYuge5zWIk4DisB4TvHrBlzmuo5fjfaKY6','vol.37@resqnet.local','volunteer',1);
INSERT INTO `volunteers` (`user_id`,`name`,`age`,`gender`,`contact_number`,`house_no`,`street`,`city`,`district`,`gn_division`) VALUES (320,'Chathura Jayawardena',29,'male','0730022671','137','River Rd','Padukka','Colombo District','Padukka');
INSERT INTO `skills_volunteers` (`user_id`,`skill_id`) VALUES (320,1);
INSERT INTO `skills_volunteers` (`user_id`,`skill_id`) VALUES (320,4);
INSERT INTO `skills_volunteers` (`user_id`,`skill_id`) VALUES (320,6);
INSERT INTO `volunteer_preference_volunteers` (`user_id`,`preference_id`) VALUES (320,1);
INSERT INTO `users` (`user_id`,`username`,`password_hash`,`email`,`role`,`active`) VALUES (321,'vol_padukka_3','$2y$10$iiFpvIL1hfaNBYMBhqKCYuge5zWIk4DisB4TvHrBlzmuo5fjfaKY6','vol.38@resqnet.local','volunteer',1);
INSERT INTO `volunteers` (`user_id`,`name`,`age`,`gender`,`contact_number`,`house_no`,`street`,`city`,`district`,`gn_division`) VALUES (321,'Ayesha Dissanayake',45,'female','0734101005','25','River Rd','Padukka','Colombo District','Padukka');
INSERT INTO `skills_volunteers` (`user_id`,`skill_id`) VALUES (321,4);
INSERT INTO `skills_volunteers` (`user_id`,`skill_id`) VALUES (321,5);
INSERT INTO `volunteer_preference_volunteers` (`user_id`,`preference_id`) VALUES (321,2);
INSERT INTO `users` (`user_id`,`username`,`password_hash`,`email`,`role`,`active`) VALUES (322,'vol_padukka_4','$2y$10$iiFpvIL1hfaNBYMBhqKCYuge5zWIk4DisB4TvHrBlzmuo5fjfaKY6','vol.39@resqnet.local','volunteer',1);
INSERT INTO `volunteers` (`user_id`,`name`,`age`,`gender`,`contact_number`,`house_no`,`street`,`city`,`district`,`gn_division`) VALUES (322,'Kamal Karunaratne',23,'other','0780672314','176','Lake Rd','Padukka','Colombo District','Padukka');
INSERT INTO `skills_volunteers` (`user_id`,`skill_id`) VALUES (322,1);
INSERT INTO `skills_volunteers` (`user_id`,`skill_id`) VALUES (322,4);
INSERT INTO `volunteer_preference_volunteers` (`user_id`,`preference_id`) VALUES (322,2);
INSERT INTO `volunteer_preference_volunteers` (`user_id`,`preference_id`) VALUES (322,7);
INSERT INTO `users` (`user_id`,`username`,`password_hash`,`email`,`role`,`active`) VALUES (323,'vol_padukka_5','$2y$10$iiFpvIL1hfaNBYMBhqKCYuge5zWIk4DisB4TvHrBlzmuo5fjfaKY6','vol.40@resqnet.local','volunteer',0);
INSERT INTO `volunteers` (`user_id`,`name`,`age`,`gender`,`contact_number`,`house_no`,`street`,`city`,`district`,`gn_division`) VALUES (323,'Kasun Perera',35,'male','0714187736','37','Station Rd','Padukka','Colombo District','Padukka');
INSERT INTO `skills_volunteers` (`user_id`,`skill_id`) VALUES (323,1);
INSERT INTO `skills_volunteers` (`user_id`,`skill_id`) VALUES (323,2);
INSERT INTO `skills_volunteers` (`user_id`,`skill_id`) VALUES (323,4);
INSERT INTO `volunteer_preference_volunteers` (`user_id`,`preference_id`) VALUES (323,1);
INSERT INTO `volunteer_preference_volunteers` (`user_id`,`preference_id`) VALUES (323,7);
INSERT INTO `users` (`user_id`,`username`,`password_hash`,`email`,`role`,`active`) VALUES (324,'vol_maharagama_1','$2y$10$iiFpvIL1hfaNBYMBhqKCYuge5zWIk4DisB4TvHrBlzmuo5fjfaKY6','vol.41@resqnet.local','volunteer',1);
INSERT INTO `volunteers` (`user_id`,`name`,`age`,`gender`,`contact_number`,`house_no`,`street`,`city`,`district`,`gn_division`) VALUES (324,'Anusha Wickramasinghe',46,'female','0737351878','184','Garden Ln','Maharagama','Colombo District','Maharagama');
INSERT INTO `skills_volunteers` (`user_id`,`skill_id`) VALUES (324,3);
INSERT INTO `skills_volunteers` (`user_id`,`skill_id`) VALUES (324,6);
INSERT INTO `volunteer_preference_volunteers` (`user_id`,`preference_id`) VALUES (324,6);
INSERT INTO `volunteer_preference_volunteers` (`user_id`,`preference_id`) VALUES (324,7);
INSERT INTO `users` (`user_id`,`username`,`password_hash`,`email`,`role`,`active`) VALUES (325,'vol_maharagama_2','$2y$10$iiFpvIL1hfaNBYMBhqKCYuge5zWIk4DisB4TvHrBlzmuo5fjfaKY6','vol.42@resqnet.local','volunteer',1);
INSERT INTO `volunteers` (`user_id`,`name`,`age`,`gender`,`contact_number`,`house_no`,`street`,`city`,`district`,`gn_division`) VALUES (325,'Kasun Mendis',50,'other','0759007223','3','Hill St','Maharagama','Colombo District','Maharagama');
INSERT INTO `skills_volunteers` (`user_id`,`skill_id`) VALUES (325,3);
INSERT INTO `skills_volunteers` (`user_id`,`skill_id`) VALUES (325,6);
INSERT INTO `volunteer_preference_volunteers` (`user_id`,`preference_id`) VALUES (325,1);
INSERT INTO `volunteer_preference_volunteers` (`user_id`,`preference_id`) VALUES (325,5);
INSERT INTO `users` (`user_id`,`username`,`password_hash`,`email`,`role`,`active`) VALUES (326,'vol_maharagama_3','$2y$10$iiFpvIL1hfaNBYMBhqKCYuge5zWIk4DisB4TvHrBlzmuo5fjfaKY6','vol.43@resqnet.local','volunteer',1);
INSERT INTO `volunteers` (`user_id`,`name`,`age`,`gender`,`contact_number`,`house_no`,`street`,`city`,`district`,`gn_division`) VALUES (326,'Lahiru Jayawardena',47,'male','0770352813','100','River Rd','Maharagama','Colombo District','Maharagama');
INSERT INTO `skills_volunteers` (`user_id`,`skill_id`) VALUES (326,2);
INSERT INTO `skills_volunteers` (`user_id`,`skill_id`) VALUES (326,5);
INSERT INTO `volunteer_preference_volunteers` (`user_id`,`preference_id`) VALUES (326,8);
INSERT INTO `users` (`user_id`,`username`,`password_hash`,`email`,`role`,`active`) VALUES (327,'vol_maharagama_4','$2y$10$iiFpvIL1hfaNBYMBhqKCYuge5zWIk4DisB4TvHrBlzmuo5fjfaKY6','vol.44@resqnet.local','volunteer',1);
INSERT INTO `volunteers` (`user_id`,`name`,`age`,`gender`,`contact_number`,`house_no`,`street`,`city`,`district`,`gn_division`) VALUES (327,'Rashmi Wickramasinghe',46,'female','0769859594','136','Garden Ln','Maharagama','Colombo District','Maharagama');
INSERT INTO `skills_volunteers` (`user_id`,`skill_id`) VALUES (327,4);
INSERT INTO `skills_volunteers` (`user_id`,`skill_id`) VALUES (327,5);
INSERT INTO `skills_volunteers` (`user_id`,`skill_id`) VALUES (327,6);
INSERT INTO `volunteer_preference_volunteers` (`user_id`,`preference_id`) VALUES (327,4);
INSERT INTO `users` (`user_id`,`username`,`password_hash`,`email`,`role`,`active`) VALUES (328,'vol_maharagama_5','$2y$10$iiFpvIL1hfaNBYMBhqKCYuge5zWIk4DisB4TvHrBlzmuo5fjfaKY6','vol.45@resqnet.local','volunteer',0);
INSERT INTO `volunteers` (`user_id`,`name`,`age`,`gender`,`contact_number`,`house_no`,`street`,`city`,`district`,`gn_division`) VALUES (328,'Nimal Weerasinghe',53,'other','0760690035','12','Station Rd','Maharagama','Colombo District','Maharagama');
INSERT INTO `skills_volunteers` (`user_id`,`skill_id`) VALUES (328,1);
INSERT INTO `skills_volunteers` (`user_id`,`skill_id`) VALUES (328,4);
INSERT INTO `skills_volunteers` (`user_id`,`skill_id`) VALUES (328,5);
INSERT INTO `volunteer_preference_volunteers` (`user_id`,`preference_id`) VALUES (328,2);
INSERT INTO `volunteer_preference_volunteers` (`user_id`,`preference_id`) VALUES (328,6);
INSERT INTO `volunteer_preference_volunteers` (`user_id`,`preference_id`) VALUES (328,8);
INSERT INTO `users` (`user_id`,`username`,`password_hash`,`email`,`role`,`active`) VALUES (329,'vol_sri_jayawardenepura_kotte_1','$2y$10$iiFpvIL1hfaNBYMBhqKCYuge5zWIk4DisB4TvHrBlzmuo5fjfaKY6','vol.46@resqnet.local','volunteer',1);
INSERT INTO `volunteers` (`user_id`,`name`,`age`,`gender`,`contact_number`,`house_no`,`street`,`city`,`district`,`gn_division`) VALUES (329,'Kamal Weerasinghe',54,'male','0770606134','100','Station Rd','Sri Jayawardenepura Kotte','Colombo District','Sri Jayawardenepura Kotte');
INSERT INTO `skills_volunteers` (`user_id`,`skill_id`) VALUES (329,1);
INSERT INTO `skills_volunteers` (`user_id`,`skill_id`) VALUES (329,3);
INSERT INTO `volunteer_preference_volunteers` (`user_id`,`preference_id`) VALUES (329,5);
INSERT INTO `users` (`user_id`,`username`,`password_hash`,`email`,`role`,`active`) VALUES (330,'vol_sri_jayawardenepura_kotte_2','$2y$10$iiFpvIL1hfaNBYMBhqKCYuge5zWIk4DisB4TvHrBlzmuo5fjfaKY6','vol.47@resqnet.local','volunteer',1);
INSERT INTO `volunteers` (`user_id`,`name`,`age`,`gender`,`contact_number`,`house_no`,`street`,`city`,`district`,`gn_division`) VALUES (330,'Sewwandi Rathnayake',53,'female','0776924350','96','Lake Rd','Sri Jayawardenepura Kotte','Colombo District','Sri Jayawardenepura Kotte');
INSERT INTO `skills_volunteers` (`user_id`,`skill_id`) VALUES (330,2);
INSERT INTO `skills_volunteers` (`user_id`,`skill_id`) VALUES (330,5);
INSERT INTO `volunteer_preference_volunteers` (`user_id`,`preference_id`) VALUES (330,3);
INSERT INTO `volunteer_preference_volunteers` (`user_id`,`preference_id`) VALUES (330,5);
INSERT INTO `users` (`user_id`,`username`,`password_hash`,`email`,`role`,`active`) VALUES (331,'vol_sri_jayawardenepura_kotte_3','$2y$10$iiFpvIL1hfaNBYMBhqKCYuge5zWIk4DisB4TvHrBlzmuo5fjfaKY6','vol.48@resqnet.local','volunteer',1);
INSERT INTO `volunteers` (`user_id`,`name`,`age`,`gender`,`contact_number`,`house_no`,`street`,`city`,`district`,`gn_division`) VALUES (331,'Sampath Dissanayake',43,'other','0786613365','156','Church Rd','Sri Jayawardenepura Kotte','Colombo District','Sri Jayawardenepura Kotte');
INSERT INTO `skills_volunteers` (`user_id`,`skill_id`) VALUES (331,2);
INSERT INTO `skills_volunteers` (`user_id`,`skill_id`) VALUES (331,4);
INSERT INTO `volunteer_preference_volunteers` (`user_id`,`preference_id`) VALUES (331,1);
INSERT INTO `volunteer_preference_volunteers` (`user_id`,`preference_id`) VALUES (331,3);
INSERT INTO `volunteer_preference_volunteers` (`user_id`,`preference_id`) VALUES (331,6);
INSERT INTO `users` (`user_id`,`username`,`password_hash`,`email`,`role`,`active`) VALUES (332,'vol_sri_jayawardenepura_kotte_4','$2y$10$iiFpvIL1hfaNBYMBhqKCYuge5zWIk4DisB4TvHrBlzmuo5fjfaKY6','vol.49@resqnet.local','volunteer',1);
INSERT INTO `volunteers` (`user_id`,`name`,`age`,`gender`,`contact_number`,`house_no`,`street`,`city`,`district`,`gn_division`) VALUES (332,'Dasun Karunaratne',48,'male','0754410267','196','Garden Ln','Sri Jayawardenepura Kotte','Colombo District','Sri Jayawardenepura Kotte');
INSERT INTO `skills_volunteers` (`user_id`,`skill_id`) VALUES (332,2);
INSERT INTO `skills_volunteers` (`user_id`,`skill_id`) VALUES (332,6);
INSERT INTO `volunteer_preference_volunteers` (`user_id`,`preference_id`) VALUES (332,1);
INSERT INTO `volunteer_preference_volunteers` (`user_id`,`preference_id`) VALUES (332,2);
INSERT INTO `volunteer_preference_volunteers` (`user_id`,`preference_id`) VALUES (332,7);
INSERT INTO `users` (`user_id`,`username`,`password_hash`,`email`,`role`,`active`) VALUES (333,'vol_sri_jayawardenepura_kotte_5','$2y$10$iiFpvIL1hfaNBYMBhqKCYuge5zWIk4DisB4TvHrBlzmuo5fjfaKY6','vol.50@resqnet.local','volunteer',0);
INSERT INTO `volunteers` (`user_id`,`name`,`age`,`gender`,`contact_number`,`house_no`,`street`,`city`,`district`,`gn_division`) VALUES (333,'Chamari Senanayake',41,'female','0798360240','162','Main St','Sri Jayawardenepura Kotte','Colombo District','Sri Jayawardenepura Kotte');
INSERT INTO `skills_volunteers` (`user_id`,`skill_id`) VALUES (333,5);
INSERT INTO `skills_volunteers` (`user_id`,`skill_id`) VALUES (333,6);
INSERT INTO `volunteer_preference_volunteers` (`user_id`,`preference_id`) VALUES (333,4);
INSERT INTO `users` (`user_id`,`username`,`password_hash`,`email`,`role`,`active`) VALUES (334,'vol_thimbirigasyaya_1','$2y$10$iiFpvIL1hfaNBYMBhqKCYuge5zWIk4DisB4TvHrBlzmuo5fjfaKY6','vol.51@resqnet.local','volunteer',1);
INSERT INTO `volunteers` (`user_id`,`name`,`age`,`gender`,`contact_number`,`house_no`,`street`,`city`,`district`,`gn_division`) VALUES (334,'Malith Wickramasinghe',44,'other','0795576098','62','Church Rd','Thimbirigasyaya','Colombo District','Thimbirigasyaya');
INSERT INTO `skills_volunteers` (`user_id`,`skill_id`) VALUES (334,1);
INSERT INTO `skills_volunteers` (`user_id`,`skill_id`) VALUES (334,2);
INSERT INTO `skills_volunteers` (`user_id`,`skill_id`) VALUES (334,4);
INSERT INTO `volunteer_preference_volunteers` (`user_id`,`preference_id`) VALUES (334,5);
INSERT INTO `volunteer_preference_volunteers` (`user_id`,`preference_id`) VALUES (334,8);
INSERT INTO `users` (`user_id`,`username`,`password_hash`,`email`,`role`,`active`) VALUES (335,'vol_thimbirigasyaya_2','$2y$10$iiFpvIL1hfaNBYMBhqKCYuge5zWIk4DisB4TvHrBlzmuo5fjfaKY6','vol.52@resqnet.local','volunteer',1);
INSERT INTO `volunteers` (`user_id`,`name`,`age`,`gender`,`contact_number`,`house_no`,`street`,`city`,`district`,`gn_division`) VALUES (335,'Kamal Weerasinghe',20,'male','0744555705','138','Church Rd','Thimbirigasyaya','Colombo District','Thimbirigasyaya');
INSERT INTO `skills_volunteers` (`user_id`,`skill_id`) VALUES (335,2);
INSERT INTO `skills_volunteers` (`user_id`,`skill_id`) VALUES (335,4);
INSERT INTO `skills_volunteers` (`user_id`,`skill_id`) VALUES (335,5);
INSERT INTO `volunteer_preference_volunteers` (`user_id`,`preference_id`) VALUES (335,7);
INSERT INTO `users` (`user_id`,`username`,`password_hash`,`email`,`role`,`active`) VALUES (336,'vol_thimbirigasyaya_3','$2y$10$iiFpvIL1hfaNBYMBhqKCYuge5zWIk4DisB4TvHrBlzmuo5fjfaKY6','vol.53@resqnet.local','volunteer',1);
INSERT INTO `volunteers` (`user_id`,`name`,`age`,`gender`,`contact_number`,`house_no`,`street`,`city`,`district`,`gn_division`) VALUES (336,'Gayani Herath',22,'female','0747259840','179','Main St','Thimbirigasyaya','Colombo District','Thimbirigasyaya');
INSERT INTO `skills_volunteers` (`user_id`,`skill_id`) VALUES (336,1);
INSERT INTO `skills_volunteers` (`user_id`,`skill_id`) VALUES (336,4);
INSERT INTO `volunteer_preference_volunteers` (`user_id`,`preference_id`) VALUES (336,1);
INSERT INTO `volunteer_preference_volunteers` (`user_id`,`preference_id`) VALUES (336,6);
INSERT INTO `volunteer_preference_volunteers` (`user_id`,`preference_id`) VALUES (336,8);
INSERT INTO `users` (`user_id`,`username`,`password_hash`,`email`,`role`,`active`) VALUES (337,'vol_thimbirigasyaya_4','$2y$10$iiFpvIL1hfaNBYMBhqKCYuge5zWIk4DisB4TvHrBlzmuo5fjfaKY6','vol.54@resqnet.local','volunteer',1);
INSERT INTO `volunteers` (`user_id`,`name`,`age`,`gender`,`contact_number`,`house_no`,`street`,`city`,`district`,`gn_division`) VALUES (337,'Ishan Perera',27,'other','0737527361','181','Main St','Thimbirigasyaya','Colombo District','Thimbirigasyaya');
INSERT INTO `skills_volunteers` (`user_id`,`skill_id`) VALUES (337,6);
INSERT INTO `volunteer_preference_volunteers` (`user_id`,`preference_id`) VALUES (337,8);
INSERT INTO `users` (`user_id`,`username`,`password_hash`,`email`,`role`,`active`) VALUES (338,'vol_thimbirigasyaya_5','$2y$10$iiFpvIL1hfaNBYMBhqKCYuge5zWIk4DisB4TvHrBlzmuo5fjfaKY6','vol.55@resqnet.local','volunteer',0);
INSERT INTO `volunteers` (`user_id`,`name`,`age`,`gender`,`contact_number`,`house_no`,`street`,`city`,`district`,`gn_division`) VALUES (338,'Pradeep Weerasinghe',19,'male','0743330591','124','School Ln','Thimbirigasyaya','Colombo District','Thimbirigasyaya');
INSERT INTO `skills_volunteers` (`user_id`,`skill_id`) VALUES (338,1);
INSERT INTO `skills_volunteers` (`user_id`,`skill_id`) VALUES (338,2);
INSERT INTO `volunteer_preference_volunteers` (`user_id`,`preference_id`) VALUES (338,1);
INSERT INTO `volunteer_preference_volunteers` (`user_id`,`preference_id`) VALUES (338,8);
INSERT INTO `users` (`user_id`,`username`,`password_hash`,`email`,`role`,`active`) VALUES (339,'vol_dehiwala_1','$2y$10$iiFpvIL1hfaNBYMBhqKCYuge5zWIk4DisB4TvHrBlzmuo5fjfaKY6','vol.56@resqnet.local','volunteer',1);
INSERT INTO `volunteers` (`user_id`,`name`,`age`,`gender`,`contact_number`,`house_no`,`street`,`city`,`district`,`gn_division`) VALUES (339,'Hiruni Bandara',55,'female','0764032393','102','Station Rd','Dehiwala','Colombo District','Dehiwala');
INSERT INTO `skills_volunteers` (`user_id`,`skill_id`) VALUES (339,2);
INSERT INTO `volunteer_preference_volunteers` (`user_id`,`preference_id`) VALUES (339,1);
INSERT INTO `volunteer_preference_volunteers` (`user_id`,`preference_id`) VALUES (339,2);
INSERT INTO `volunteer_preference_volunteers` (`user_id`,`preference_id`) VALUES (339,3);
INSERT INTO `users` (`user_id`,`username`,`password_hash`,`email`,`role`,`active`) VALUES (340,'vol_dehiwala_2','$2y$10$iiFpvIL1hfaNBYMBhqKCYuge5zWIk4DisB4TvHrBlzmuo5fjfaKY6','vol.57@resqnet.local','volunteer',1);
INSERT INTO `volunteers` (`user_id`,`name`,`age`,`gender`,`contact_number`,`house_no`,`street`,`city`,`district`,`gn_division`) VALUES (340,'Sahan Liyanage',52,'other','0779262401','69','Hill St','Dehiwala','Colombo District','Dehiwala');
INSERT INTO `skills_volunteers` (`user_id`,`skill_id`) VALUES (340,5);
INSERT INTO `skills_volunteers` (`user_id`,`skill_id`) VALUES (340,6);
INSERT INTO `volunteer_preference_volunteers` (`user_id`,`preference_id`) VALUES (340,2);
INSERT INTO `volunteer_preference_volunteers` (`user_id`,`preference_id`) VALUES (340,3);
INSERT INTO `users` (`user_id`,`username`,`password_hash`,`email`,`role`,`active`) VALUES (341,'vol_dehiwala_3','$2y$10$iiFpvIL1hfaNBYMBhqKCYuge5zWIk4DisB4TvHrBlzmuo5fjfaKY6','vol.58@resqnet.local','volunteer',1);
INSERT INTO `volunteers` (`user_id`,`name`,`age`,`gender`,`contact_number`,`house_no`,`street`,`city`,`district`,`gn_division`) VALUES (341,'Roshan Karunaratne',47,'male','0758857565','135','Temple Rd','Dehiwala','Colombo District','Dehiwala');
INSERT INTO `skills_volunteers` (`user_id`,`skill_id`) VALUES (341,6);
INSERT INTO `volunteer_preference_volunteers` (`user_id`,`preference_id`) VALUES (341,2);
INSERT INTO `volunteer_preference_volunteers` (`user_id`,`preference_id`) VALUES (341,3);
INSERT INTO `volunteer_preference_volunteers` (`user_id`,`preference_id`) VALUES (341,7);
INSERT INTO `users` (`user_id`,`username`,`password_hash`,`email`,`role`,`active`) VALUES (342,'vol_dehiwala_4','$2y$10$iiFpvIL1hfaNBYMBhqKCYuge5zWIk4DisB4TvHrBlzmuo5fjfaKY6','vol.59@resqnet.local','volunteer',1);
INSERT INTO `volunteers` (`user_id`,`name`,`age`,`gender`,`contact_number`,`house_no`,`street`,`city`,`district`,`gn_division`) VALUES (342,'Malini Karunaratne',43,'female','0715660591','191','River Rd','Dehiwala','Colombo District','Dehiwala');
INSERT INTO `skills_volunteers` (`user_id`,`skill_id`) VALUES (342,2);
INSERT INTO `skills_volunteers` (`user_id`,`skill_id`) VALUES (342,4);
INSERT INTO `skills_volunteers` (`user_id`,`skill_id`) VALUES (342,6);
INSERT INTO `volunteer_preference_volunteers` (`user_id`,`preference_id`) VALUES (342,3);
INSERT INTO `users` (`user_id`,`username`,`password_hash`,`email`,`role`,`active`) VALUES (343,'vol_dehiwala_5','$2y$10$iiFpvIL1hfaNBYMBhqKCYuge5zWIk4DisB4TvHrBlzmuo5fjfaKY6','vol.60@resqnet.local','volunteer',0);
INSERT INTO `volunteers` (`user_id`,`name`,`age`,`gender`,`contact_number`,`house_no`,`street`,`city`,`district`,`gn_division`) VALUES (343,'Sampath Liyanage',25,'other','0735082929','163','Hill St','Dehiwala','Colombo District','Dehiwala');
INSERT INTO `skills_volunteers` (`user_id`,`skill_id`) VALUES (343,2);
INSERT INTO `skills_volunteers` (`user_id`,`skill_id`) VALUES (343,4);
INSERT INTO `skills_volunteers` (`user_id`,`skill_id`) VALUES (343,6);
INSERT INTO `volunteer_preference_volunteers` (`user_id`,`preference_id`) VALUES (343,2);
INSERT INTO `volunteer_preference_volunteers` (`user_id`,`preference_id`) VALUES (343,4);
INSERT INTO `volunteer_preference_volunteers` (`user_id`,`preference_id`) VALUES (343,5);
INSERT INTO `users` (`user_id`,`username`,`password_hash`,`email`,`role`,`active`) VALUES (344,'vol_ratmalana_1','$2y$10$iiFpvIL1hfaNBYMBhqKCYuge5zWIk4DisB4TvHrBlzmuo5fjfaKY6','vol.61@resqnet.local','volunteer',1);
INSERT INTO `volunteers` (`user_id`,`name`,`age`,`gender`,`contact_number`,`house_no`,`street`,`city`,`district`,`gn_division`) VALUES (344,'Chathura Pathirana',40,'male','0717231493','166','Station Rd','Ratmalana','Colombo District','Ratmalana');
INSERT INTO `skills_volunteers` (`user_id`,`skill_id`) VALUES (344,5);
INSERT INTO `volunteer_preference_volunteers` (`user_id`,`preference_id`) VALUES (344,8);
INSERT INTO `users` (`user_id`,`username`,`password_hash`,`email`,`role`,`active`) VALUES (345,'vol_ratmalana_2','$2y$10$iiFpvIL1hfaNBYMBhqKCYuge5zWIk4DisB4TvHrBlzmuo5fjfaKY6','vol.62@resqnet.local','volunteer',1);
INSERT INTO `volunteers` (`user_id`,`name`,`age`,`gender`,`contact_number`,`house_no`,`street`,`city`,`district`,`gn_division`) VALUES (345,'Malini Wijesinghe',42,'female','0785191791','43','Temple Rd','Ratmalana','Colombo District','Ratmalana');
INSERT INTO `skills_volunteers` (`user_id`,`skill_id`) VALUES (345,1);
INSERT INTO `skills_volunteers` (`user_id`,`skill_id`) VALUES (345,2);
INSERT INTO `skills_volunteers` (`user_id`,`skill_id`) VALUES (345,3);
INSERT INTO `volunteer_preference_volunteers` (`user_id`,`preference_id`) VALUES (345,2);
INSERT INTO `volunteer_preference_volunteers` (`user_id`,`preference_id`) VALUES (345,4);
INSERT INTO `volunteer_preference_volunteers` (`user_id`,`preference_id`) VALUES (345,5);
INSERT INTO `users` (`user_id`,`username`,`password_hash`,`email`,`role`,`active`) VALUES (346,'vol_ratmalana_3','$2y$10$iiFpvIL1hfaNBYMBhqKCYuge5zWIk4DisB4TvHrBlzmuo5fjfaKY6','vol.63@resqnet.local','volunteer',1);
INSERT INTO `volunteers` (`user_id`,`name`,`age`,`gender`,`contact_number`,`house_no`,`street`,`city`,`district`,`gn_division`) VALUES (346,'Nimal Silva',22,'other','0753436665','178','Temple Rd','Ratmalana','Colombo District','Ratmalana');
INSERT INTO `skills_volunteers` (`user_id`,`skill_id`) VALUES (346,1);
INSERT INTO `volunteer_preference_volunteers` (`user_id`,`preference_id`) VALUES (346,4);
INSERT INTO `volunteer_preference_volunteers` (`user_id`,`preference_id`) VALUES (346,7);
INSERT INTO `users` (`user_id`,`username`,`password_hash`,`email`,`role`,`active`) VALUES (347,'vol_ratmalana_4','$2y$10$iiFpvIL1hfaNBYMBhqKCYuge5zWIk4DisB4TvHrBlzmuo5fjfaKY6','vol.64@resqnet.local','volunteer',1);
INSERT INTO `volunteers` (`user_id`,`name`,`age`,`gender`,`contact_number`,`house_no`,`street`,`city`,`district`,`gn_division`) VALUES (347,'Sahan Gunasekara',27,'male','0761924978','24','School Ln','Ratmalana','Colombo District','Ratmalana');
INSERT INTO `skills_volunteers` (`user_id`,`skill_id`) VALUES (347,3);
INSERT INTO `volunteer_preference_volunteers` (`user_id`,`preference_id`) VALUES (347,1);
INSERT INTO `users` (`user_id`,`username`,`password_hash`,`email`,`role`,`active`) VALUES (348,'vol_ratmalana_5','$2y$10$iiFpvIL1hfaNBYMBhqKCYuge5zWIk4DisB4TvHrBlzmuo5fjfaKY6','vol.65@resqnet.local','volunteer',0);
INSERT INTO `volunteers` (`user_id`,`name`,`age`,`gender`,`contact_number`,`house_no`,`street`,`city`,`district`,`gn_division`) VALUES (348,'Iresha Mendis',18,'female','0790698272','138','Lake Rd','Ratmalana','Colombo District','Ratmalana');
INSERT INTO `skills_volunteers` (`user_id`,`skill_id`) VALUES (348,3);
INSERT INTO `skills_volunteers` (`user_id`,`skill_id`) VALUES (348,4);
INSERT INTO `skills_volunteers` (`user_id`,`skill_id`) VALUES (348,5);
INSERT INTO `volunteer_preference_volunteers` (`user_id`,`preference_id`) VALUES (348,1);
INSERT INTO `volunteer_preference_volunteers` (`user_id`,`preference_id`) VALUES (348,2);
INSERT INTO `volunteer_preference_volunteers` (`user_id`,`preference_id`) VALUES (348,8);
INSERT INTO `users` (`user_id`,`username`,`password_hash`,`email`,`role`,`active`) VALUES (349,'vol_moratuwa_1','$2y$10$iiFpvIL1hfaNBYMBhqKCYuge5zWIk4DisB4TvHrBlzmuo5fjfaKY6','vol.66@resqnet.local','volunteer',1);
INSERT INTO `volunteers` (`user_id`,`name`,`age`,`gender`,`contact_number`,`house_no`,`street`,`city`,`district`,`gn_division`) VALUES (349,'Nuwan Perera',20,'other','0757382697','15','School Ln','Moratuwa','Colombo District','Moratuwa');
INSERT INTO `skills_volunteers` (`user_id`,`skill_id`) VALUES (349,1);
INSERT INTO `skills_volunteers` (`user_id`,`skill_id`) VALUES (349,4);
INSERT INTO `skills_volunteers` (`user_id`,`skill_id`) VALUES (349,5);
INSERT INTO `volunteer_preference_volunteers` (`user_id`,`preference_id`) VALUES (349,2);
INSERT INTO `users` (`user_id`,`username`,`password_hash`,`email`,`role`,`active`) VALUES (350,'vol_moratuwa_2','$2y$10$iiFpvIL1hfaNBYMBhqKCYuge5zWIk4DisB4TvHrBlzmuo5fjfaKY6','vol.67@resqnet.local','volunteer',1);
INSERT INTO `volunteers` (`user_id`,`name`,`age`,`gender`,`contact_number`,`house_no`,`street`,`city`,`district`,`gn_division`) VALUES (350,'Dasun Silva',30,'male','0718444398','130','Temple Rd','Moratuwa','Colombo District','Moratuwa');
INSERT INTO `skills_volunteers` (`user_id`,`skill_id`) VALUES (350,2);
INSERT INTO `skills_volunteers` (`user_id`,`skill_id`) VALUES (350,3);
INSERT INTO `skills_volunteers` (`user_id`,`skill_id`) VALUES (350,5);
INSERT INTO `volunteer_preference_volunteers` (`user_id`,`preference_id`) VALUES (350,6);
INSERT INTO `users` (`user_id`,`username`,`password_hash`,`email`,`role`,`active`) VALUES (351,'vol_moratuwa_3','$2y$10$iiFpvIL1hfaNBYMBhqKCYuge5zWIk4DisB4TvHrBlzmuo5fjfaKY6','vol.68@resqnet.local','volunteer',1);
INSERT INTO `volunteers` (`user_id`,`name`,`age`,`gender`,`contact_number`,`house_no`,`street`,`city`,`district`,`gn_division`) VALUES (351,'Anusha Wickramasinghe',53,'female','0784784371','30','River Rd','Moratuwa','Colombo District','Moratuwa');
INSERT INTO `skills_volunteers` (`user_id`,`skill_id`) VALUES (351,3);
INSERT INTO `skills_volunteers` (`user_id`,`skill_id`) VALUES (351,6);
INSERT INTO `volunteer_preference_volunteers` (`user_id`,`preference_id`) VALUES (351,3);
INSERT INTO `users` (`user_id`,`username`,`password_hash`,`email`,`role`,`active`) VALUES (352,'vol_moratuwa_4','$2y$10$iiFpvIL1hfaNBYMBhqKCYuge5zWIk4DisB4TvHrBlzmuo5fjfaKY6','vol.69@resqnet.local','volunteer',1);
INSERT INTO `volunteers` (`user_id`,`name`,`age`,`gender`,`contact_number`,`house_no`,`street`,`city`,`district`,`gn_division`) VALUES (352,'Tharaka Senanayake',22,'other','0748606868','5','Temple Rd','Moratuwa','Colombo District','Moratuwa');
INSERT INTO `skills_volunteers` (`user_id`,`skill_id`) VALUES (352,1);
INSERT INTO `skills_volunteers` (`user_id`,`skill_id`) VALUES (352,2);
INSERT INTO `volunteer_preference_volunteers` (`user_id`,`preference_id`) VALUES (352,1);
INSERT INTO `volunteer_preference_volunteers` (`user_id`,`preference_id`) VALUES (352,4);
INSERT INTO `users` (`user_id`,`username`,`password_hash`,`email`,`role`,`active`) VALUES (353,'vol_moratuwa_5','$2y$10$iiFpvIL1hfaNBYMBhqKCYuge5zWIk4DisB4TvHrBlzmuo5fjfaKY6','vol.70@resqnet.local','volunteer',0);
INSERT INTO `volunteers` (`user_id`,`name`,`age`,`gender`,`contact_number`,`house_no`,`street`,`city`,`district`,`gn_division`) VALUES (353,'Chathura Senanayake',20,'male','0759935008','117','Temple Rd','Moratuwa','Colombo District','Moratuwa');
INSERT INTO `skills_volunteers` (`user_id`,`skill_id`) VALUES (353,1);
INSERT INTO `skills_volunteers` (`user_id`,`skill_id`) VALUES (353,6);
INSERT INTO `volunteer_preference_volunteers` (`user_id`,`preference_id`) VALUES (353,2);
INSERT INTO `volunteer_preference_volunteers` (`user_id`,`preference_id`) VALUES (353,4);
INSERT INTO `volunteer_preference_volunteers` (`user_id`,`preference_id`) VALUES (353,5);
INSERT INTO `users` (`user_id`,`username`,`password_hash`,`email`,`role`,`active`) VALUES (354,'vol_kesbewa_1','$2y$10$iiFpvIL1hfaNBYMBhqKCYuge5zWIk4DisB4TvHrBlzmuo5fjfaKY6','vol.71@resqnet.local','volunteer',1);
INSERT INTO `volunteers` (`user_id`,`name`,`age`,`gender`,`contact_number`,`house_no`,`street`,`city`,`district`,`gn_division`) VALUES (354,'Malini Jayawardena',50,'female','0790504839','20','Lake Rd','Kesbewa','Colombo District','Kesbewa');
INSERT INTO `skills_volunteers` (`user_id`,`skill_id`) VALUES (354,5);
INSERT INTO `skills_volunteers` (`user_id`,`skill_id`) VALUES (354,6);
INSERT INTO `volunteer_preference_volunteers` (`user_id`,`preference_id`) VALUES (354,1);
INSERT INTO `volunteer_preference_volunteers` (`user_id`,`preference_id`) VALUES (354,2);
INSERT INTO `volunteer_preference_volunteers` (`user_id`,`preference_id`) VALUES (354,3);
INSERT INTO `users` (`user_id`,`username`,`password_hash`,`email`,`role`,`active`) VALUES (355,'vol_kesbewa_2','$2y$10$iiFpvIL1hfaNBYMBhqKCYuge5zWIk4DisB4TvHrBlzmuo5fjfaKY6','vol.72@resqnet.local','volunteer',1);
INSERT INTO `volunteers` (`user_id`,`name`,`age`,`gender`,`contact_number`,`house_no`,`street`,`city`,`district`,`gn_division`) VALUES (355,'Kamal Weerasinghe',44,'other','0771428361','65','River Rd','Kesbewa','Colombo District','Kesbewa');
INSERT INTO `skills_volunteers` (`user_id`,`skill_id`) VALUES (355,3);
INSERT INTO `volunteer_preference_volunteers` (`user_id`,`preference_id`) VALUES (355,1);
INSERT INTO `volunteer_preference_volunteers` (`user_id`,`preference_id`) VALUES (355,3);
INSERT INTO `volunteer_preference_volunteers` (`user_id`,`preference_id`) VALUES (355,5);
INSERT INTO `users` (`user_id`,`username`,`password_hash`,`email`,`role`,`active`) VALUES (356,'vol_kesbewa_3','$2y$10$iiFpvIL1hfaNBYMBhqKCYuge5zWIk4DisB4TvHrBlzmuo5fjfaKY6','vol.73@resqnet.local','volunteer',1);
INSERT INTO `volunteers` (`user_id`,`name`,`age`,`gender`,`contact_number`,`house_no`,`street`,`city`,`district`,`gn_division`) VALUES (356,'Chathura Jayawardena',34,'male','0732606612','91','River Rd','Kesbewa','Colombo District','Kesbewa');
INSERT INTO `skills_volunteers` (`user_id`,`skill_id`) VALUES (356,2);
INSERT INTO `volunteer_preference_volunteers` (`user_id`,`preference_id`) VALUES (356,4);
INSERT INTO `volunteer_preference_volunteers` (`user_id`,`preference_id`) VALUES (356,6);
INSERT INTO `volunteer_preference_volunteers` (`user_id`,`preference_id`) VALUES (356,8);
INSERT INTO `users` (`user_id`,`username`,`password_hash`,`email`,`role`,`active`) VALUES (357,'vol_kesbewa_4','$2y$10$iiFpvIL1hfaNBYMBhqKCYuge5zWIk4DisB4TvHrBlzmuo5fjfaKY6','vol.74@resqnet.local','volunteer',1);
INSERT INTO `volunteers` (`user_id`,`name`,`age`,`gender`,`contact_number`,`house_no`,`street`,`city`,`district`,`gn_division`) VALUES (357,'Ayesha Weerasinghe',30,'female','0790114271','1','River Rd','Kesbewa','Colombo District','Kesbewa');
INSERT INTO `skills_volunteers` (`user_id`,`skill_id`) VALUES (357,1);
INSERT INTO `volunteer_preference_volunteers` (`user_id`,`preference_id`) VALUES (357,6);
INSERT INTO `volunteer_preference_volunteers` (`user_id`,`preference_id`) VALUES (357,7);
INSERT INTO `users` (`user_id`,`username`,`password_hash`,`email`,`role`,`active`) VALUES (358,'vol_kesbewa_5','$2y$10$iiFpvIL1hfaNBYMBhqKCYuge5zWIk4DisB4TvHrBlzmuo5fjfaKY6','vol.75@resqnet.local','volunteer',0);
INSERT INTO `volunteers` (`user_id`,`name`,`age`,`gender`,`contact_number`,`house_no`,`street`,`city`,`district`,`gn_division`) VALUES (358,'Chaminda Bandara',47,'other','0791241699','29','Church Rd','Kesbewa','Colombo District','Kesbewa');
INSERT INTO `skills_volunteers` (`user_id`,`skill_id`) VALUES (358,2);
INSERT INTO `skills_volunteers` (`user_id`,`skill_id`) VALUES (358,4);
INSERT INTO `skills_volunteers` (`user_id`,`skill_id`) VALUES (358,5);
INSERT INTO `volunteer_preference_volunteers` (`user_id`,`preference_id`) VALUES (358,2);
INSERT INTO `volunteer_preference_volunteers` (`user_id`,`preference_id`) VALUES (358,5);
INSERT INTO `volunteer_preference_volunteers` (`user_id`,`preference_id`) VALUES (358,7);
INSERT INTO `users` (`user_id`,`username`,`password_hash`,`email`,`role`,`active`) VALUES (359,'vol_negombo_1','$2y$10$iiFpvIL1hfaNBYMBhqKCYuge5zWIk4DisB4TvHrBlzmuo5fjfaKY6','vol.76@resqnet.local','volunteer',1);
INSERT INTO `volunteers` (`user_id`,`name`,`age`,`gender`,`contact_number`,`house_no`,`street`,`city`,`district`,`gn_division`) VALUES (359,'Lahiru Jayawardena',26,'male','0799203155','197','Temple Rd','Negombo','Gampaha District','Negombo');
INSERT INTO `skills_volunteers` (`user_id`,`skill_id`) VALUES (359,3);
INSERT INTO `skills_volunteers` (`user_id`,`skill_id`) VALUES (359,4);
INSERT INTO `skills_volunteers` (`user_id`,`skill_id`) VALUES (359,5);
INSERT INTO `volunteer_preference_volunteers` (`user_id`,`preference_id`) VALUES (359,3);
INSERT INTO `users` (`user_id`,`username`,`password_hash`,`email`,`role`,`active`) VALUES (360,'vol_negombo_2','$2y$10$iiFpvIL1hfaNBYMBhqKCYuge5zWIk4DisB4TvHrBlzmuo5fjfaKY6','vol.77@resqnet.local','volunteer',1);
INSERT INTO `volunteers` (`user_id`,`name`,`age`,`gender`,`contact_number`,`house_no`,`street`,`city`,`district`,`gn_division`) VALUES (360,'Nimali Karunaratne',54,'female','0750530945','14','Station Rd','Negombo','Gampaha District','Negombo');
INSERT INTO `skills_volunteers` (`user_id`,`skill_id`) VALUES (360,1);
INSERT INTO `skills_volunteers` (`user_id`,`skill_id`) VALUES (360,2);
INSERT INTO `volunteer_preference_volunteers` (`user_id`,`preference_id`) VALUES (360,5);
INSERT INTO `volunteer_preference_volunteers` (`user_id`,`preference_id`) VALUES (360,8);
INSERT INTO `users` (`user_id`,`username`,`password_hash`,`email`,`role`,`active`) VALUES (361,'vol_negombo_3','$2y$10$iiFpvIL1hfaNBYMBhqKCYuge5zWIk4DisB4TvHrBlzmuo5fjfaKY6','vol.78@resqnet.local','volunteer',1);
INSERT INTO `volunteers` (`user_id`,`name`,`age`,`gender`,`contact_number`,`house_no`,`street`,`city`,`district`,`gn_division`) VALUES (361,'Ranjith Jayawardena',42,'other','0768289466','73','Hill St','Negombo','Gampaha District','Negombo');
INSERT INTO `skills_volunteers` (`user_id`,`skill_id`) VALUES (361,2);
INSERT INTO `volunteer_preference_volunteers` (`user_id`,`preference_id`) VALUES (361,4);
INSERT INTO `volunteer_preference_volunteers` (`user_id`,`preference_id`) VALUES (361,7);
INSERT INTO `users` (`user_id`,`username`,`password_hash`,`email`,`role`,`active`) VALUES (362,'vol_negombo_4','$2y$10$iiFpvIL1hfaNBYMBhqKCYuge5zWIk4DisB4TvHrBlzmuo5fjfaKY6','vol.79@resqnet.local','volunteer',1);
INSERT INTO `volunteers` (`user_id`,`name`,`age`,`gender`,`contact_number`,`house_no`,`street`,`city`,`district`,`gn_division`) VALUES (362,'Ranjith Ekanayake',44,'male','0771822826','96','Market Rd','Negombo','Gampaha District','Negombo');
INSERT INTO `skills_volunteers` (`user_id`,`skill_id`) VALUES (362,1);
INSERT INTO `skills_volunteers` (`user_id`,`skill_id`) VALUES (362,6);
INSERT INTO `volunteer_preference_volunteers` (`user_id`,`preference_id`) VALUES (362,1);
INSERT INTO `volunteer_preference_volunteers` (`user_id`,`preference_id`) VALUES (362,6);
INSERT INTO `users` (`user_id`,`username`,`password_hash`,`email`,`role`,`active`) VALUES (363,'vol_negombo_5','$2y$10$iiFpvIL1hfaNBYMBhqKCYuge5zWIk4DisB4TvHrBlzmuo5fjfaKY6','vol.80@resqnet.local','volunteer',0);
INSERT INTO `volunteers` (`user_id`,`name`,`age`,`gender`,`contact_number`,`house_no`,`street`,`city`,`district`,`gn_division`) VALUES (363,'Sachini Perera',43,'female','0796051726','168','Church Rd','Negombo','Gampaha District','Negombo');
INSERT INTO `skills_volunteers` (`user_id`,`skill_id`) VALUES (363,3);
INSERT INTO `volunteer_preference_volunteers` (`user_id`,`preference_id`) VALUES (363,5);
INSERT INTO `volunteer_preference_volunteers` (`user_id`,`preference_id`) VALUES (363,8);
INSERT INTO `users` (`user_id`,`username`,`password_hash`,`email`,`role`,`active`) VALUES (364,'vol_katana_1','$2y$10$iiFpvIL1hfaNBYMBhqKCYuge5zWIk4DisB4TvHrBlzmuo5fjfaKY6','vol.81@resqnet.local','volunteer',1);
INSERT INTO `volunteers` (`user_id`,`name`,`age`,`gender`,`contact_number`,`house_no`,`street`,`city`,`district`,`gn_division`) VALUES (364,'Tharaka Gunasekara',19,'other','0722762647','68','Main St','Katana','Gampaha District','Katana');
INSERT INTO `skills_volunteers` (`user_id`,`skill_id`) VALUES (364,3);
INSERT INTO `volunteer_preference_volunteers` (`user_id`,`preference_id`) VALUES (364,5);
INSERT INTO `volunteer_preference_volunteers` (`user_id`,`preference_id`) VALUES (364,6);
INSERT INTO `users` (`user_id`,`username`,`password_hash`,`email`,`role`,`active`) VALUES (365,'vol_katana_2','$2y$10$iiFpvIL1hfaNBYMBhqKCYuge5zWIk4DisB4TvHrBlzmuo5fjfaKY6','vol.82@resqnet.local','volunteer',1);
INSERT INTO `volunteers` (`user_id`,`name`,`age`,`gender`,`contact_number`,`house_no`,`street`,`city`,`district`,`gn_division`) VALUES (365,'Nimal Bandara',44,'male','0732436860','186','Main St','Katana','Gampaha District','Katana');
INSERT INTO `skills_volunteers` (`user_id`,`skill_id`) VALUES (365,3);
INSERT INTO `skills_volunteers` (`user_id`,`skill_id`) VALUES (365,5);
INSERT INTO `skills_volunteers` (`user_id`,`skill_id`) VALUES (365,6);
INSERT INTO `volunteer_preference_volunteers` (`user_id`,`preference_id`) VALUES (365,3);
INSERT INTO `users` (`user_id`,`username`,`password_hash`,`email`,`role`,`active`) VALUES (366,'vol_katana_3','$2y$10$iiFpvIL1hfaNBYMBhqKCYuge5zWIk4DisB4TvHrBlzmuo5fjfaKY6','vol.83@resqnet.local','volunteer',1);
INSERT INTO `volunteers` (`user_id`,`name`,`age`,`gender`,`contact_number`,`house_no`,`street`,`city`,`district`,`gn_division`) VALUES (366,'Gayani Gunasekara',25,'female','0751830253','118','Temple Rd','Katana','Gampaha District','Katana');
INSERT INTO `skills_volunteers` (`user_id`,`skill_id`) VALUES (366,3);
INSERT INTO `skills_volunteers` (`user_id`,`skill_id`) VALUES (366,6);
INSERT INTO `volunteer_preference_volunteers` (`user_id`,`preference_id`) VALUES (366,2);
INSERT INTO `volunteer_preference_volunteers` (`user_id`,`preference_id`) VALUES (366,8);
INSERT INTO `users` (`user_id`,`username`,`password_hash`,`email`,`role`,`active`) VALUES (367,'vol_katana_4','$2y$10$iiFpvIL1hfaNBYMBhqKCYuge5zWIk4DisB4TvHrBlzmuo5fjfaKY6','vol.84@resqnet.local','volunteer',1);
INSERT INTO `volunteers` (`user_id`,`name`,`age`,`gender`,`contact_number`,`house_no`,`street`,`city`,`district`,`gn_division`) VALUES (367,'Sunil Senanayake',20,'other','0796738616','20','Station Rd','Katana','Gampaha District','Katana');
INSERT INTO `skills_volunteers` (`user_id`,`skill_id`) VALUES (367,3);
INSERT INTO `skills_volunteers` (`user_id`,`skill_id`) VALUES (367,4);
INSERT INTO `skills_volunteers` (`user_id`,`skill_id`) VALUES (367,6);
INSERT INTO `volunteer_preference_volunteers` (`user_id`,`preference_id`) VALUES (367,4);
INSERT INTO `volunteer_preference_volunteers` (`user_id`,`preference_id`) VALUES (367,5);
INSERT INTO `volunteer_preference_volunteers` (`user_id`,`preference_id`) VALUES (367,8);
INSERT INTO `users` (`user_id`,`username`,`password_hash`,`email`,`role`,`active`) VALUES (368,'vol_katana_5','$2y$10$iiFpvIL1hfaNBYMBhqKCYuge5zWIk4DisB4TvHrBlzmuo5fjfaKY6','vol.85@resqnet.local','volunteer',0);
INSERT INTO `volunteers` (`user_id`,`name`,`age`,`gender`,`contact_number`,`house_no`,`street`,`city`,`district`,`gn_division`) VALUES (368,'Chathura Wickramasinghe',30,'male','0785013726','128','Station Rd','Katana','Gampaha District','Katana');
INSERT INTO `skills_volunteers` (`user_id`,`skill_id`) VALUES (368,2);
INSERT INTO `volunteer_preference_volunteers` (`user_id`,`preference_id`) VALUES (368,1);
INSERT INTO `users` (`user_id`,`username`,`password_hash`,`email`,`role`,`active`) VALUES (369,'vol_divulapitiya_1','$2y$10$iiFpvIL1hfaNBYMBhqKCYuge5zWIk4DisB4TvHrBlzmuo5fjfaKY6','vol.86@resqnet.local','volunteer',1);
INSERT INTO `volunteers` (`user_id`,`name`,`age`,`gender`,`contact_number`,`house_no`,`street`,`city`,`district`,`gn_division`) VALUES (369,'Sewwandi Liyanage',39,'female','0742978156','41','Main St','Divulapitiya','Gampaha District','Divulapitiya');
INSERT INTO `skills_volunteers` (`user_id`,`skill_id`) VALUES (369,4);
INSERT INTO `volunteer_preference_volunteers` (`user_id`,`preference_id`) VALUES (369,7);
INSERT INTO `volunteer_preference_volunteers` (`user_id`,`preference_id`) VALUES (369,8);
INSERT INTO `users` (`user_id`,`username`,`password_hash`,`email`,`role`,`active`) VALUES (370,'vol_divulapitiya_2','$2y$10$iiFpvIL1hfaNBYMBhqKCYuge5zWIk4DisB4TvHrBlzmuo5fjfaKY6','vol.87@resqnet.local','volunteer',1);
INSERT INTO `volunteers` (`user_id`,`name`,`age`,`gender`,`contact_number`,`house_no`,`street`,`city`,`district`,`gn_division`) VALUES (370,'Kamal Mendis',32,'other','0763492834','51','Temple Rd','Divulapitiya','Gampaha District','Divulapitiya');
INSERT INTO `skills_volunteers` (`user_id`,`skill_id`) VALUES (370,2);
INSERT INTO `volunteer_preference_volunteers` (`user_id`,`preference_id`) VALUES (370,3);
INSERT INTO `volunteer_preference_volunteers` (`user_id`,`preference_id`) VALUES (370,4);
INSERT INTO `volunteer_preference_volunteers` (`user_id`,`preference_id`) VALUES (370,8);
INSERT INTO `users` (`user_id`,`username`,`password_hash`,`email`,`role`,`active`) VALUES (371,'vol_divulapitiya_3','$2y$10$iiFpvIL1hfaNBYMBhqKCYuge5zWIk4DisB4TvHrBlzmuo5fjfaKY6','vol.88@resqnet.local','volunteer',1);
INSERT INTO `volunteers` (`user_id`,`name`,`age`,`gender`,`contact_number`,`house_no`,`street`,`city`,`district`,`gn_division`) VALUES (371,'Roshan Wickramasinghe',39,'male','0717387125','70','Hill St','Divulapitiya','Gampaha District','Divulapitiya');
INSERT INTO `skills_volunteers` (`user_id`,`skill_id`) VALUES (371,2);
INSERT INTO `skills_volunteers` (`user_id`,`skill_id`) VALUES (371,5);
INSERT INTO `skills_volunteers` (`user_id`,`skill_id`) VALUES (371,6);
INSERT INTO `volunteer_preference_volunteers` (`user_id`,`preference_id`) VALUES (371,4);
INSERT INTO `volunteer_preference_volunteers` (`user_id`,`preference_id`) VALUES (371,7);
INSERT INTO `volunteer_preference_volunteers` (`user_id`,`preference_id`) VALUES (371,8);
INSERT INTO `users` (`user_id`,`username`,`password_hash`,`email`,`role`,`active`) VALUES (372,'vol_divulapitiya_4','$2y$10$iiFpvIL1hfaNBYMBhqKCYuge5zWIk4DisB4TvHrBlzmuo5fjfaKY6','vol.89@resqnet.local','volunteer',1);
INSERT INTO `volunteers` (`user_id`,`name`,`age`,`gender`,`contact_number`,`house_no`,`street`,`city`,`district`,`gn_division`) VALUES (372,'Nimali Jayawardena',46,'female','0770016289','164','School Ln','Divulapitiya','Gampaha District','Divulapitiya');
INSERT INTO `skills_volunteers` (`user_id`,`skill_id`) VALUES (372,3);
INSERT INTO `skills_volunteers` (`user_id`,`skill_id`) VALUES (372,5);
INSERT INTO `skills_volunteers` (`user_id`,`skill_id`) VALUES (372,6);
INSERT INTO `volunteer_preference_volunteers` (`user_id`,`preference_id`) VALUES (372,2);
INSERT INTO `users` (`user_id`,`username`,`password_hash`,`email`,`role`,`active`) VALUES (373,'vol_divulapitiya_5','$2y$10$iiFpvIL1hfaNBYMBhqKCYuge5zWIk4DisB4TvHrBlzmuo5fjfaKY6','vol.90@resqnet.local','volunteer',0);
INSERT INTO `volunteers` (`user_id`,`name`,`age`,`gender`,`contact_number`,`house_no`,`street`,`city`,`district`,`gn_division`) VALUES (373,'Kasun Samarasinghe',36,'other','0739834886','75','Temple Rd','Divulapitiya','Gampaha District','Divulapitiya');
INSERT INTO `skills_volunteers` (`user_id`,`skill_id`) VALUES (373,1);
INSERT INTO `skills_volunteers` (`user_id`,`skill_id`) VALUES (373,2);
INSERT INTO `volunteer_preference_volunteers` (`user_id`,`preference_id`) VALUES (373,6);
INSERT INTO `users` (`user_id`,`username`,`password_hash`,`email`,`role`,`active`) VALUES (374,'vol_mirigama_1','$2y$10$iiFpvIL1hfaNBYMBhqKCYuge5zWIk4DisB4TvHrBlzmuo5fjfaKY6','vol.91@resqnet.local','volunteer',1);
INSERT INTO `volunteers` (`user_id`,`name`,`age`,`gender`,`contact_number`,`house_no`,`street`,`city`,`district`,`gn_division`) VALUES (374,'Sampath Cooray',31,'male','0753841256','9','Station Rd','Mirigama','Gampaha District','Mirigama');
INSERT INTO `skills_volunteers` (`user_id`,`skill_id`) VALUES (374,1);
INSERT INTO `skills_volunteers` (`user_id`,`skill_id`) VALUES (374,5);
INSERT INTO `skills_volunteers` (`user_id`,`skill_id`) VALUES (374,6);
INSERT INTO `volunteer_preference_volunteers` (`user_id`,`preference_id`) VALUES (374,1);
INSERT INTO `volunteer_preference_volunteers` (`user_id`,`preference_id`) VALUES (374,5);
INSERT INTO `volunteer_preference_volunteers` (`user_id`,`preference_id`) VALUES (374,7);
INSERT INTO `users` (`user_id`,`username`,`password_hash`,`email`,`role`,`active`) VALUES (375,'vol_mirigama_2','$2y$10$iiFpvIL1hfaNBYMBhqKCYuge5zWIk4DisB4TvHrBlzmuo5fjfaKY6','vol.92@resqnet.local','volunteer',1);
INSERT INTO `volunteers` (`user_id`,`name`,`age`,`gender`,`contact_number`,`house_no`,`street`,`city`,`district`,`gn_division`) VALUES (375,'Dulani Samarasinghe',19,'female','0764625541','37','Temple Rd','Mirigama','Gampaha District','Mirigama');
INSERT INTO `skills_volunteers` (`user_id`,`skill_id`) VALUES (375,6);
INSERT INTO `volunteer_preference_volunteers` (`user_id`,`preference_id`) VALUES (375,3);
INSERT INTO `users` (`user_id`,`username`,`password_hash`,`email`,`role`,`active`) VALUES (376,'vol_mirigama_3','$2y$10$iiFpvIL1hfaNBYMBhqKCYuge5zWIk4DisB4TvHrBlzmuo5fjfaKY6','vol.93@resqnet.local','volunteer',1);
INSERT INTO `volunteers` (`user_id`,`name`,`age`,`gender`,`contact_number`,`house_no`,`street`,`city`,`district`,`gn_division`) VALUES (376,'Nuwan Silva',23,'other','0791198970','192','Market Rd','Mirigama','Gampaha District','Mirigama');
INSERT INTO `skills_volunteers` (`user_id`,`skill_id`) VALUES (376,3);
INSERT INTO `skills_volunteers` (`user_id`,`skill_id`) VALUES (376,4);
INSERT INTO `skills_volunteers` (`user_id`,`skill_id`) VALUES (376,5);
INSERT INTO `volunteer_preference_volunteers` (`user_id`,`preference_id`) VALUES (376,2);
INSERT INTO `users` (`user_id`,`username`,`password_hash`,`email`,`role`,`active`) VALUES (377,'vol_mirigama_4','$2y$10$iiFpvIL1hfaNBYMBhqKCYuge5zWIk4DisB4TvHrBlzmuo5fjfaKY6','vol.94@resqnet.local','volunteer',1);
INSERT INTO `volunteers` (`user_id`,`name`,`age`,`gender`,`contact_number`,`house_no`,`street`,`city`,`district`,`gn_division`) VALUES (377,'Roshan Karunaratne',31,'male','0772917478','134','River Rd','Mirigama','Gampaha District','Mirigama');
INSERT INTO `skills_volunteers` (`user_id`,`skill_id`) VALUES (377,2);
INSERT INTO `skills_volunteers` (`user_id`,`skill_id`) VALUES (377,5);
INSERT INTO `skills_volunteers` (`user_id`,`skill_id`) VALUES (377,6);
INSERT INTO `volunteer_preference_volunteers` (`user_id`,`preference_id`) VALUES (377,1);
INSERT INTO `volunteer_preference_volunteers` (`user_id`,`preference_id`) VALUES (377,6);
INSERT INTO `users` (`user_id`,`username`,`password_hash`,`email`,`role`,`active`) VALUES (378,'vol_mirigama_5','$2y$10$iiFpvIL1hfaNBYMBhqKCYuge5zWIk4DisB4TvHrBlzmuo5fjfaKY6','vol.95@resqnet.local','volunteer',0);
INSERT INTO `volunteers` (`user_id`,`name`,`age`,`gender`,`contact_number`,`house_no`,`street`,`city`,`district`,`gn_division`) VALUES (378,'Sewwandi Wickramasinghe',24,'female','0747887327','138','Church Rd','Mirigama','Gampaha District','Mirigama');
INSERT INTO `skills_volunteers` (`user_id`,`skill_id`) VALUES (378,2);
INSERT INTO `skills_volunteers` (`user_id`,`skill_id`) VALUES (378,4);
INSERT INTO `skills_volunteers` (`user_id`,`skill_id`) VALUES (378,6);
INSERT INTO `volunteer_preference_volunteers` (`user_id`,`preference_id`) VALUES (378,4);
INSERT INTO `users` (`user_id`,`username`,`password_hash`,`email`,`role`,`active`) VALUES (379,'vol_minuwangoda_1','$2y$10$iiFpvIL1hfaNBYMBhqKCYuge5zWIk4DisB4TvHrBlzmuo5fjfaKY6','vol.96@resqnet.local','volunteer',1);
INSERT INTO `volunteers` (`user_id`,`name`,`age`,`gender`,`contact_number`,`house_no`,`street`,`city`,`district`,`gn_division`) VALUES (379,'Pradeep Bandara',26,'other','0732574489','166','River Rd','Minuwangoda','Gampaha District','Minuwangoda');
INSERT INTO `skills_volunteers` (`user_id`,`skill_id`) VALUES (379,1);
INSERT INTO `skills_volunteers` (`user_id`,`skill_id`) VALUES (379,4);
INSERT INTO `volunteer_preference_volunteers` (`user_id`,`preference_id`) VALUES (379,6);
INSERT INTO `users` (`user_id`,`username`,`password_hash`,`email`,`role`,`active`) VALUES (380,'vol_minuwangoda_2','$2y$10$iiFpvIL1hfaNBYMBhqKCYuge5zWIk4DisB4TvHrBlzmuo5fjfaKY6','vol.97@resqnet.local','volunteer',1);
INSERT INTO `volunteers` (`user_id`,`name`,`age`,`gender`,`contact_number`,`house_no`,`street`,`city`,`district`,`gn_division`) VALUES (380,'Roshan Pathirana',21,'male','0744580675','76','Main St','Minuwangoda','Gampaha District','Minuwangoda');
INSERT INTO `skills_volunteers` (`user_id`,`skill_id`) VALUES (380,4);
INSERT INTO `skills_volunteers` (`user_id`,`skill_id`) VALUES (380,5);
INSERT INTO `skills_volunteers` (`user_id`,`skill_id`) VALUES (380,6);
INSERT INTO `volunteer_preference_volunteers` (`user_id`,`preference_id`) VALUES (380,8);
INSERT INTO `users` (`user_id`,`username`,`password_hash`,`email`,`role`,`active`) VALUES (381,'vol_minuwangoda_3','$2y$10$iiFpvIL1hfaNBYMBhqKCYuge5zWIk4DisB4TvHrBlzmuo5fjfaKY6','vol.98@resqnet.local','volunteer',1);
INSERT INTO `volunteers` (`user_id`,`name`,`age`,`gender`,`contact_number`,`house_no`,`street`,`city`,`district`,`gn_division`) VALUES (381,'Nimali Senanayake',42,'female','0759066843','1','River Rd','Minuwangoda','Gampaha District','Minuwangoda');
INSERT INTO `skills_volunteers` (`user_id`,`skill_id`) VALUES (381,6);
INSERT INTO `volunteer_preference_volunteers` (`user_id`,`preference_id`) VALUES (381,1);
INSERT INTO `users` (`user_id`,`username`,`password_hash`,`email`,`role`,`active`) VALUES (382,'vol_minuwangoda_4','$2y$10$iiFpvIL1hfaNBYMBhqKCYuge5zWIk4DisB4TvHrBlzmuo5fjfaKY6','vol.99@resqnet.local','volunteer',1);
INSERT INTO `volunteers` (`user_id`,`name`,`age`,`gender`,`contact_number`,`house_no`,`street`,`city`,`district`,`gn_division`) VALUES (382,'Roshan Cooray',36,'other','0714686171','13','Lake Rd','Minuwangoda','Gampaha District','Minuwangoda');
INSERT INTO `skills_volunteers` (`user_id`,`skill_id`) VALUES (382,4);
INSERT INTO `volunteer_preference_volunteers` (`user_id`,`preference_id`) VALUES (382,2);
INSERT INTO `volunteer_preference_volunteers` (`user_id`,`preference_id`) VALUES (382,4);
INSERT INTO `users` (`user_id`,`username`,`password_hash`,`email`,`role`,`active`) VALUES (383,'vol_minuwangoda_5','$2y$10$iiFpvIL1hfaNBYMBhqKCYuge5zWIk4DisB4TvHrBlzmuo5fjfaKY6','vol.100@resqnet.local','volunteer',0);
INSERT INTO `volunteers` (`user_id`,`name`,`age`,`gender`,`contact_number`,`house_no`,`street`,`city`,`district`,`gn_division`) VALUES (383,'Sahan Silva',37,'male','0744794550','114','Temple Rd','Minuwangoda','Gampaha District','Minuwangoda');
INSERT INTO `skills_volunteers` (`user_id`,`skill_id`) VALUES (383,2);
INSERT INTO `skills_volunteers` (`user_id`,`skill_id`) VALUES (383,4);
INSERT INTO `skills_volunteers` (`user_id`,`skill_id`) VALUES (383,6);
INSERT INTO `volunteer_preference_volunteers` (`user_id`,`preference_id`) VALUES (383,2);
INSERT INTO `volunteer_preference_volunteers` (`user_id`,`preference_id`) VALUES (383,4);
INSERT INTO `volunteer_preference_volunteers` (`user_id`,`preference_id`) VALUES (383,6);
INSERT INTO `users` (`user_id`,`username`,`password_hash`,`email`,`role`,`active`) VALUES (384,'vol_wattala_1','$2y$10$iiFpvIL1hfaNBYMBhqKCYuge5zWIk4DisB4TvHrBlzmuo5fjfaKY6','vol.101@resqnet.local','volunteer',1);
INSERT INTO `volunteers` (`user_id`,`name`,`age`,`gender`,`contact_number`,`house_no`,`street`,`city`,`district`,`gn_division`) VALUES (384,'Malini Liyanage',25,'female','0752569738','7','Church Rd','Wattala','Gampaha District','Wattala');
INSERT INTO `skills_volunteers` (`user_id`,`skill_id`) VALUES (384,1);
INSERT INTO `skills_volunteers` (`user_id`,`skill_id`) VALUES (384,3);
INSERT INTO `skills_volunteers` (`user_id`,`skill_id`) VALUES (384,6);
INSERT INTO `volunteer_preference_volunteers` (`user_id`,`preference_id`) VALUES (384,6);
INSERT INTO `users` (`user_id`,`username`,`password_hash`,`email`,`role`,`active`) VALUES (385,'vol_wattala_2','$2y$10$iiFpvIL1hfaNBYMBhqKCYuge5zWIk4DisB4TvHrBlzmuo5fjfaKY6','vol.102@resqnet.local','volunteer',1);
INSERT INTO `volunteers` (`user_id`,`name`,`age`,`gender`,`contact_number`,`house_no`,`street`,`city`,`district`,`gn_division`) VALUES (385,'Amila Rathnayake',31,'other','0750572599','38','Lake Rd','Wattala','Gampaha District','Wattala');
INSERT INTO `skills_volunteers` (`user_id`,`skill_id`) VALUES (385,2);
INSERT INTO `skills_volunteers` (`user_id`,`skill_id`) VALUES (385,4);
INSERT INTO `volunteer_preference_volunteers` (`user_id`,`preference_id`) VALUES (385,5);
INSERT INTO `users` (`user_id`,`username`,`password_hash`,`email`,`role`,`active`) VALUES (386,'vol_wattala_3','$2y$10$iiFpvIL1hfaNBYMBhqKCYuge5zWIk4DisB4TvHrBlzmuo5fjfaKY6','vol.103@resqnet.local','volunteer',1);
INSERT INTO `volunteers` (`user_id`,`name`,`age`,`gender`,`contact_number`,`house_no`,`street`,`city`,`district`,`gn_division`) VALUES (386,'Tharaka Jayawardena',20,'male','0711715844','192','Garden Ln','Wattala','Gampaha District','Wattala');
INSERT INTO `skills_volunteers` (`user_id`,`skill_id`) VALUES (386,6);
INSERT INTO `volunteer_preference_volunteers` (`user_id`,`preference_id`) VALUES (386,1);
INSERT INTO `volunteer_preference_volunteers` (`user_id`,`preference_id`) VALUES (386,5);
INSERT INTO `volunteer_preference_volunteers` (`user_id`,`preference_id`) VALUES (386,6);
INSERT INTO `users` (`user_id`,`username`,`password_hash`,`email`,`role`,`active`) VALUES (387,'vol_wattala_4','$2y$10$iiFpvIL1hfaNBYMBhqKCYuge5zWIk4DisB4TvHrBlzmuo5fjfaKY6','vol.104@resqnet.local','volunteer',1);
INSERT INTO `volunteers` (`user_id`,`name`,`age`,`gender`,`contact_number`,`house_no`,`street`,`city`,`district`,`gn_division`) VALUES (387,'Dilhani Bandara',20,'female','0763328191','142','Station Rd','Wattala','Gampaha District','Wattala');
INSERT INTO `skills_volunteers` (`user_id`,`skill_id`) VALUES (387,1);
INSERT INTO `skills_volunteers` (`user_id`,`skill_id`) VALUES (387,3);
INSERT INTO `skills_volunteers` (`user_id`,`skill_id`) VALUES (387,5);
INSERT INTO `volunteer_preference_volunteers` (`user_id`,`preference_id`) VALUES (387,2);
INSERT INTO `volunteer_preference_volunteers` (`user_id`,`preference_id`) VALUES (387,3);
INSERT INTO `users` (`user_id`,`username`,`password_hash`,`email`,`role`,`active`) VALUES (388,'vol_wattala_5','$2y$10$iiFpvIL1hfaNBYMBhqKCYuge5zWIk4DisB4TvHrBlzmuo5fjfaKY6','vol.105@resqnet.local','volunteer',0);
INSERT INTO `volunteers` (`user_id`,`name`,`age`,`gender`,`contact_number`,`house_no`,`street`,`city`,`district`,`gn_division`) VALUES (388,'Chathura Wijesinghe',19,'other','0777548742','194','School Ln','Wattala','Gampaha District','Wattala');
INSERT INTO `skills_volunteers` (`user_id`,`skill_id`) VALUES (388,1);
INSERT INTO `skills_volunteers` (`user_id`,`skill_id`) VALUES (388,4);
INSERT INTO `volunteer_preference_volunteers` (`user_id`,`preference_id`) VALUES (388,2);
INSERT INTO `volunteer_preference_volunteers` (`user_id`,`preference_id`) VALUES (388,8);
INSERT INTO `users` (`user_id`,`username`,`password_hash`,`email`,`role`,`active`) VALUES (389,'vol_ja_ela_1','$2y$10$iiFpvIL1hfaNBYMBhqKCYuge5zWIk4DisB4TvHrBlzmuo5fjfaKY6','vol.106@resqnet.local','volunteer',1);
INSERT INTO `volunteers` (`user_id`,`name`,`age`,`gender`,`contact_number`,`house_no`,`street`,`city`,`district`,`gn_division`) VALUES (389,'Roshan Mendis',44,'male','0799372480','88','Temple Rd','Ja-Ela','Gampaha District','Ja-Ela');
INSERT INTO `skills_volunteers` (`user_id`,`skill_id`) VALUES (389,3);
INSERT INTO `skills_volunteers` (`user_id`,`skill_id`) VALUES (389,5);
INSERT INTO `volunteer_preference_volunteers` (`user_id`,`preference_id`) VALUES (389,6);
INSERT INTO `users` (`user_id`,`username`,`password_hash`,`email`,`role`,`active`) VALUES (390,'vol_ja_ela_2','$2y$10$iiFpvIL1hfaNBYMBhqKCYuge5zWIk4DisB4TvHrBlzmuo5fjfaKY6','vol.107@resqnet.local','volunteer',1);
INSERT INTO `volunteers` (`user_id`,`name`,`age`,`gender`,`contact_number`,`house_no`,`street`,`city`,`district`,`gn_division`) VALUES (390,'Dilhani Gunasekara',20,'female','0771118630','180','Station Rd','Ja-Ela','Gampaha District','Ja-Ela');
INSERT INTO `skills_volunteers` (`user_id`,`skill_id`) VALUES (390,2);
INSERT INTO `skills_volunteers` (`user_id`,`skill_id`) VALUES (390,5);
INSERT INTO `volunteer_preference_volunteers` (`user_id`,`preference_id`) VALUES (390,5);
INSERT INTO `users` (`user_id`,`username`,`password_hash`,`email`,`role`,`active`) VALUES (391,'vol_ja_ela_3','$2y$10$iiFpvIL1hfaNBYMBhqKCYuge5zWIk4DisB4TvHrBlzmuo5fjfaKY6','vol.108@resqnet.local','volunteer',1);
INSERT INTO `volunteers` (`user_id`,`name`,`age`,`gender`,`contact_number`,`house_no`,`street`,`city`,`district`,`gn_division`) VALUES (391,'Sunil Liyanage',29,'other','0779237664','161','Garden Ln','Ja-Ela','Gampaha District','Ja-Ela');
INSERT INTO `skills_volunteers` (`user_id`,`skill_id`) VALUES (391,3);
INSERT INTO `skills_volunteers` (`user_id`,`skill_id`) VALUES (391,4);
INSERT INTO `skills_volunteers` (`user_id`,`skill_id`) VALUES (391,6);
INSERT INTO `volunteer_preference_volunteers` (`user_id`,`preference_id`) VALUES (391,1);
INSERT INTO `volunteer_preference_volunteers` (`user_id`,`preference_id`) VALUES (391,3);
INSERT INTO `volunteer_preference_volunteers` (`user_id`,`preference_id`) VALUES (391,6);
INSERT INTO `users` (`user_id`,`username`,`password_hash`,`email`,`role`,`active`) VALUES (392,'vol_ja_ela_4','$2y$10$iiFpvIL1hfaNBYMBhqKCYuge5zWIk4DisB4TvHrBlzmuo5fjfaKY6','vol.109@resqnet.local','volunteer',1);
INSERT INTO `volunteers` (`user_id`,`name`,`age`,`gender`,`contact_number`,`house_no`,`street`,`city`,`district`,`gn_division`) VALUES (392,'Kasun Senanayake',41,'male','0753904881','82','Hill St','Ja-Ela','Gampaha District','Ja-Ela');
INSERT INTO `skills_volunteers` (`user_id`,`skill_id`) VALUES (392,2);
INSERT INTO `skills_volunteers` (`user_id`,`skill_id`) VALUES (392,3);
INSERT INTO `skills_volunteers` (`user_id`,`skill_id`) VALUES (392,4);
INSERT INTO `volunteer_preference_volunteers` (`user_id`,`preference_id`) VALUES (392,2);
INSERT INTO `volunteer_preference_volunteers` (`user_id`,`preference_id`) VALUES (392,3);
INSERT INTO `users` (`user_id`,`username`,`password_hash`,`email`,`role`,`active`) VALUES (393,'vol_ja_ela_5','$2y$10$iiFpvIL1hfaNBYMBhqKCYuge5zWIk4DisB4TvHrBlzmuo5fjfaKY6','vol.110@resqnet.local','volunteer',0);
INSERT INTO `volunteers` (`user_id`,`name`,`age`,`gender`,`contact_number`,`house_no`,`street`,`city`,`district`,`gn_division`) VALUES (393,'Sewwandi Bandara',38,'female','0769983482','87','Lake Rd','Ja-Ela','Gampaha District','Ja-Ela');
INSERT INTO `skills_volunteers` (`user_id`,`skill_id`) VALUES (393,2);
INSERT INTO `volunteer_preference_volunteers` (`user_id`,`preference_id`) VALUES (393,1);
INSERT INTO `users` (`user_id`,`username`,`password_hash`,`email`,`role`,`active`) VALUES (394,'vol_gampaha_1','$2y$10$iiFpvIL1hfaNBYMBhqKCYuge5zWIk4DisB4TvHrBlzmuo5fjfaKY6','vol.111@resqnet.local','volunteer',1);
INSERT INTO `volunteers` (`user_id`,`name`,`age`,`gender`,`contact_number`,`house_no`,`street`,`city`,`district`,`gn_division`) VALUES (394,'Sahan Senanayake',32,'other','0799868030','81','Market Rd','Gampaha','Gampaha District','Gampaha');
INSERT INTO `skills_volunteers` (`user_id`,`skill_id`) VALUES (394,5);
INSERT INTO `skills_volunteers` (`user_id`,`skill_id`) VALUES (394,6);
INSERT INTO `volunteer_preference_volunteers` (`user_id`,`preference_id`) VALUES (394,1);
INSERT INTO `users` (`user_id`,`username`,`password_hash`,`email`,`role`,`active`) VALUES (395,'vol_gampaha_2','$2y$10$iiFpvIL1hfaNBYMBhqKCYuge5zWIk4DisB4TvHrBlzmuo5fjfaKY6','vol.112@resqnet.local','volunteer',1);
INSERT INTO `volunteers` (`user_id`,`name`,`age`,`gender`,`contact_number`,`house_no`,`street`,`city`,`district`,`gn_division`) VALUES (395,'Pradeep Wijesinghe',42,'male','0765346041','3','Market Rd','Gampaha','Gampaha District','Gampaha');
INSERT INTO `skills_volunteers` (`user_id`,`skill_id`) VALUES (395,2);
INSERT INTO `volunteer_preference_volunteers` (`user_id`,`preference_id`) VALUES (395,7);
INSERT INTO `users` (`user_id`,`username`,`password_hash`,`email`,`role`,`active`) VALUES (396,'vol_gampaha_3','$2y$10$iiFpvIL1hfaNBYMBhqKCYuge5zWIk4DisB4TvHrBlzmuo5fjfaKY6','vol.113@resqnet.local','volunteer',1);
INSERT INTO `volunteers` (`user_id`,`name`,`age`,`gender`,`contact_number`,`house_no`,`street`,`city`,`district`,`gn_division`) VALUES (396,'Tharushi Samarasinghe',50,'female','0717928332','46','Temple Rd','Gampaha','Gampaha District','Gampaha');
INSERT INTO `skills_volunteers` (`user_id`,`skill_id`) VALUES (396,5);
INSERT INTO `skills_volunteers` (`user_id`,`skill_id`) VALUES (396,6);
INSERT INTO `volunteer_preference_volunteers` (`user_id`,`preference_id`) VALUES (396,7);
INSERT INTO `users` (`user_id`,`username`,`password_hash`,`email`,`role`,`active`) VALUES (397,'vol_gampaha_4','$2y$10$iiFpvIL1hfaNBYMBhqKCYuge5zWIk4DisB4TvHrBlzmuo5fjfaKY6','vol.114@resqnet.local','volunteer',1);
INSERT INTO `volunteers` (`user_id`,`name`,`age`,`gender`,`contact_number`,`house_no`,`street`,`city`,`district`,`gn_division`) VALUES (397,'Lahiru Senanayake',20,'other','0797183884','98','Lake Rd','Gampaha','Gampaha District','Gampaha');
INSERT INTO `skills_volunteers` (`user_id`,`skill_id`) VALUES (397,2);
INSERT INTO `skills_volunteers` (`user_id`,`skill_id`) VALUES (397,3);
INSERT INTO `skills_volunteers` (`user_id`,`skill_id`) VALUES (397,5);
INSERT INTO `volunteer_preference_volunteers` (`user_id`,`preference_id`) VALUES (397,1);
INSERT INTO `volunteer_preference_volunteers` (`user_id`,`preference_id`) VALUES (397,8);
INSERT INTO `users` (`user_id`,`username`,`password_hash`,`email`,`role`,`active`) VALUES (398,'vol_gampaha_5','$2y$10$iiFpvIL1hfaNBYMBhqKCYuge5zWIk4DisB4TvHrBlzmuo5fjfaKY6','vol.115@resqnet.local','volunteer',0);
INSERT INTO `volunteers` (`user_id`,`name`,`age`,`gender`,`contact_number`,`house_no`,`street`,`city`,`district`,`gn_division`) VALUES (398,'Pradeep Pathirana',37,'male','0786676284','27','Station Rd','Gampaha','Gampaha District','Gampaha');
INSERT INTO `skills_volunteers` (`user_id`,`skill_id`) VALUES (398,5);
INSERT INTO `skills_volunteers` (`user_id`,`skill_id`) VALUES (398,6);
INSERT INTO `volunteer_preference_volunteers` (`user_id`,`preference_id`) VALUES (398,5);
INSERT INTO `volunteer_preference_volunteers` (`user_id`,`preference_id`) VALUES (398,8);
INSERT INTO `users` (`user_id`,`username`,`password_hash`,`email`,`role`,`active`) VALUES (399,'vol_attanagalla_1','$2y$10$iiFpvIL1hfaNBYMBhqKCYuge5zWIk4DisB4TvHrBlzmuo5fjfaKY6','vol.116@resqnet.local','volunteer',1);
INSERT INTO `volunteers` (`user_id`,`name`,`age`,`gender`,`contact_number`,`house_no`,`street`,`city`,`district`,`gn_division`) VALUES (399,'Chamari Silva',52,'female','0744538300','132','Market Rd','Attanagalla','Gampaha District','Attanagalla');
INSERT INTO `skills_volunteers` (`user_id`,`skill_id`) VALUES (399,1);
INSERT INTO `skills_volunteers` (`user_id`,`skill_id`) VALUES (399,5);
INSERT INTO `skills_volunteers` (`user_id`,`skill_id`) VALUES (399,6);
INSERT INTO `volunteer_preference_volunteers` (`user_id`,`preference_id`) VALUES (399,3);
INSERT INTO `volunteer_preference_volunteers` (`user_id`,`preference_id`) VALUES (399,4);
INSERT INTO `users` (`user_id`,`username`,`password_hash`,`email`,`role`,`active`) VALUES (400,'vol_attanagalla_2','$2y$10$iiFpvIL1hfaNBYMBhqKCYuge5zWIk4DisB4TvHrBlzmuo5fjfaKY6','vol.117@resqnet.local','volunteer',1);
INSERT INTO `volunteers` (`user_id`,`name`,`age`,`gender`,`contact_number`,`house_no`,`street`,`city`,`district`,`gn_division`) VALUES (400,'Malith Mendis',28,'other','0764120681','42','Church Rd','Attanagalla','Gampaha District','Attanagalla');
INSERT INTO `skills_volunteers` (`user_id`,`skill_id`) VALUES (400,3);
INSERT INTO `skills_volunteers` (`user_id`,`skill_id`) VALUES (400,5);
INSERT INTO `volunteer_preference_volunteers` (`user_id`,`preference_id`) VALUES (400,2);
INSERT INTO `volunteer_preference_volunteers` (`user_id`,`preference_id`) VALUES (400,3);
INSERT INTO `users` (`user_id`,`username`,`password_hash`,`email`,`role`,`active`) VALUES (401,'vol_attanagalla_3','$2y$10$iiFpvIL1hfaNBYMBhqKCYuge5zWIk4DisB4TvHrBlzmuo5fjfaKY6','vol.118@resqnet.local','volunteer',1);
INSERT INTO `volunteers` (`user_id`,`name`,`age`,`gender`,`contact_number`,`house_no`,`street`,`city`,`district`,`gn_division`) VALUES (401,'Ranjith Pathirana',54,'male','0718731405','78','Garden Ln','Attanagalla','Gampaha District','Attanagalla');
INSERT INTO `skills_volunteers` (`user_id`,`skill_id`) VALUES (401,1);
INSERT INTO `skills_volunteers` (`user_id`,`skill_id`) VALUES (401,2);
INSERT INTO `skills_volunteers` (`user_id`,`skill_id`) VALUES (401,5);
INSERT INTO `volunteer_preference_volunteers` (`user_id`,`preference_id`) VALUES (401,4);
INSERT INTO `volunteer_preference_volunteers` (`user_id`,`preference_id`) VALUES (401,8);
INSERT INTO `users` (`user_id`,`username`,`password_hash`,`email`,`role`,`active`) VALUES (402,'vol_attanagalla_4','$2y$10$iiFpvIL1hfaNBYMBhqKCYuge5zWIk4DisB4TvHrBlzmuo5fjfaKY6','vol.119@resqnet.local','volunteer',1);
INSERT INTO `volunteers` (`user_id`,`name`,`age`,`gender`,`contact_number`,`house_no`,`street`,`city`,`district`,`gn_division`) VALUES (402,'Iresha Wijesinghe',44,'female','0777017035','26','Station Rd','Attanagalla','Gampaha District','Attanagalla');
INSERT INTO `skills_volunteers` (`user_id`,`skill_id`) VALUES (402,1);
INSERT INTO `skills_volunteers` (`user_id`,`skill_id`) VALUES (402,2);
INSERT INTO `skills_volunteers` (`user_id`,`skill_id`) VALUES (402,4);
INSERT INTO `volunteer_preference_volunteers` (`user_id`,`preference_id`) VALUES (402,8);
INSERT INTO `users` (`user_id`,`username`,`password_hash`,`email`,`role`,`active`) VALUES (403,'vol_attanagalla_5','$2y$10$iiFpvIL1hfaNBYMBhqKCYuge5zWIk4DisB4TvHrBlzmuo5fjfaKY6','vol.120@resqnet.local','volunteer',0);
INSERT INTO `volunteers` (`user_id`,`name`,`age`,`gender`,`contact_number`,`house_no`,`street`,`city`,`district`,`gn_division`) VALUES (403,'Kamal Ekanayake',36,'other','0726336875','188','Station Rd','Attanagalla','Gampaha District','Attanagalla');
INSERT INTO `skills_volunteers` (`user_id`,`skill_id`) VALUES (403,2);
INSERT INTO `skills_volunteers` (`user_id`,`skill_id`) VALUES (403,5);
INSERT INTO `volunteer_preference_volunteers` (`user_id`,`preference_id`) VALUES (403,4);
INSERT INTO `users` (`user_id`,`username`,`password_hash`,`email`,`role`,`active`) VALUES (404,'vol_dompe_1','$2y$10$iiFpvIL1hfaNBYMBhqKCYuge5zWIk4DisB4TvHrBlzmuo5fjfaKY6','vol.121@resqnet.local','volunteer',1);
INSERT INTO `volunteers` (`user_id`,`name`,`age`,`gender`,`contact_number`,`house_no`,`street`,`city`,`district`,`gn_division`) VALUES (404,'Kasun Jayawardena',25,'male','0751257718','18','Market Rd','Dompe','Gampaha District','Dompe');
INSERT INTO `skills_volunteers` (`user_id`,`skill_id`) VALUES (404,3);
INSERT INTO `skills_volunteers` (`user_id`,`skill_id`) VALUES (404,4);
INSERT INTO `skills_volunteers` (`user_id`,`skill_id`) VALUES (404,5);
INSERT INTO `volunteer_preference_volunteers` (`user_id`,`preference_id`) VALUES (404,1);
INSERT INTO `volunteer_preference_volunteers` (`user_id`,`preference_id`) VALUES (404,8);
INSERT INTO `users` (`user_id`,`username`,`password_hash`,`email`,`role`,`active`) VALUES (405,'vol_dompe_2','$2y$10$iiFpvIL1hfaNBYMBhqKCYuge5zWIk4DisB4TvHrBlzmuo5fjfaKY6','vol.122@resqnet.local','volunteer',1);
INSERT INTO `volunteers` (`user_id`,`name`,`age`,`gender`,`contact_number`,`house_no`,`street`,`city`,`district`,`gn_division`) VALUES (405,'Sachini Weerasinghe',53,'female','0734241472','128','Main St','Dompe','Gampaha District','Dompe');
INSERT INTO `skills_volunteers` (`user_id`,`skill_id`) VALUES (405,1);
INSERT INTO `volunteer_preference_volunteers` (`user_id`,`preference_id`) VALUES (405,5);
INSERT INTO `volunteer_preference_volunteers` (`user_id`,`preference_id`) VALUES (405,6);
INSERT INTO `users` (`user_id`,`username`,`password_hash`,`email`,`role`,`active`) VALUES (406,'vol_dompe_3','$2y$10$iiFpvIL1hfaNBYMBhqKCYuge5zWIk4DisB4TvHrBlzmuo5fjfaKY6','vol.123@resqnet.local','volunteer',1);
INSERT INTO `volunteers` (`user_id`,`name`,`age`,`gender`,`contact_number`,`house_no`,`street`,`city`,`district`,`gn_division`) VALUES (406,'Ishan Rathnayake',22,'other','0769003995','93','Garden Ln','Dompe','Gampaha District','Dompe');
INSERT INTO `skills_volunteers` (`user_id`,`skill_id`) VALUES (406,5);
INSERT INTO `volunteer_preference_volunteers` (`user_id`,`preference_id`) VALUES (406,5);
INSERT INTO `users` (`user_id`,`username`,`password_hash`,`email`,`role`,`active`) VALUES (407,'vol_dompe_4','$2y$10$iiFpvIL1hfaNBYMBhqKCYuge5zWIk4DisB4TvHrBlzmuo5fjfaKY6','vol.124@resqnet.local','volunteer',1);
INSERT INTO `volunteers` (`user_id`,`name`,`age`,`gender`,`contact_number`,`house_no`,`street`,`city`,`district`,`gn_division`) VALUES (407,'Malith Fernando',31,'male','0795817498','143','Temple Rd','Dompe','Gampaha District','Dompe');
INSERT INTO `skills_volunteers` (`user_id`,`skill_id`) VALUES (407,2);
INSERT INTO `skills_volunteers` (`user_id`,`skill_id`) VALUES (407,3);
INSERT INTO `skills_volunteers` (`user_id`,`skill_id`) VALUES (407,4);
INSERT INTO `volunteer_preference_volunteers` (`user_id`,`preference_id`) VALUES (407,6);
INSERT INTO `users` (`user_id`,`username`,`password_hash`,`email`,`role`,`active`) VALUES (408,'vol_dompe_5','$2y$10$iiFpvIL1hfaNBYMBhqKCYuge5zWIk4DisB4TvHrBlzmuo5fjfaKY6','vol.125@resqnet.local','volunteer',0);
INSERT INTO `volunteers` (`user_id`,`name`,`age`,`gender`,`contact_number`,`house_no`,`street`,`city`,`district`,`gn_division`) VALUES (408,'Malini Karunaratne',27,'female','0792935469','64','Hill St','Dompe','Gampaha District','Dompe');
INSERT INTO `skills_volunteers` (`user_id`,`skill_id`) VALUES (408,6);
INSERT INTO `volunteer_preference_volunteers` (`user_id`,`preference_id`) VALUES (408,1);
INSERT INTO `volunteer_preference_volunteers` (`user_id`,`preference_id`) VALUES (408,5);
INSERT INTO `volunteer_preference_volunteers` (`user_id`,`preference_id`) VALUES (408,6);
INSERT INTO `users` (`user_id`,`username`,`password_hash`,`email`,`role`,`active`) VALUES (409,'vol_mahara_1','$2y$10$iiFpvIL1hfaNBYMBhqKCYuge5zWIk4DisB4TvHrBlzmuo5fjfaKY6','vol.126@resqnet.local','volunteer',1);
INSERT INTO `volunteers` (`user_id`,`name`,`age`,`gender`,`contact_number`,`house_no`,`street`,`city`,`district`,`gn_division`) VALUES (409,'Ashan Bandara',41,'other','0723947952','114','Hill St','Mahara','Gampaha District','Mahara');
INSERT INTO `skills_volunteers` (`user_id`,`skill_id`) VALUES (409,6);
INSERT INTO `volunteer_preference_volunteers` (`user_id`,`preference_id`) VALUES (409,6);
INSERT INTO `users` (`user_id`,`username`,`password_hash`,`email`,`role`,`active`) VALUES (410,'vol_mahara_2','$2y$10$iiFpvIL1hfaNBYMBhqKCYuge5zWIk4DisB4TvHrBlzmuo5fjfaKY6','vol.127@resqnet.local','volunteer',1);
INSERT INTO `volunteers` (`user_id`,`name`,`age`,`gender`,`contact_number`,`house_no`,`street`,`city`,`district`,`gn_division`) VALUES (410,'Pradeep Samarasinghe',38,'male','0757676299','86','Main St','Mahara','Gampaha District','Mahara');
INSERT INTO `skills_volunteers` (`user_id`,`skill_id`) VALUES (410,1);
INSERT INTO `skills_volunteers` (`user_id`,`skill_id`) VALUES (410,3);
INSERT INTO `volunteer_preference_volunteers` (`user_id`,`preference_id`) VALUES (410,1);
INSERT INTO `volunteer_preference_volunteers` (`user_id`,`preference_id`) VALUES (410,6);
INSERT INTO `volunteer_preference_volunteers` (`user_id`,`preference_id`) VALUES (410,7);
INSERT INTO `users` (`user_id`,`username`,`password_hash`,`email`,`role`,`active`) VALUES (411,'vol_mahara_3','$2y$10$iiFpvIL1hfaNBYMBhqKCYuge5zWIk4DisB4TvHrBlzmuo5fjfaKY6','vol.128@resqnet.local','volunteer',1);
INSERT INTO `volunteers` (`user_id`,`name`,`age`,`gender`,`contact_number`,`house_no`,`street`,`city`,`district`,`gn_division`) VALUES (411,'Nimali Weerasinghe',34,'female','0710758017','182','Garden Ln','Mahara','Gampaha District','Mahara');
INSERT INTO `skills_volunteers` (`user_id`,`skill_id`) VALUES (411,1);
INSERT INTO `skills_volunteers` (`user_id`,`skill_id`) VALUES (411,3);
INSERT INTO `skills_volunteers` (`user_id`,`skill_id`) VALUES (411,6);
INSERT INTO `volunteer_preference_volunteers` (`user_id`,`preference_id`) VALUES (411,1);
INSERT INTO `volunteer_preference_volunteers` (`user_id`,`preference_id`) VALUES (411,3);
INSERT INTO `volunteer_preference_volunteers` (`user_id`,`preference_id`) VALUES (411,4);
INSERT INTO `users` (`user_id`,`username`,`password_hash`,`email`,`role`,`active`) VALUES (412,'vol_mahara_4','$2y$10$iiFpvIL1hfaNBYMBhqKCYuge5zWIk4DisB4TvHrBlzmuo5fjfaKY6','vol.129@resqnet.local','volunteer',1);
INSERT INTO `volunteers` (`user_id`,`name`,`age`,`gender`,`contact_number`,`house_no`,`street`,`city`,`district`,`gn_division`) VALUES (412,'Kasun Bandara',43,'other','0714690821','80','Market Rd','Mahara','Gampaha District','Mahara');
INSERT INTO `skills_volunteers` (`user_id`,`skill_id`) VALUES (412,2);
INSERT INTO `skills_volunteers` (`user_id`,`skill_id`) VALUES (412,3);
INSERT INTO `skills_volunteers` (`user_id`,`skill_id`) VALUES (412,5);
INSERT INTO `volunteer_preference_volunteers` (`user_id`,`preference_id`) VALUES (412,3);
INSERT INTO `volunteer_preference_volunteers` (`user_id`,`preference_id`) VALUES (412,8);
INSERT INTO `users` (`user_id`,`username`,`password_hash`,`email`,`role`,`active`) VALUES (413,'vol_mahara_5','$2y$10$iiFpvIL1hfaNBYMBhqKCYuge5zWIk4DisB4TvHrBlzmuo5fjfaKY6','vol.130@resqnet.local','volunteer',0);
INSERT INTO `volunteers` (`user_id`,`name`,`age`,`gender`,`contact_number`,`house_no`,`street`,`city`,`district`,`gn_division`) VALUES (413,'Sampath Pathirana',30,'male','0721565549','88','Temple Rd','Mahara','Gampaha District','Mahara');
INSERT INTO `skills_volunteers` (`user_id`,`skill_id`) VALUES (413,2);
INSERT INTO `volunteer_preference_volunteers` (`user_id`,`preference_id`) VALUES (413,1);
INSERT INTO `volunteer_preference_volunteers` (`user_id`,`preference_id`) VALUES (413,2);
INSERT INTO `users` (`user_id`,`username`,`password_hash`,`email`,`role`,`active`) VALUES (414,'vol_kelaniya_1','$2y$10$iiFpvIL1hfaNBYMBhqKCYuge5zWIk4DisB4TvHrBlzmuo5fjfaKY6','vol.131@resqnet.local','volunteer',1);
INSERT INTO `volunteers` (`user_id`,`name`,`age`,`gender`,`contact_number`,`house_no`,`street`,`city`,`district`,`gn_division`) VALUES (414,'Hiruni Pathirana',55,'female','0714826375','35','Temple Rd','Kelaniya','Gampaha District','Kelaniya');
INSERT INTO `skills_volunteers` (`user_id`,`skill_id`) VALUES (414,1);
INSERT INTO `skills_volunteers` (`user_id`,`skill_id`) VALUES (414,4);
INSERT INTO `skills_volunteers` (`user_id`,`skill_id`) VALUES (414,6);
INSERT INTO `volunteer_preference_volunteers` (`user_id`,`preference_id`) VALUES (414,1);
INSERT INTO `volunteer_preference_volunteers` (`user_id`,`preference_id`) VALUES (414,3);
INSERT INTO `users` (`user_id`,`username`,`password_hash`,`email`,`role`,`active`) VALUES (415,'vol_kelaniya_2','$2y$10$iiFpvIL1hfaNBYMBhqKCYuge5zWIk4DisB4TvHrBlzmuo5fjfaKY6','vol.132@resqnet.local','volunteer',1);
INSERT INTO `volunteers` (`user_id`,`name`,`age`,`gender`,`contact_number`,`house_no`,`street`,`city`,`district`,`gn_division`) VALUES (415,'Kamal Fernando',47,'other','0767110125','55','School Ln','Kelaniya','Gampaha District','Kelaniya');
INSERT INTO `skills_volunteers` (`user_id`,`skill_id`) VALUES (415,2);
INSERT INTO `volunteer_preference_volunteers` (`user_id`,`preference_id`) VALUES (415,1);
INSERT INTO `volunteer_preference_volunteers` (`user_id`,`preference_id`) VALUES (415,5);
INSERT INTO `users` (`user_id`,`username`,`password_hash`,`email`,`role`,`active`) VALUES (416,'vol_kelaniya_3','$2y$10$iiFpvIL1hfaNBYMBhqKCYuge5zWIk4DisB4TvHrBlzmuo5fjfaKY6','vol.133@resqnet.local','volunteer',1);
INSERT INTO `volunteers` (`user_id`,`name`,`age`,`gender`,`contact_number`,`house_no`,`street`,`city`,`district`,`gn_division`) VALUES (416,'Malith Wijesinghe',29,'male','0768541986','94','Temple Rd','Kelaniya','Gampaha District','Kelaniya');
INSERT INTO `skills_volunteers` (`user_id`,`skill_id`) VALUES (416,3);
INSERT INTO `skills_volunteers` (`user_id`,`skill_id`) VALUES (416,4);
INSERT INTO `skills_volunteers` (`user_id`,`skill_id`) VALUES (416,6);
INSERT INTO `volunteer_preference_volunteers` (`user_id`,`preference_id`) VALUES (416,6);
INSERT INTO `users` (`user_id`,`username`,`password_hash`,`email`,`role`,`active`) VALUES (417,'vol_kelaniya_4','$2y$10$iiFpvIL1hfaNBYMBhqKCYuge5zWIk4DisB4TvHrBlzmuo5fjfaKY6','vol.134@resqnet.local','volunteer',1);
INSERT INTO `volunteers` (`user_id`,`name`,`age`,`gender`,`contact_number`,`house_no`,`street`,`city`,`district`,`gn_division`) VALUES (417,'Nimali Pathirana',54,'female','0769425735','130','Main St','Kelaniya','Gampaha District','Kelaniya');
INSERT INTO `skills_volunteers` (`user_id`,`skill_id`) VALUES (417,5);
INSERT INTO `volunteer_preference_volunteers` (`user_id`,`preference_id`) VALUES (417,3);
INSERT INTO `volunteer_preference_volunteers` (`user_id`,`preference_id`) VALUES (417,6);
INSERT INTO `volunteer_preference_volunteers` (`user_id`,`preference_id`) VALUES (417,8);
INSERT INTO `users` (`user_id`,`username`,`password_hash`,`email`,`role`,`active`) VALUES (418,'vol_kelaniya_5','$2y$10$iiFpvIL1hfaNBYMBhqKCYuge5zWIk4DisB4TvHrBlzmuo5fjfaKY6','vol.135@resqnet.local','volunteer',0);
INSERT INTO `volunteers` (`user_id`,`name`,`age`,`gender`,`contact_number`,`house_no`,`street`,`city`,`district`,`gn_division`) VALUES (418,'Ranjith Samarasinghe',30,'other','0787039672','163','River Rd','Kelaniya','Gampaha District','Kelaniya');
INSERT INTO `skills_volunteers` (`user_id`,`skill_id`) VALUES (418,1);
INSERT INTO `skills_volunteers` (`user_id`,`skill_id`) VALUES (418,3);
INSERT INTO `skills_volunteers` (`user_id`,`skill_id`) VALUES (418,4);
INSERT INTO `volunteer_preference_volunteers` (`user_id`,`preference_id`) VALUES (418,2);
INSERT INTO `users` (`user_id`,`username`,`password_hash`,`email`,`role`,`active`) VALUES (419,'vol_biyagama_1','$2y$10$iiFpvIL1hfaNBYMBhqKCYuge5zWIk4DisB4TvHrBlzmuo5fjfaKY6','vol.136@resqnet.local','volunteer',1);
INSERT INTO `volunteers` (`user_id`,`name`,`age`,`gender`,`contact_number`,`house_no`,`street`,`city`,`district`,`gn_division`) VALUES (419,'Sahan Silva',53,'male','0762836167','44','School Ln','Biyagama','Gampaha District','Biyagama');
INSERT INTO `skills_volunteers` (`user_id`,`skill_id`) VALUES (419,3);
INSERT INTO `skills_volunteers` (`user_id`,`skill_id`) VALUES (419,5);
INSERT INTO `volunteer_preference_volunteers` (`user_id`,`preference_id`) VALUES (419,6);
INSERT INTO `volunteer_preference_volunteers` (`user_id`,`preference_id`) VALUES (419,7);
INSERT INTO `volunteer_preference_volunteers` (`user_id`,`preference_id`) VALUES (419,8);
INSERT INTO `users` (`user_id`,`username`,`password_hash`,`email`,`role`,`active`) VALUES (420,'vol_biyagama_2','$2y$10$iiFpvIL1hfaNBYMBhqKCYuge5zWIk4DisB4TvHrBlzmuo5fjfaKY6','vol.137@resqnet.local','volunteer',1);
INSERT INTO `volunteers` (`user_id`,`name`,`age`,`gender`,`contact_number`,`house_no`,`street`,`city`,`district`,`gn_division`) VALUES (420,'Chamari Rathnayake',24,'female','0798323353','180','Main St','Biyagama','Gampaha District','Biyagama');
INSERT INTO `skills_volunteers` (`user_id`,`skill_id`) VALUES (420,2);
INSERT INTO `volunteer_preference_volunteers` (`user_id`,`preference_id`) VALUES (420,1);
INSERT INTO `volunteer_preference_volunteers` (`user_id`,`preference_id`) VALUES (420,8);
INSERT INTO `users` (`user_id`,`username`,`password_hash`,`email`,`role`,`active`) VALUES (421,'vol_biyagama_3','$2y$10$iiFpvIL1hfaNBYMBhqKCYuge5zWIk4DisB4TvHrBlzmuo5fjfaKY6','vol.138@resqnet.local','volunteer',1);
INSERT INTO `volunteers` (`user_id`,`name`,`age`,`gender`,`contact_number`,`house_no`,`street`,`city`,`district`,`gn_division`) VALUES (421,'Lahiru Silva',19,'other','0744626253','160','Church Rd','Biyagama','Gampaha District','Biyagama');
INSERT INTO `skills_volunteers` (`user_id`,`skill_id`) VALUES (421,2);
INSERT INTO `volunteer_preference_volunteers` (`user_id`,`preference_id`) VALUES (421,5);
INSERT INTO `users` (`user_id`,`username`,`password_hash`,`email`,`role`,`active`) VALUES (422,'vol_biyagama_4','$2y$10$iiFpvIL1hfaNBYMBhqKCYuge5zWIk4DisB4TvHrBlzmuo5fjfaKY6','vol.139@resqnet.local','volunteer',1);
INSERT INTO `volunteers` (`user_id`,`name`,`age`,`gender`,`contact_number`,`house_no`,`street`,`city`,`district`,`gn_division`) VALUES (422,'Malith Bandara',26,'male','0738793600','120','Lake Rd','Biyagama','Gampaha District','Biyagama');
INSERT INTO `skills_volunteers` (`user_id`,`skill_id`) VALUES (422,5);
INSERT INTO `volunteer_preference_volunteers` (`user_id`,`preference_id`) VALUES (422,1);
INSERT INTO `volunteer_preference_volunteers` (`user_id`,`preference_id`) VALUES (422,4);
INSERT INTO `volunteer_preference_volunteers` (`user_id`,`preference_id`) VALUES (422,5);
INSERT INTO `users` (`user_id`,`username`,`password_hash`,`email`,`role`,`active`) VALUES (423,'vol_biyagama_5','$2y$10$iiFpvIL1hfaNBYMBhqKCYuge5zWIk4DisB4TvHrBlzmuo5fjfaKY6','vol.140@resqnet.local','volunteer',0);
INSERT INTO `volunteers` (`user_id`,`name`,`age`,`gender`,`contact_number`,`house_no`,`street`,`city`,`district`,`gn_division`) VALUES (423,'Hiruni Herath',25,'female','0732159669','64','Market Rd','Biyagama','Gampaha District','Biyagama');
INSERT INTO `skills_volunteers` (`user_id`,`skill_id`) VALUES (423,2);
INSERT INTO `skills_volunteers` (`user_id`,`skill_id`) VALUES (423,4);
INSERT INTO `volunteer_preference_volunteers` (`user_id`,`preference_id`) VALUES (423,2);
INSERT INTO `users` (`user_id`,`username`,`password_hash`,`email`,`role`,`active`) VALUES (424,'vol_avissawella_1','$2y$10$iiFpvIL1hfaNBYMBhqKCYuge5zWIk4DisB4TvHrBlzmuo5fjfaKY6','vol.141@resqnet.local','volunteer',1);
INSERT INTO `volunteers` (`user_id`,`name`,`age`,`gender`,`contact_number`,`house_no`,`street`,`city`,`district`,`gn_division`) VALUES (424,'Kamal Wickramasinghe',31,'other','0720672118','33','School Ln','Avissawella','Kalutara District','Avissawella');
INSERT INTO `skills_volunteers` (`user_id`,`skill_id`) VALUES (424,1);
INSERT INTO `skills_volunteers` (`user_id`,`skill_id`) VALUES (424,3);
INSERT INTO `skills_volunteers` (`user_id`,`skill_id`) VALUES (424,4);
INSERT INTO `volunteer_preference_volunteers` (`user_id`,`preference_id`) VALUES (424,1);
INSERT INTO `volunteer_preference_volunteers` (`user_id`,`preference_id`) VALUES (424,6);
INSERT INTO `users` (`user_id`,`username`,`password_hash`,`email`,`role`,`active`) VALUES (425,'vol_avissawella_2','$2y$10$iiFpvIL1hfaNBYMBhqKCYuge5zWIk4DisB4TvHrBlzmuo5fjfaKY6','vol.142@resqnet.local','volunteer',1);
INSERT INTO `volunteers` (`user_id`,`name`,`age`,`gender`,`contact_number`,`house_no`,`street`,`city`,`district`,`gn_division`) VALUES (425,'Malith Wickramasinghe',43,'male','0778977368','100','Lake Rd','Avissawella','Kalutara District','Avissawella');
INSERT INTO `skills_volunteers` (`user_id`,`skill_id`) VALUES (425,4);
INSERT INTO `skills_volunteers` (`user_id`,`skill_id`) VALUES (425,5);
INSERT INTO `volunteer_preference_volunteers` (`user_id`,`preference_id`) VALUES (425,1);
INSERT INTO `volunteer_preference_volunteers` (`user_id`,`preference_id`) VALUES (425,8);
INSERT INTO `users` (`user_id`,`username`,`password_hash`,`email`,`role`,`active`) VALUES (426,'vol_avissawella_3','$2y$10$iiFpvIL1hfaNBYMBhqKCYuge5zWIk4DisB4TvHrBlzmuo5fjfaKY6','vol.143@resqnet.local','volunteer',1);
INSERT INTO `volunteers` (`user_id`,`name`,`age`,`gender`,`contact_number`,`house_no`,`street`,`city`,`district`,`gn_division`) VALUES (426,'Sanduni Dissanayake',31,'female','0739407427','23','Church Rd','Avissawella','Kalutara District','Avissawella');
INSERT INTO `skills_volunteers` (`user_id`,`skill_id`) VALUES (426,1);
INSERT INTO `skills_volunteers` (`user_id`,`skill_id`) VALUES (426,3);
INSERT INTO `skills_volunteers` (`user_id`,`skill_id`) VALUES (426,6);
INSERT INTO `volunteer_preference_volunteers` (`user_id`,`preference_id`) VALUES (426,3);
INSERT INTO `users` (`user_id`,`username`,`password_hash`,`email`,`role`,`active`) VALUES (427,'vol_avissawella_4','$2y$10$iiFpvIL1hfaNBYMBhqKCYuge5zWIk4DisB4TvHrBlzmuo5fjfaKY6','vol.144@resqnet.local','volunteer',1);
INSERT INTO `volunteers` (`user_id`,`name`,`age`,`gender`,`contact_number`,`house_no`,`street`,`city`,`district`,`gn_division`) VALUES (427,'Dinesh Weerasinghe',24,'other','0792172640','166','River Rd','Avissawella','Kalutara District','Avissawella');
INSERT INTO `skills_volunteers` (`user_id`,`skill_id`) VALUES (427,3);
INSERT INTO `skills_volunteers` (`user_id`,`skill_id`) VALUES (427,4);
INSERT INTO `skills_volunteers` (`user_id`,`skill_id`) VALUES (427,6);
INSERT INTO `volunteer_preference_volunteers` (`user_id`,`preference_id`) VALUES (427,1);
INSERT INTO `volunteer_preference_volunteers` (`user_id`,`preference_id`) VALUES (427,2);
INSERT INTO `volunteer_preference_volunteers` (`user_id`,`preference_id`) VALUES (427,8);
INSERT INTO `users` (`user_id`,`username`,`password_hash`,`email`,`role`,`active`) VALUES (428,'vol_avissawella_5','$2y$10$iiFpvIL1hfaNBYMBhqKCYuge5zWIk4DisB4TvHrBlzmuo5fjfaKY6','vol.145@resqnet.local','volunteer',0);
INSERT INTO `volunteers` (`user_id`,`name`,`age`,`gender`,`contact_number`,`house_no`,`street`,`city`,`district`,`gn_division`) VALUES (428,'Dinesh Ekanayake',47,'male','0797224212','69','Lake Rd','Avissawella','Kalutara District','Avissawella');
INSERT INTO `skills_volunteers` (`user_id`,`skill_id`) VALUES (428,4);
INSERT INTO `skills_volunteers` (`user_id`,`skill_id`) VALUES (428,6);
INSERT INTO `volunteer_preference_volunteers` (`user_id`,`preference_id`) VALUES (428,1);
INSERT INTO `volunteer_preference_volunteers` (`user_id`,`preference_id`) VALUES (428,3);
INSERT INTO `users` (`user_id`,`username`,`password_hash`,`email`,`role`,`active`) VALUES (429,'vol_glencourse_1','$2y$10$iiFpvIL1hfaNBYMBhqKCYuge5zWIk4DisB4TvHrBlzmuo5fjfaKY6','vol.146@resqnet.local','volunteer',1);
INSERT INTO `volunteers` (`user_id`,`name`,`age`,`gender`,`contact_number`,`house_no`,`street`,`city`,`district`,`gn_division`) VALUES (429,'Ayesha Weerasinghe',51,'female','0748868054','84','Lake Rd','Glencourse','Kalutara District','Glencourse');
INSERT INTO `skills_volunteers` (`user_id`,`skill_id`) VALUES (429,6);
INSERT INTO `volunteer_preference_volunteers` (`user_id`,`preference_id`) VALUES (429,1);
INSERT INTO `users` (`user_id`,`username`,`password_hash`,`email`,`role`,`active`) VALUES (430,'vol_glencourse_2','$2y$10$iiFpvIL1hfaNBYMBhqKCYuge5zWIk4DisB4TvHrBlzmuo5fjfaKY6','vol.147@resqnet.local','volunteer',1);
INSERT INTO `volunteers` (`user_id`,`name`,`age`,`gender`,`contact_number`,`house_no`,`street`,`city`,`district`,`gn_division`) VALUES (430,'Amila Silva',53,'other','0779503017','51','Hill St','Glencourse','Kalutara District','Glencourse');
INSERT INTO `skills_volunteers` (`user_id`,`skill_id`) VALUES (430,4);
INSERT INTO `volunteer_preference_volunteers` (`user_id`,`preference_id`) VALUES (430,4);
INSERT INTO `users` (`user_id`,`username`,`password_hash`,`email`,`role`,`active`) VALUES (431,'vol_glencourse_3','$2y$10$iiFpvIL1hfaNBYMBhqKCYuge5zWIk4DisB4TvHrBlzmuo5fjfaKY6','vol.148@resqnet.local','volunteer',1);
INSERT INTO `volunteers` (`user_id`,`name`,`age`,`gender`,`contact_number`,`house_no`,`street`,`city`,`district`,`gn_division`) VALUES (431,'Malith Perera',50,'male','0760806726','55','Church Rd','Glencourse','Kalutara District','Glencourse');
INSERT INTO `skills_volunteers` (`user_id`,`skill_id`) VALUES (431,3);
INSERT INTO `skills_volunteers` (`user_id`,`skill_id`) VALUES (431,6);
INSERT INTO `volunteer_preference_volunteers` (`user_id`,`preference_id`) VALUES (431,6);
INSERT INTO `users` (`user_id`,`username`,`password_hash`,`email`,`role`,`active`) VALUES (432,'vol_glencourse_4','$2y$10$iiFpvIL1hfaNBYMBhqKCYuge5zWIk4DisB4TvHrBlzmuo5fjfaKY6','vol.149@resqnet.local','volunteer',1);
INSERT INTO `volunteers` (`user_id`,`name`,`age`,`gender`,`contact_number`,`house_no`,`street`,`city`,`district`,`gn_division`) VALUES (432,'Rashmi Mendis',18,'female','0731881446','82','Hill St','Glencourse','Kalutara District','Glencourse');
INSERT INTO `skills_volunteers` (`user_id`,`skill_id`) VALUES (432,5);
INSERT INTO `volunteer_preference_volunteers` (`user_id`,`preference_id`) VALUES (432,1);
INSERT INTO `volunteer_preference_volunteers` (`user_id`,`preference_id`) VALUES (432,6);
INSERT INTO `volunteer_preference_volunteers` (`user_id`,`preference_id`) VALUES (432,7);
INSERT INTO `users` (`user_id`,`username`,`password_hash`,`email`,`role`,`active`) VALUES (433,'vol_glencourse_5','$2y$10$iiFpvIL1hfaNBYMBhqKCYuge5zWIk4DisB4TvHrBlzmuo5fjfaKY6','vol.150@resqnet.local','volunteer',0);
INSERT INTO `volunteers` (`user_id`,`name`,`age`,`gender`,`contact_number`,`house_no`,`street`,`city`,`district`,`gn_division`) VALUES (433,'Kasun Gunasekara',23,'other','0793824205','47','Hill St','Glencourse','Kalutara District','Glencourse');
INSERT INTO `skills_volunteers` (`user_id`,`skill_id`) VALUES (433,2);
INSERT INTO `volunteer_preference_volunteers` (`user_id`,`preference_id`) VALUES (433,6);
INSERT INTO `users` (`user_id`,`username`,`password_hash`,`email`,`role`,`active`) VALUES (434,'vol_panadura_1','$2y$10$iiFpvIL1hfaNBYMBhqKCYuge5zWIk4DisB4TvHrBlzmuo5fjfaKY6','vol.151@resqnet.local','volunteer',1);
INSERT INTO `volunteers` (`user_id`,`name`,`age`,`gender`,`contact_number`,`house_no`,`street`,`city`,`district`,`gn_division`) VALUES (434,'Ranjith Fernando',33,'male','0776669157','177','Main St','Panadura','Kalutara District','Panadura');
INSERT INTO `skills_volunteers` (`user_id`,`skill_id`) VALUES (434,4);
INSERT INTO `volunteer_preference_volunteers` (`user_id`,`preference_id`) VALUES (434,2);
INSERT INTO `volunteer_preference_volunteers` (`user_id`,`preference_id`) VALUES (434,4);
INSERT INTO `users` (`user_id`,`username`,`password_hash`,`email`,`role`,`active`) VALUES (435,'vol_panadura_2','$2y$10$iiFpvIL1hfaNBYMBhqKCYuge5zWIk4DisB4TvHrBlzmuo5fjfaKY6','vol.152@resqnet.local','volunteer',1);
INSERT INTO `volunteers` (`user_id`,`name`,`age`,`gender`,`contact_number`,`house_no`,`street`,`city`,`district`,`gn_division`) VALUES (435,'Malini Silva',50,'female','0766880740','110','River Rd','Panadura','Kalutara District','Panadura');
INSERT INTO `skills_volunteers` (`user_id`,`skill_id`) VALUES (435,5);
INSERT INTO `volunteer_preference_volunteers` (`user_id`,`preference_id`) VALUES (435,6);
INSERT INTO `volunteer_preference_volunteers` (`user_id`,`preference_id`) VALUES (435,7);
INSERT INTO `users` (`user_id`,`username`,`password_hash`,`email`,`role`,`active`) VALUES (436,'vol_panadura_3','$2y$10$iiFpvIL1hfaNBYMBhqKCYuge5zWIk4DisB4TvHrBlzmuo5fjfaKY6','vol.153@resqnet.local','volunteer',1);
INSERT INTO `volunteers` (`user_id`,`name`,`age`,`gender`,`contact_number`,`house_no`,`street`,`city`,`district`,`gn_division`) VALUES (436,'Nuwan Wickramasinghe',32,'other','0764617256','101','Lake Rd','Panadura','Kalutara District','Panadura');
INSERT INTO `skills_volunteers` (`user_id`,`skill_id`) VALUES (436,2);
INSERT INTO `skills_volunteers` (`user_id`,`skill_id`) VALUES (436,5);
INSERT INTO `volunteer_preference_volunteers` (`user_id`,`preference_id`) VALUES (436,4);
INSERT INTO `users` (`user_id`,`username`,`password_hash`,`email`,`role`,`active`) VALUES (437,'vol_panadura_4','$2y$10$iiFpvIL1hfaNBYMBhqKCYuge5zWIk4DisB4TvHrBlzmuo5fjfaKY6','vol.154@resqnet.local','volunteer',1);
INSERT INTO `volunteers` (`user_id`,`name`,`age`,`gender`,`contact_number`,`house_no`,`street`,`city`,`district`,`gn_division`) VALUES (437,'Nimal Senanayake',45,'male','0747011553','6','Main St','Panadura','Kalutara District','Panadura');
INSERT INTO `skills_volunteers` (`user_id`,`skill_id`) VALUES (437,5);
INSERT INTO `volunteer_preference_volunteers` (`user_id`,`preference_id`) VALUES (437,3);
INSERT INTO `volunteer_preference_volunteers` (`user_id`,`preference_id`) VALUES (437,8);
INSERT INTO `users` (`user_id`,`username`,`password_hash`,`email`,`role`,`active`) VALUES (438,'vol_panadura_5','$2y$10$iiFpvIL1hfaNBYMBhqKCYuge5zWIk4DisB4TvHrBlzmuo5fjfaKY6','vol.155@resqnet.local','volunteer',0);
INSERT INTO `volunteers` (`user_id`,`name`,`age`,`gender`,`contact_number`,`house_no`,`street`,`city`,`district`,`gn_division`) VALUES (438,'Iresha Senanayake',25,'female','0718726734','9','Church Rd','Panadura','Kalutara District','Panadura');
INSERT INTO `skills_volunteers` (`user_id`,`skill_id`) VALUES (438,1);
INSERT INTO `skills_volunteers` (`user_id`,`skill_id`) VALUES (438,5);
INSERT INTO `volunteer_preference_volunteers` (`user_id`,`preference_id`) VALUES (438,6);
INSERT INTO `users` (`user_id`,`username`,`password_hash`,`email`,`role`,`active`) VALUES (439,'vol_bandaragama_1','$2y$10$iiFpvIL1hfaNBYMBhqKCYuge5zWIk4DisB4TvHrBlzmuo5fjfaKY6','vol.156@resqnet.local','volunteer',1);
INSERT INTO `volunteers` (`user_id`,`name`,`age`,`gender`,`contact_number`,`house_no`,`street`,`city`,`district`,`gn_division`) VALUES (439,'Ishan Gunasekara',40,'other','0745358332','195','Garden Ln','Bandaragama','Kalutara District','Bandaragama');
INSERT INTO `skills_volunteers` (`user_id`,`skill_id`) VALUES (439,5);
INSERT INTO `volunteer_preference_volunteers` (`user_id`,`preference_id`) VALUES (439,2);
INSERT INTO `volunteer_preference_volunteers` (`user_id`,`preference_id`) VALUES (439,4);
INSERT INTO `volunteer_preference_volunteers` (`user_id`,`preference_id`) VALUES (439,7);
INSERT INTO `users` (`user_id`,`username`,`password_hash`,`email`,`role`,`active`) VALUES (440,'vol_bandaragama_2','$2y$10$iiFpvIL1hfaNBYMBhqKCYuge5zWIk4DisB4TvHrBlzmuo5fjfaKY6','vol.157@resqnet.local','volunteer',1);
INSERT INTO `volunteers` (`user_id`,`name`,`age`,`gender`,`contact_number`,`house_no`,`street`,`city`,`district`,`gn_division`) VALUES (440,'Sunil Wickramasinghe',31,'male','0754416019','100','River Rd','Bandaragama','Kalutara District','Bandaragama');
INSERT INTO `skills_volunteers` (`user_id`,`skill_id`) VALUES (440,1);
INSERT INTO `skills_volunteers` (`user_id`,`skill_id`) VALUES (440,4);
INSERT INTO `volunteer_preference_volunteers` (`user_id`,`preference_id`) VALUES (440,1);
INSERT INTO `volunteer_preference_volunteers` (`user_id`,`preference_id`) VALUES (440,2);
INSERT INTO `volunteer_preference_volunteers` (`user_id`,`preference_id`) VALUES (440,3);
INSERT INTO `users` (`user_id`,`username`,`password_hash`,`email`,`role`,`active`) VALUES (441,'vol_bandaragama_3','$2y$10$iiFpvIL1hfaNBYMBhqKCYuge5zWIk4DisB4TvHrBlzmuo5fjfaKY6','vol.158@resqnet.local','volunteer',1);
INSERT INTO `volunteers` (`user_id`,`name`,`age`,`gender`,`contact_number`,`house_no`,`street`,`city`,`district`,`gn_division`) VALUES (441,'Dulani Senanayake',49,'female','0787685403','144','Station Rd','Bandaragama','Kalutara District','Bandaragama');
INSERT INTO `skills_volunteers` (`user_id`,`skill_id`) VALUES (441,2);
INSERT INTO `skills_volunteers` (`user_id`,`skill_id`) VALUES (441,4);
INSERT INTO `skills_volunteers` (`user_id`,`skill_id`) VALUES (441,5);
INSERT INTO `volunteer_preference_volunteers` (`user_id`,`preference_id`) VALUES (441,1);
INSERT INTO `volunteer_preference_volunteers` (`user_id`,`preference_id`) VALUES (441,6);
INSERT INTO `volunteer_preference_volunteers` (`user_id`,`preference_id`) VALUES (441,7);
INSERT INTO `users` (`user_id`,`username`,`password_hash`,`email`,`role`,`active`) VALUES (442,'vol_bandaragama_4','$2y$10$iiFpvIL1hfaNBYMBhqKCYuge5zWIk4DisB4TvHrBlzmuo5fjfaKY6','vol.159@resqnet.local','volunteer',1);
INSERT INTO `volunteers` (`user_id`,`name`,`age`,`gender`,`contact_number`,`house_no`,`street`,`city`,`district`,`gn_division`) VALUES (442,'Kamal Fernando',20,'other','0791402416','108','River Rd','Bandaragama','Kalutara District','Bandaragama');
INSERT INTO `skills_volunteers` (`user_id`,`skill_id`) VALUES (442,4);
INSERT INTO `volunteer_preference_volunteers` (`user_id`,`preference_id`) VALUES (442,2);
INSERT INTO `users` (`user_id`,`username`,`password_hash`,`email`,`role`,`active`) VALUES (443,'vol_bandaragama_5','$2y$10$iiFpvIL1hfaNBYMBhqKCYuge5zWIk4DisB4TvHrBlzmuo5fjfaKY6','vol.160@resqnet.local','volunteer',0);
INSERT INTO `volunteers` (`user_id`,`name`,`age`,`gender`,`contact_number`,`house_no`,`street`,`city`,`district`,`gn_division`) VALUES (443,'Nimal Weerasinghe',22,'male','0744877114','8','School Ln','Bandaragama','Kalutara District','Bandaragama');
INSERT INTO `skills_volunteers` (`user_id`,`skill_id`) VALUES (443,4);
INSERT INTO `volunteer_preference_volunteers` (`user_id`,`preference_id`) VALUES (443,6);
INSERT INTO `volunteer_preference_volunteers` (`user_id`,`preference_id`) VALUES (443,7);
INSERT INTO `users` (`user_id`,`username`,`password_hash`,`email`,`role`,`active`) VALUES (444,'vol_horana_1','$2y$10$iiFpvIL1hfaNBYMBhqKCYuge5zWIk4DisB4TvHrBlzmuo5fjfaKY6','vol.161@resqnet.local','volunteer',1);
INSERT INTO `volunteers` (`user_id`,`name`,`age`,`gender`,`contact_number`,`house_no`,`street`,`city`,`district`,`gn_division`) VALUES (444,'Malini Perera',27,'female','0799488455','105','Temple Rd','Horana','Kalutara District','Horana');
INSERT INTO `skills_volunteers` (`user_id`,`skill_id`) VALUES (444,1);
INSERT INTO `skills_volunteers` (`user_id`,`skill_id`) VALUES (444,5);
INSERT INTO `volunteer_preference_volunteers` (`user_id`,`preference_id`) VALUES (444,1);
INSERT INTO `volunteer_preference_volunteers` (`user_id`,`preference_id`) VALUES (444,6);
INSERT INTO `volunteer_preference_volunteers` (`user_id`,`preference_id`) VALUES (444,8);
INSERT INTO `users` (`user_id`,`username`,`password_hash`,`email`,`role`,`active`) VALUES (445,'vol_horana_2','$2y$10$iiFpvIL1hfaNBYMBhqKCYuge5zWIk4DisB4TvHrBlzmuo5fjfaKY6','vol.162@resqnet.local','volunteer',1);
INSERT INTO `volunteers` (`user_id`,`name`,`age`,`gender`,`contact_number`,`house_no`,`street`,`city`,`district`,`gn_division`) VALUES (445,'Dasun Weerasinghe',49,'other','0710835492','27','Garden Ln','Horana','Kalutara District','Horana');
INSERT INTO `skills_volunteers` (`user_id`,`skill_id`) VALUES (445,4);
INSERT INTO `volunteer_preference_volunteers` (`user_id`,`preference_id`) VALUES (445,6);
INSERT INTO `users` (`user_id`,`username`,`password_hash`,`email`,`role`,`active`) VALUES (446,'vol_horana_3','$2y$10$iiFpvIL1hfaNBYMBhqKCYuge5zWIk4DisB4TvHrBlzmuo5fjfaKY6','vol.163@resqnet.local','volunteer',1);
INSERT INTO `volunteers` (`user_id`,`name`,`age`,`gender`,`contact_number`,`house_no`,`street`,`city`,`district`,`gn_division`) VALUES (446,'Sampath Wijesinghe',42,'male','0731090583','184','Church Rd','Horana','Kalutara District','Horana');
INSERT INTO `skills_volunteers` (`user_id`,`skill_id`) VALUES (446,2);
INSERT INTO `skills_volunteers` (`user_id`,`skill_id`) VALUES (446,3);
INSERT INTO `skills_volunteers` (`user_id`,`skill_id`) VALUES (446,5);
INSERT INTO `volunteer_preference_volunteers` (`user_id`,`preference_id`) VALUES (446,1);
INSERT INTO `volunteer_preference_volunteers` (`user_id`,`preference_id`) VALUES (446,4);
INSERT INTO `volunteer_preference_volunteers` (`user_id`,`preference_id`) VALUES (446,6);
INSERT INTO `users` (`user_id`,`username`,`password_hash`,`email`,`role`,`active`) VALUES (447,'vol_horana_4','$2y$10$iiFpvIL1hfaNBYMBhqKCYuge5zWIk4DisB4TvHrBlzmuo5fjfaKY6','vol.164@resqnet.local','volunteer',1);
INSERT INTO `volunteers` (`user_id`,`name`,`age`,`gender`,`contact_number`,`house_no`,`street`,`city`,`district`,`gn_division`) VALUES (447,'Pavithra Silva',51,'female','0799069479','32','Main St','Horana','Kalutara District','Horana');
INSERT INTO `skills_volunteers` (`user_id`,`skill_id`) VALUES (447,1);
INSERT INTO `skills_volunteers` (`user_id`,`skill_id`) VALUES (447,2);
INSERT INTO `skills_volunteers` (`user_id`,`skill_id`) VALUES (447,3);
INSERT INTO `volunteer_preference_volunteers` (`user_id`,`preference_id`) VALUES (447,2);
INSERT INTO `volunteer_preference_volunteers` (`user_id`,`preference_id`) VALUES (447,4);
INSERT INTO `volunteer_preference_volunteers` (`user_id`,`preference_id`) VALUES (447,7);
INSERT INTO `users` (`user_id`,`username`,`password_hash`,`email`,`role`,`active`) VALUES (448,'vol_horana_5','$2y$10$iiFpvIL1hfaNBYMBhqKCYuge5zWIk4DisB4TvHrBlzmuo5fjfaKY6','vol.165@resqnet.local','volunteer',0);
INSERT INTO `volunteers` (`user_id`,`name`,`age`,`gender`,`contact_number`,`house_no`,`street`,`city`,`district`,`gn_division`) VALUES (448,'Malith Wijesinghe',34,'other','0726978832','179','Market Rd','Horana','Kalutara District','Horana');
INSERT INTO `skills_volunteers` (`user_id`,`skill_id`) VALUES (448,3);
INSERT INTO `skills_volunteers` (`user_id`,`skill_id`) VALUES (448,4);
INSERT INTO `skills_volunteers` (`user_id`,`skill_id`) VALUES (448,6);
INSERT INTO `volunteer_preference_volunteers` (`user_id`,`preference_id`) VALUES (448,7);
INSERT INTO `volunteer_preference_volunteers` (`user_id`,`preference_id`) VALUES (448,8);
INSERT INTO `users` (`user_id`,`username`,`password_hash`,`email`,`role`,`active`) VALUES (449,'vol_ingiriya_1','$2y$10$iiFpvIL1hfaNBYMBhqKCYuge5zWIk4DisB4TvHrBlzmuo5fjfaKY6','vol.166@resqnet.local','volunteer',1);
INSERT INTO `volunteers` (`user_id`,`name`,`age`,`gender`,`contact_number`,`house_no`,`street`,`city`,`district`,`gn_division`) VALUES (449,'Sampath Bandara',24,'male','0760175993','35','Hill St','Ingiriya','Kalutara District','Ingiriya');
INSERT INTO `skills_volunteers` (`user_id`,`skill_id`) VALUES (449,3);
INSERT INTO `volunteer_preference_volunteers` (`user_id`,`preference_id`) VALUES (449,1);
INSERT INTO `volunteer_preference_volunteers` (`user_id`,`preference_id`) VALUES (449,2);
INSERT INTO `users` (`user_id`,`username`,`password_hash`,`email`,`role`,`active`) VALUES (450,'vol_ingiriya_2','$2y$10$iiFpvIL1hfaNBYMBhqKCYuge5zWIk4DisB4TvHrBlzmuo5fjfaKY6','vol.167@resqnet.local','volunteer',1);
INSERT INTO `volunteers` (`user_id`,`name`,`age`,`gender`,`contact_number`,`house_no`,`street`,`city`,`district`,`gn_division`) VALUES (450,'Kumari Senanayake',44,'female','0730492667','187','Church Rd','Ingiriya','Kalutara District','Ingiriya');
INSERT INTO `skills_volunteers` (`user_id`,`skill_id`) VALUES (450,5);
INSERT INTO `skills_volunteers` (`user_id`,`skill_id`) VALUES (450,6);
INSERT INTO `volunteer_preference_volunteers` (`user_id`,`preference_id`) VALUES (450,2);
INSERT INTO `volunteer_preference_volunteers` (`user_id`,`preference_id`) VALUES (450,4);
INSERT INTO `users` (`user_id`,`username`,`password_hash`,`email`,`role`,`active`) VALUES (451,'vol_ingiriya_3','$2y$10$iiFpvIL1hfaNBYMBhqKCYuge5zWIk4DisB4TvHrBlzmuo5fjfaKY6','vol.168@resqnet.local','volunteer',1);
INSERT INTO `volunteers` (`user_id`,`name`,`age`,`gender`,`contact_number`,`house_no`,`street`,`city`,`district`,`gn_division`) VALUES (451,'Roshan Bandara',26,'other','0724099902','170','Market Rd','Ingiriya','Kalutara District','Ingiriya');
INSERT INTO `skills_volunteers` (`user_id`,`skill_id`) VALUES (451,4);
INSERT INTO `skills_volunteers` (`user_id`,`skill_id`) VALUES (451,5);
INSERT INTO `skills_volunteers` (`user_id`,`skill_id`) VALUES (451,6);
INSERT INTO `volunteer_preference_volunteers` (`user_id`,`preference_id`) VALUES (451,6);
INSERT INTO `users` (`user_id`,`username`,`password_hash`,`email`,`role`,`active`) VALUES (452,'vol_ingiriya_4','$2y$10$iiFpvIL1hfaNBYMBhqKCYuge5zWIk4DisB4TvHrBlzmuo5fjfaKY6','vol.169@resqnet.local','volunteer',1);
INSERT INTO `volunteers` (`user_id`,`name`,`age`,`gender`,`contact_number`,`house_no`,`street`,`city`,`district`,`gn_division`) VALUES (452,'Chaminda Ekanayake',38,'male','0723255149','178','Main St','Ingiriya','Kalutara District','Ingiriya');
INSERT INTO `skills_volunteers` (`user_id`,`skill_id`) VALUES (452,1);
INSERT INTO `skills_volunteers` (`user_id`,`skill_id`) VALUES (452,2);
INSERT INTO `skills_volunteers` (`user_id`,`skill_id`) VALUES (452,5);
INSERT INTO `volunteer_preference_volunteers` (`user_id`,`preference_id`) VALUES (452,1);
INSERT INTO `volunteer_preference_volunteers` (`user_id`,`preference_id`) VALUES (452,5);
INSERT INTO `volunteer_preference_volunteers` (`user_id`,`preference_id`) VALUES (452,6);
INSERT INTO `users` (`user_id`,`username`,`password_hash`,`email`,`role`,`active`) VALUES (453,'vol_ingiriya_5','$2y$10$iiFpvIL1hfaNBYMBhqKCYuge5zWIk4DisB4TvHrBlzmuo5fjfaKY6','vol.170@resqnet.local','volunteer',0);
INSERT INTO `volunteers` (`user_id`,`name`,`age`,`gender`,`contact_number`,`house_no`,`street`,`city`,`district`,`gn_division`) VALUES (453,'Pavithra Dissanayake',23,'female','0792891914','110','Church Rd','Ingiriya','Kalutara District','Ingiriya');
INSERT INTO `skills_volunteers` (`user_id`,`skill_id`) VALUES (453,1);
INSERT INTO `skills_volunteers` (`user_id`,`skill_id`) VALUES (453,3);
INSERT INTO `skills_volunteers` (`user_id`,`skill_id`) VALUES (453,5);
INSERT INTO `volunteer_preference_volunteers` (`user_id`,`preference_id`) VALUES (453,2);
INSERT INTO `volunteer_preference_volunteers` (`user_id`,`preference_id`) VALUES (453,4);
INSERT INTO `volunteer_preference_volunteers` (`user_id`,`preference_id`) VALUES (453,6);
INSERT INTO `users` (`user_id`,`username`,`password_hash`,`email`,`role`,`active`) VALUES (454,'vol_bulathsinhala_1','$2y$10$iiFpvIL1hfaNBYMBhqKCYuge5zWIk4DisB4TvHrBlzmuo5fjfaKY6','vol.171@resqnet.local','volunteer',1);
INSERT INTO `volunteers` (`user_id`,`name`,`age`,`gender`,`contact_number`,`house_no`,`street`,`city`,`district`,`gn_division`) VALUES (454,'Tharaka Ekanayake',28,'other','0779663850','19','River Rd','Bulathsinhala','Kalutara District','Bulathsinhala');
INSERT INTO `skills_volunteers` (`user_id`,`skill_id`) VALUES (454,3);
INSERT INTO `skills_volunteers` (`user_id`,`skill_id`) VALUES (454,4);
INSERT INTO `skills_volunteers` (`user_id`,`skill_id`) VALUES (454,6);
INSERT INTO `volunteer_preference_volunteers` (`user_id`,`preference_id`) VALUES (454,1);
INSERT INTO `users` (`user_id`,`username`,`password_hash`,`email`,`role`,`active`) VALUES (455,'vol_bulathsinhala_2','$2y$10$iiFpvIL1hfaNBYMBhqKCYuge5zWIk4DisB4TvHrBlzmuo5fjfaKY6','vol.172@resqnet.local','volunteer',1);
INSERT INTO `volunteers` (`user_id`,`name`,`age`,`gender`,`contact_number`,`house_no`,`street`,`city`,`district`,`gn_division`) VALUES (455,'Malith Wijesinghe',31,'male','0771087173','155','Temple Rd','Bulathsinhala','Kalutara District','Bulathsinhala');
INSERT INTO `skills_volunteers` (`user_id`,`skill_id`) VALUES (455,4);
INSERT INTO `volunteer_preference_volunteers` (`user_id`,`preference_id`) VALUES (455,2);
INSERT INTO `volunteer_preference_volunteers` (`user_id`,`preference_id`) VALUES (455,4);
INSERT INTO `volunteer_preference_volunteers` (`user_id`,`preference_id`) VALUES (455,5);
INSERT INTO `users` (`user_id`,`username`,`password_hash`,`email`,`role`,`active`) VALUES (456,'vol_bulathsinhala_3','$2y$10$iiFpvIL1hfaNBYMBhqKCYuge5zWIk4DisB4TvHrBlzmuo5fjfaKY6','vol.173@resqnet.local','volunteer',1);
INSERT INTO `volunteers` (`user_id`,`name`,`age`,`gender`,`contact_number`,`house_no`,`street`,`city`,`district`,`gn_division`) VALUES (456,'Nadeesha Gunasekara',36,'female','0739095743','157','Garden Ln','Bulathsinhala','Kalutara District','Bulathsinhala');
INSERT INTO `skills_volunteers` (`user_id`,`skill_id`) VALUES (456,1);
INSERT INTO `skills_volunteers` (`user_id`,`skill_id`) VALUES (456,2);
INSERT INTO `volunteer_preference_volunteers` (`user_id`,`preference_id`) VALUES (456,2);
INSERT INTO `volunteer_preference_volunteers` (`user_id`,`preference_id`) VALUES (456,3);
INSERT INTO `volunteer_preference_volunteers` (`user_id`,`preference_id`) VALUES (456,7);
INSERT INTO `users` (`user_id`,`username`,`password_hash`,`email`,`role`,`active`) VALUES (457,'vol_bulathsinhala_4','$2y$10$iiFpvIL1hfaNBYMBhqKCYuge5zWIk4DisB4TvHrBlzmuo5fjfaKY6','vol.174@resqnet.local','volunteer',1);
INSERT INTO `volunteers` (`user_id`,`name`,`age`,`gender`,`contact_number`,`house_no`,`street`,`city`,`district`,`gn_division`) VALUES (457,'Pradeep Senanayake',44,'other','0752162157','16','Market Rd','Bulathsinhala','Kalutara District','Bulathsinhala');
INSERT INTO `skills_volunteers` (`user_id`,`skill_id`) VALUES (457,1);
INSERT INTO `skills_volunteers` (`user_id`,`skill_id`) VALUES (457,3);
INSERT INTO `skills_volunteers` (`user_id`,`skill_id`) VALUES (457,6);
INSERT INTO `volunteer_preference_volunteers` (`user_id`,`preference_id`) VALUES (457,5);
INSERT INTO `users` (`user_id`,`username`,`password_hash`,`email`,`role`,`active`) VALUES (458,'vol_bulathsinhala_5','$2y$10$iiFpvIL1hfaNBYMBhqKCYuge5zWIk4DisB4TvHrBlzmuo5fjfaKY6','vol.175@resqnet.local','volunteer',0);
INSERT INTO `volunteers` (`user_id`,`name`,`age`,`gender`,`contact_number`,`house_no`,`street`,`city`,`district`,`gn_division`) VALUES (458,'Sunil Wijesinghe',33,'male','0746670731','2','Station Rd','Bulathsinhala','Kalutara District','Bulathsinhala');
INSERT INTO `skills_volunteers` (`user_id`,`skill_id`) VALUES (458,1);
INSERT INTO `skills_volunteers` (`user_id`,`skill_id`) VALUES (458,5);
INSERT INTO `volunteer_preference_volunteers` (`user_id`,`preference_id`) VALUES (458,7);
INSERT INTO `users` (`user_id`,`username`,`password_hash`,`email`,`role`,`active`) VALUES (459,'vol_madurawala_1','$2y$10$iiFpvIL1hfaNBYMBhqKCYuge5zWIk4DisB4TvHrBlzmuo5fjfaKY6','vol.176@resqnet.local','volunteer',1);
INSERT INTO `volunteers` (`user_id`,`name`,`age`,`gender`,`contact_number`,`house_no`,`street`,`city`,`district`,`gn_division`) VALUES (459,'Nadeesha Karunaratne',19,'female','0737275272','24','Lake Rd','Madurawala','Kalutara District','Madurawala');
INSERT INTO `skills_volunteers` (`user_id`,`skill_id`) VALUES (459,2);
INSERT INTO `skills_volunteers` (`user_id`,`skill_id`) VALUES (459,6);
INSERT INTO `volunteer_preference_volunteers` (`user_id`,`preference_id`) VALUES (459,7);
INSERT INTO `users` (`user_id`,`username`,`password_hash`,`email`,`role`,`active`) VALUES (460,'vol_madurawala_2','$2y$10$iiFpvIL1hfaNBYMBhqKCYuge5zWIk4DisB4TvHrBlzmuo5fjfaKY6','vol.177@resqnet.local','volunteer',1);
INSERT INTO `volunteers` (`user_id`,`name`,`age`,`gender`,`contact_number`,`house_no`,`street`,`city`,`district`,`gn_division`) VALUES (460,'Kamal Wickramasinghe',53,'other','0752830773','4','Station Rd','Madurawala','Kalutara District','Madurawala');
INSERT INTO `skills_volunteers` (`user_id`,`skill_id`) VALUES (460,1);
INSERT INTO `skills_volunteers` (`user_id`,`skill_id`) VALUES (460,2);
INSERT INTO `skills_volunteers` (`user_id`,`skill_id`) VALUES (460,5);
INSERT INTO `volunteer_preference_volunteers` (`user_id`,`preference_id`) VALUES (460,2);
INSERT INTO `volunteer_preference_volunteers` (`user_id`,`preference_id`) VALUES (460,3);
INSERT INTO `volunteer_preference_volunteers` (`user_id`,`preference_id`) VALUES (460,7);
INSERT INTO `users` (`user_id`,`username`,`password_hash`,`email`,`role`,`active`) VALUES (461,'vol_madurawala_3','$2y$10$iiFpvIL1hfaNBYMBhqKCYuge5zWIk4DisB4TvHrBlzmuo5fjfaKY6','vol.178@resqnet.local','volunteer',1);
INSERT INTO `volunteers` (`user_id`,`name`,`age`,`gender`,`contact_number`,`house_no`,`street`,`city`,`district`,`gn_division`) VALUES (461,'Chaminda Perera',52,'male','0738822754','61','Station Rd','Madurawala','Kalutara District','Madurawala');
INSERT INTO `skills_volunteers` (`user_id`,`skill_id`) VALUES (461,1);
INSERT INTO `skills_volunteers` (`user_id`,`skill_id`) VALUES (461,3);
INSERT INTO `skills_volunteers` (`user_id`,`skill_id`) VALUES (461,4);
INSERT INTO `volunteer_preference_volunteers` (`user_id`,`preference_id`) VALUES (461,3);
INSERT INTO `users` (`user_id`,`username`,`password_hash`,`email`,`role`,`active`) VALUES (462,'vol_madurawala_4','$2y$10$iiFpvIL1hfaNBYMBhqKCYuge5zWIk4DisB4TvHrBlzmuo5fjfaKY6','vol.179@resqnet.local','volunteer',1);
INSERT INTO `volunteers` (`user_id`,`name`,`age`,`gender`,`contact_number`,`house_no`,`street`,`city`,`district`,`gn_division`) VALUES (462,'Kumari Weerasinghe',45,'female','0798958268','95','Temple Rd','Madurawala','Kalutara District','Madurawala');
INSERT INTO `skills_volunteers` (`user_id`,`skill_id`) VALUES (462,3);
INSERT INTO `skills_volunteers` (`user_id`,`skill_id`) VALUES (462,6);
INSERT INTO `volunteer_preference_volunteers` (`user_id`,`preference_id`) VALUES (462,3);
INSERT INTO `volunteer_preference_volunteers` (`user_id`,`preference_id`) VALUES (462,8);
INSERT INTO `users` (`user_id`,`username`,`password_hash`,`email`,`role`,`active`) VALUES (463,'vol_madurawala_5','$2y$10$iiFpvIL1hfaNBYMBhqKCYuge5zWIk4DisB4TvHrBlzmuo5fjfaKY6','vol.180@resqnet.local','volunteer',0);
INSERT INTO `volunteers` (`user_id`,`name`,`age`,`gender`,`contact_number`,`house_no`,`street`,`city`,`district`,`gn_division`) VALUES (463,'Ashan Mendis',26,'other','0769062661','72','River Rd','Madurawala','Kalutara District','Madurawala');
INSERT INTO `skills_volunteers` (`user_id`,`skill_id`) VALUES (463,2);
INSERT INTO `skills_volunteers` (`user_id`,`skill_id`) VALUES (463,5);
INSERT INTO `skills_volunteers` (`user_id`,`skill_id`) VALUES (463,6);
INSERT INTO `volunteer_preference_volunteers` (`user_id`,`preference_id`) VALUES (463,5);
INSERT INTO `volunteer_preference_volunteers` (`user_id`,`preference_id`) VALUES (463,8);
INSERT INTO `users` (`user_id`,`username`,`password_hash`,`email`,`role`,`active`) VALUES (464,'vol_millaniya_1','$2y$10$iiFpvIL1hfaNBYMBhqKCYuge5zWIk4DisB4TvHrBlzmuo5fjfaKY6','vol.181@resqnet.local','volunteer',1);
INSERT INTO `volunteers` (`user_id`,`name`,`age`,`gender`,`contact_number`,`house_no`,`street`,`city`,`district`,`gn_division`) VALUES (464,'Ashan Senanayake',43,'male','0723527900','163','River Rd','Millaniya','Kalutara District','Millaniya');
INSERT INTO `skills_volunteers` (`user_id`,`skill_id`) VALUES (464,5);
INSERT INTO `skills_volunteers` (`user_id`,`skill_id`) VALUES (464,6);
INSERT INTO `volunteer_preference_volunteers` (`user_id`,`preference_id`) VALUES (464,5);
INSERT INTO `users` (`user_id`,`username`,`password_hash`,`email`,`role`,`active`) VALUES (465,'vol_millaniya_2','$2y$10$iiFpvIL1hfaNBYMBhqKCYuge5zWIk4DisB4TvHrBlzmuo5fjfaKY6','vol.182@resqnet.local','volunteer',1);
INSERT INTO `volunteers` (`user_id`,`name`,`age`,`gender`,`contact_number`,`house_no`,`street`,`city`,`district`,`gn_division`) VALUES (465,'Gayani Fernando',23,'female','0764141284','176','River Rd','Millaniya','Kalutara District','Millaniya');
INSERT INTO `skills_volunteers` (`user_id`,`skill_id`) VALUES (465,1);
INSERT INTO `volunteer_preference_volunteers` (`user_id`,`preference_id`) VALUES (465,2);
INSERT INTO `volunteer_preference_volunteers` (`user_id`,`preference_id`) VALUES (465,3);
INSERT INTO `users` (`user_id`,`username`,`password_hash`,`email`,`role`,`active`) VALUES (466,'vol_millaniya_3','$2y$10$iiFpvIL1hfaNBYMBhqKCYuge5zWIk4DisB4TvHrBlzmuo5fjfaKY6','vol.183@resqnet.local','volunteer',1);
INSERT INTO `volunteers` (`user_id`,`name`,`age`,`gender`,`contact_number`,`house_no`,`street`,`city`,`district`,`gn_division`) VALUES (466,'Nimal Mendis',50,'other','0740024897','155','Hill St','Millaniya','Kalutara District','Millaniya');
INSERT INTO `skills_volunteers` (`user_id`,`skill_id`) VALUES (466,1);
INSERT INTO `skills_volunteers` (`user_id`,`skill_id`) VALUES (466,3);
INSERT INTO `volunteer_preference_volunteers` (`user_id`,`preference_id`) VALUES (466,1);
INSERT INTO `volunteer_preference_volunteers` (`user_id`,`preference_id`) VALUES (466,6);
INSERT INTO `volunteer_preference_volunteers` (`user_id`,`preference_id`) VALUES (466,7);
INSERT INTO `users` (`user_id`,`username`,`password_hash`,`email`,`role`,`active`) VALUES (467,'vol_millaniya_4','$2y$10$iiFpvIL1hfaNBYMBhqKCYuge5zWIk4DisB4TvHrBlzmuo5fjfaKY6','vol.184@resqnet.local','volunteer',1);
INSERT INTO `volunteers` (`user_id`,`name`,`age`,`gender`,`contact_number`,`house_no`,`street`,`city`,`district`,`gn_division`) VALUES (467,'Chaminda Liyanage',45,'male','0773264045','82','Temple Rd','Millaniya','Kalutara District','Millaniya');
INSERT INTO `skills_volunteers` (`user_id`,`skill_id`) VALUES (467,2);
INSERT INTO `skills_volunteers` (`user_id`,`skill_id`) VALUES (467,5);
INSERT INTO `volunteer_preference_volunteers` (`user_id`,`preference_id`) VALUES (467,7);
INSERT INTO `users` (`user_id`,`username`,`password_hash`,`email`,`role`,`active`) VALUES (468,'vol_millaniya_5','$2y$10$iiFpvIL1hfaNBYMBhqKCYuge5zWIk4DisB4TvHrBlzmuo5fjfaKY6','vol.185@resqnet.local','volunteer',0);
INSERT INTO `volunteers` (`user_id`,`name`,`age`,`gender`,`contact_number`,`house_no`,`street`,`city`,`district`,`gn_division`) VALUES (468,'Nethmi Dissanayake',53,'female','0789416597','7','Lake Rd','Millaniya','Kalutara District','Millaniya');
INSERT INTO `skills_volunteers` (`user_id`,`skill_id`) VALUES (468,5);
INSERT INTO `volunteer_preference_volunteers` (`user_id`,`preference_id`) VALUES (468,1);
INSERT INTO `users` (`user_id`,`username`,`password_hash`,`email`,`role`,`active`) VALUES (469,'vol_kalutara_1','$2y$10$iiFpvIL1hfaNBYMBhqKCYuge5zWIk4DisB4TvHrBlzmuo5fjfaKY6','vol.186@resqnet.local','volunteer',1);
INSERT INTO `volunteers` (`user_id`,`name`,`age`,`gender`,`contact_number`,`house_no`,`street`,`city`,`district`,`gn_division`) VALUES (469,'Sahan Mendis',43,'other','0747093383','172','Hill St','Kalutara','Kalutara District','Kalutara');
INSERT INTO `skills_volunteers` (`user_id`,`skill_id`) VALUES (469,1);
INSERT INTO `skills_volunteers` (`user_id`,`skill_id`) VALUES (469,3);
INSERT INTO `skills_volunteers` (`user_id`,`skill_id`) VALUES (469,5);
INSERT INTO `volunteer_preference_volunteers` (`user_id`,`preference_id`) VALUES (469,8);
INSERT INTO `users` (`user_id`,`username`,`password_hash`,`email`,`role`,`active`) VALUES (470,'vol_kalutara_2','$2y$10$iiFpvIL1hfaNBYMBhqKCYuge5zWIk4DisB4TvHrBlzmuo5fjfaKY6','vol.187@resqnet.local','volunteer',1);
INSERT INTO `volunteers` (`user_id`,`name`,`age`,`gender`,`contact_number`,`house_no`,`street`,`city`,`district`,`gn_division`) VALUES (470,'Chathura Herath',36,'male','0773675002','15','Market Rd','Kalutara','Kalutara District','Kalutara');
INSERT INTO `skills_volunteers` (`user_id`,`skill_id`) VALUES (470,2);
INSERT INTO `skills_volunteers` (`user_id`,`skill_id`) VALUES (470,3);
INSERT INTO `skills_volunteers` (`user_id`,`skill_id`) VALUES (470,5);
INSERT INTO `volunteer_preference_volunteers` (`user_id`,`preference_id`) VALUES (470,6);
INSERT INTO `users` (`user_id`,`username`,`password_hash`,`email`,`role`,`active`) VALUES (471,'vol_kalutara_3','$2y$10$iiFpvIL1hfaNBYMBhqKCYuge5zWIk4DisB4TvHrBlzmuo5fjfaKY6','vol.188@resqnet.local','volunteer',1);
INSERT INTO `volunteers` (`user_id`,`name`,`age`,`gender`,`contact_number`,`house_no`,`street`,`city`,`district`,`gn_division`) VALUES (471,'Sewwandi Jayawardena',30,'female','0777602952','71','Garden Ln','Kalutara','Kalutara District','Kalutara');
INSERT INTO `skills_volunteers` (`user_id`,`skill_id`) VALUES (471,1);
INSERT INTO `skills_volunteers` (`user_id`,`skill_id`) VALUES (471,5);
INSERT INTO `skills_volunteers` (`user_id`,`skill_id`) VALUES (471,6);
INSERT INTO `volunteer_preference_volunteers` (`user_id`,`preference_id`) VALUES (471,3);
INSERT INTO `users` (`user_id`,`username`,`password_hash`,`email`,`role`,`active`) VALUES (472,'vol_kalutara_4','$2y$10$iiFpvIL1hfaNBYMBhqKCYuge5zWIk4DisB4TvHrBlzmuo5fjfaKY6','vol.189@resqnet.local','volunteer',1);
INSERT INTO `volunteers` (`user_id`,`name`,`age`,`gender`,`contact_number`,`house_no`,`street`,`city`,`district`,`gn_division`) VALUES (472,'Sampath Perera',42,'other','0712712337','104','Main St','Kalutara','Kalutara District','Kalutara');
INSERT INTO `skills_volunteers` (`user_id`,`skill_id`) VALUES (472,2);
INSERT INTO `skills_volunteers` (`user_id`,`skill_id`) VALUES (472,3);
INSERT INTO `skills_volunteers` (`user_id`,`skill_id`) VALUES (472,6);
INSERT INTO `volunteer_preference_volunteers` (`user_id`,`preference_id`) VALUES (472,7);
INSERT INTO `users` (`user_id`,`username`,`password_hash`,`email`,`role`,`active`) VALUES (473,'vol_kalutara_5','$2y$10$iiFpvIL1hfaNBYMBhqKCYuge5zWIk4DisB4TvHrBlzmuo5fjfaKY6','vol.190@resqnet.local','volunteer',0);
INSERT INTO `volunteers` (`user_id`,`name`,`age`,`gender`,`contact_number`,`house_no`,`street`,`city`,`district`,`gn_division`) VALUES (473,'Nuwan Liyanage',18,'male','0795037615','128','Temple Rd','Kalutara','Kalutara District','Kalutara');
INSERT INTO `skills_volunteers` (`user_id`,`skill_id`) VALUES (473,2);
INSERT INTO `skills_volunteers` (`user_id`,`skill_id`) VALUES (473,3);
INSERT INTO `volunteer_preference_volunteers` (`user_id`,`preference_id`) VALUES (473,2);
INSERT INTO `users` (`user_id`,`username`,`password_hash`,`email`,`role`,`active`) VALUES (474,'vol_beruwala_1','$2y$10$iiFpvIL1hfaNBYMBhqKCYuge5zWIk4DisB4TvHrBlzmuo5fjfaKY6','vol.191@resqnet.local','volunteer',1);
INSERT INTO `volunteers` (`user_id`,`name`,`age`,`gender`,`contact_number`,`house_no`,`street`,`city`,`district`,`gn_division`) VALUES (474,'Ayesha Jayawardena',34,'female','0775516315','97','School Ln','Beruwala','Kalutara District','Beruwala');
INSERT INTO `skills_volunteers` (`user_id`,`skill_id`) VALUES (474,1);
INSERT INTO `volunteer_preference_volunteers` (`user_id`,`preference_id`) VALUES (474,1);
INSERT INTO `volunteer_preference_volunteers` (`user_id`,`preference_id`) VALUES (474,6);
INSERT INTO `users` (`user_id`,`username`,`password_hash`,`email`,`role`,`active`) VALUES (475,'vol_beruwala_2','$2y$10$iiFpvIL1hfaNBYMBhqKCYuge5zWIk4DisB4TvHrBlzmuo5fjfaKY6','vol.192@resqnet.local','volunteer',1);
INSERT INTO `volunteers` (`user_id`,`name`,`age`,`gender`,`contact_number`,`house_no`,`street`,`city`,`district`,`gn_division`) VALUES (475,'Chathura Cooray',53,'other','0780000885','167','Station Rd','Beruwala','Kalutara District','Beruwala');
INSERT INTO `skills_volunteers` (`user_id`,`skill_id`) VALUES (475,2);
INSERT INTO `volunteer_preference_volunteers` (`user_id`,`preference_id`) VALUES (475,2);
INSERT INTO `volunteer_preference_volunteers` (`user_id`,`preference_id`) VALUES (475,3);
INSERT INTO `users` (`user_id`,`username`,`password_hash`,`email`,`role`,`active`) VALUES (476,'vol_beruwala_3','$2y$10$iiFpvIL1hfaNBYMBhqKCYuge5zWIk4DisB4TvHrBlzmuo5fjfaKY6','vol.193@resqnet.local','volunteer',1);
INSERT INTO `volunteers` (`user_id`,`name`,`age`,`gender`,`contact_number`,`house_no`,`street`,`city`,`district`,`gn_division`) VALUES (476,'Lahiru Dissanayake',24,'male','0746623986','37','Lake Rd','Beruwala','Kalutara District','Beruwala');
INSERT INTO `skills_volunteers` (`user_id`,`skill_id`) VALUES (476,3);
INSERT INTO `volunteer_preference_volunteers` (`user_id`,`preference_id`) VALUES (476,7);
INSERT INTO `volunteer_preference_volunteers` (`user_id`,`preference_id`) VALUES (476,8);
INSERT INTO `users` (`user_id`,`username`,`password_hash`,`email`,`role`,`active`) VALUES (477,'vol_beruwala_4','$2y$10$iiFpvIL1hfaNBYMBhqKCYuge5zWIk4DisB4TvHrBlzmuo5fjfaKY6','vol.194@resqnet.local','volunteer',1);
INSERT INTO `volunteers` (`user_id`,`name`,`age`,`gender`,`contact_number`,`house_no`,`street`,`city`,`district`,`gn_division`) VALUES (477,'Pavithra Liyanage',53,'female','0720623456','135','Garden Ln','Beruwala','Kalutara District','Beruwala');
INSERT INTO `skills_volunteers` (`user_id`,`skill_id`) VALUES (477,4);
INSERT INTO `skills_volunteers` (`user_id`,`skill_id`) VALUES (477,5);
INSERT INTO `skills_volunteers` (`user_id`,`skill_id`) VALUES (477,6);
INSERT INTO `volunteer_preference_volunteers` (`user_id`,`preference_id`) VALUES (477,3);
INSERT INTO `volunteer_preference_volunteers` (`user_id`,`preference_id`) VALUES (477,4);
INSERT INTO `users` (`user_id`,`username`,`password_hash`,`email`,`role`,`active`) VALUES (478,'vol_beruwala_5','$2y$10$iiFpvIL1hfaNBYMBhqKCYuge5zWIk4DisB4TvHrBlzmuo5fjfaKY6','vol.195@resqnet.local','volunteer',0);
INSERT INTO `volunteers` (`user_id`,`name`,`age`,`gender`,`contact_number`,`house_no`,`street`,`city`,`district`,`gn_division`) VALUES (478,'Sampath Dissanayake',25,'other','0750506644','166','Lake Rd','Beruwala','Kalutara District','Beruwala');
INSERT INTO `skills_volunteers` (`user_id`,`skill_id`) VALUES (478,2);
INSERT INTO `skills_volunteers` (`user_id`,`skill_id`) VALUES (478,4);
INSERT INTO `skills_volunteers` (`user_id`,`skill_id`) VALUES (478,5);
INSERT INTO `volunteer_preference_volunteers` (`user_id`,`preference_id`) VALUES (478,3);
INSERT INTO `volunteer_preference_volunteers` (`user_id`,`preference_id`) VALUES (478,7);
INSERT INTO `users` (`user_id`,`username`,`password_hash`,`email`,`role`,`active`) VALUES (479,'vol_dodangoda_1','$2y$10$iiFpvIL1hfaNBYMBhqKCYuge5zWIk4DisB4TvHrBlzmuo5fjfaKY6','vol.196@resqnet.local','volunteer',1);
INSERT INTO `volunteers` (`user_id`,`name`,`age`,`gender`,`contact_number`,`house_no`,`street`,`city`,`district`,`gn_division`) VALUES (479,'Dasun Senanayake',18,'male','0784783240','127','Temple Rd','Dodangoda','Kalutara District','Dodangoda');
INSERT INTO `skills_volunteers` (`user_id`,`skill_id`) VALUES (479,1);
INSERT INTO `skills_volunteers` (`user_id`,`skill_id`) VALUES (479,3);
INSERT INTO `skills_volunteers` (`user_id`,`skill_id`) VALUES (479,5);
INSERT INTO `volunteer_preference_volunteers` (`user_id`,`preference_id`) VALUES (479,6);
INSERT INTO `volunteer_preference_volunteers` (`user_id`,`preference_id`) VALUES (479,7);
INSERT INTO `users` (`user_id`,`username`,`password_hash`,`email`,`role`,`active`) VALUES (480,'vol_dodangoda_2','$2y$10$iiFpvIL1hfaNBYMBhqKCYuge5zWIk4DisB4TvHrBlzmuo5fjfaKY6','vol.197@resqnet.local','volunteer',1);
INSERT INTO `volunteers` (`user_id`,`name`,`age`,`gender`,`contact_number`,`house_no`,`street`,`city`,`district`,`gn_division`) VALUES (480,'Dulani Samarasinghe',35,'female','0751679359','60','Church Rd','Dodangoda','Kalutara District','Dodangoda');
INSERT INTO `skills_volunteers` (`user_id`,`skill_id`) VALUES (480,1);
INSERT INTO `volunteer_preference_volunteers` (`user_id`,`preference_id`) VALUES (480,7);
INSERT INTO `users` (`user_id`,`username`,`password_hash`,`email`,`role`,`active`) VALUES (481,'vol_dodangoda_3','$2y$10$iiFpvIL1hfaNBYMBhqKCYuge5zWIk4DisB4TvHrBlzmuo5fjfaKY6','vol.198@resqnet.local','volunteer',1);
INSERT INTO `volunteers` (`user_id`,`name`,`age`,`gender`,`contact_number`,`house_no`,`street`,`city`,`district`,`gn_division`) VALUES (481,'Dinesh Cooray',39,'other','0754119965','131','Market Rd','Dodangoda','Kalutara District','Dodangoda');
INSERT INTO `skills_volunteers` (`user_id`,`skill_id`) VALUES (481,3);
INSERT INTO `skills_volunteers` (`user_id`,`skill_id`) VALUES (481,4);
INSERT INTO `volunteer_preference_volunteers` (`user_id`,`preference_id`) VALUES (481,7);
INSERT INTO `users` (`user_id`,`username`,`password_hash`,`email`,`role`,`active`) VALUES (482,'vol_dodangoda_4','$2y$10$iiFpvIL1hfaNBYMBhqKCYuge5zWIk4DisB4TvHrBlzmuo5fjfaKY6','vol.199@resqnet.local','volunteer',1);
INSERT INTO `volunteers` (`user_id`,`name`,`age`,`gender`,`contact_number`,`house_no`,`street`,`city`,`district`,`gn_division`) VALUES (482,'Nimal Jayawardena',18,'male','0728388325','136','Church Rd','Dodangoda','Kalutara District','Dodangoda');
INSERT INTO `skills_volunteers` (`user_id`,`skill_id`) VALUES (482,1);
INSERT INTO `skills_volunteers` (`user_id`,`skill_id`) VALUES (482,2);
INSERT INTO `volunteer_preference_volunteers` (`user_id`,`preference_id`) VALUES (482,1);
INSERT INTO `users` (`user_id`,`username`,`password_hash`,`email`,`role`,`active`) VALUES (483,'vol_dodangoda_5','$2y$10$iiFpvIL1hfaNBYMBhqKCYuge5zWIk4DisB4TvHrBlzmuo5fjfaKY6','vol.200@resqnet.local','volunteer',0);
INSERT INTO `volunteers` (`user_id`,`name`,`age`,`gender`,`contact_number`,`house_no`,`street`,`city`,`district`,`gn_division`) VALUES (483,'Malini Liyanage',48,'female','0719628846','128','Station Rd','Dodangoda','Kalutara District','Dodangoda');
INSERT INTO `skills_volunteers` (`user_id`,`skill_id`) VALUES (483,5);
INSERT INTO `volunteer_preference_volunteers` (`user_id`,`preference_id`) VALUES (483,8);
INSERT INTO `users` (`user_id`,`username`,`password_hash`,`email`,`role`,`active`) VALUES (484,'vol_matugama_1','$2y$10$iiFpvIL1hfaNBYMBhqKCYuge5zWIk4DisB4TvHrBlzmuo5fjfaKY6','vol.201@resqnet.local','volunteer',1);
INSERT INTO `volunteers` (`user_id`,`name`,`age`,`gender`,`contact_number`,`house_no`,`street`,`city`,`district`,`gn_division`) VALUES (484,'Ishan Senanayake',29,'other','0765942598','77','Station Rd','Matugama','Kalutara District','Matugama');
INSERT INTO `skills_volunteers` (`user_id`,`skill_id`) VALUES (484,1);
INSERT INTO `skills_volunteers` (`user_id`,`skill_id`) VALUES (484,3);
INSERT INTO `volunteer_preference_volunteers` (`user_id`,`preference_id`) VALUES (484,7);
INSERT INTO `users` (`user_id`,`username`,`password_hash`,`email`,`role`,`active`) VALUES (485,'vol_matugama_2','$2y$10$iiFpvIL1hfaNBYMBhqKCYuge5zWIk4DisB4TvHrBlzmuo5fjfaKY6','vol.202@resqnet.local','volunteer',1);
INSERT INTO `volunteers` (`user_id`,`name`,`age`,`gender`,`contact_number`,`house_no`,`street`,`city`,`district`,`gn_division`) VALUES (485,'Sunil Samarasinghe',39,'male','0784413836','149','Garden Ln','Matugama','Kalutara District','Matugama');
INSERT INTO `skills_volunteers` (`user_id`,`skill_id`) VALUES (485,2);
INSERT INTO `skills_volunteers` (`user_id`,`skill_id`) VALUES (485,4);
INSERT INTO `volunteer_preference_volunteers` (`user_id`,`preference_id`) VALUES (485,1);
INSERT INTO `volunteer_preference_volunteers` (`user_id`,`preference_id`) VALUES (485,3);
INSERT INTO `volunteer_preference_volunteers` (`user_id`,`preference_id`) VALUES (485,5);
INSERT INTO `users` (`user_id`,`username`,`password_hash`,`email`,`role`,`active`) VALUES (486,'vol_matugama_3','$2y$10$iiFpvIL1hfaNBYMBhqKCYuge5zWIk4DisB4TvHrBlzmuo5fjfaKY6','vol.203@resqnet.local','volunteer',1);
INSERT INTO `volunteers` (`user_id`,`name`,`age`,`gender`,`contact_number`,`house_no`,`street`,`city`,`district`,`gn_division`) VALUES (486,'Gayani Bandara',36,'female','0719205003','80','Hill St','Matugama','Kalutara District','Matugama');
INSERT INTO `skills_volunteers` (`user_id`,`skill_id`) VALUES (486,2);
INSERT INTO `skills_volunteers` (`user_id`,`skill_id`) VALUES (486,6);
INSERT INTO `volunteer_preference_volunteers` (`user_id`,`preference_id`) VALUES (486,2);
INSERT INTO `volunteer_preference_volunteers` (`user_id`,`preference_id`) VALUES (486,3);
INSERT INTO `volunteer_preference_volunteers` (`user_id`,`preference_id`) VALUES (486,8);
INSERT INTO `users` (`user_id`,`username`,`password_hash`,`email`,`role`,`active`) VALUES (487,'vol_matugama_4','$2y$10$iiFpvIL1hfaNBYMBhqKCYuge5zWIk4DisB4TvHrBlzmuo5fjfaKY6','vol.204@resqnet.local','volunteer',1);
INSERT INTO `volunteers` (`user_id`,`name`,`age`,`gender`,`contact_number`,`house_no`,`street`,`city`,`district`,`gn_division`) VALUES (487,'Roshan Jayawardena',23,'other','0784706586','83','Main St','Matugama','Kalutara District','Matugama');
INSERT INTO `skills_volunteers` (`user_id`,`skill_id`) VALUES (487,4);
INSERT INTO `volunteer_preference_volunteers` (`user_id`,`preference_id`) VALUES (487,1);
INSERT INTO `volunteer_preference_volunteers` (`user_id`,`preference_id`) VALUES (487,6);
INSERT INTO `volunteer_preference_volunteers` (`user_id`,`preference_id`) VALUES (487,8);
INSERT INTO `users` (`user_id`,`username`,`password_hash`,`email`,`role`,`active`) VALUES (488,'vol_matugama_5','$2y$10$iiFpvIL1hfaNBYMBhqKCYuge5zWIk4DisB4TvHrBlzmuo5fjfaKY6','vol.205@resqnet.local','volunteer',0);
INSERT INTO `volunteers` (`user_id`,`name`,`age`,`gender`,`contact_number`,`house_no`,`street`,`city`,`district`,`gn_division`) VALUES (488,'Lahiru Bandara',36,'male','0779147033','2','Market Rd','Matugama','Kalutara District','Matugama');
INSERT INTO `skills_volunteers` (`user_id`,`skill_id`) VALUES (488,2);
INSERT INTO `skills_volunteers` (`user_id`,`skill_id`) VALUES (488,5);
INSERT INTO `volunteer_preference_volunteers` (`user_id`,`preference_id`) VALUES (488,1);
INSERT INTO `volunteer_preference_volunteers` (`user_id`,`preference_id`) VALUES (488,2);
INSERT INTO `volunteer_preference_volunteers` (`user_id`,`preference_id`) VALUES (488,4);
INSERT INTO `users` (`user_id`,`username`,`password_hash`,`email`,`role`,`active`) VALUES (489,'vol_agalawatta_1','$2y$10$iiFpvIL1hfaNBYMBhqKCYuge5zWIk4DisB4TvHrBlzmuo5fjfaKY6','vol.206@resqnet.local','volunteer',1);
INSERT INTO `volunteers` (`user_id`,`name`,`age`,`gender`,`contact_number`,`house_no`,`street`,`city`,`district`,`gn_division`) VALUES (489,'Dulani Silva',54,'female','0769700382','140','Church Rd','Agalawatta','Kalutara District','Agalawatta');
INSERT INTO `skills_volunteers` (`user_id`,`skill_id`) VALUES (489,2);
INSERT INTO `skills_volunteers` (`user_id`,`skill_id`) VALUES (489,3);
INSERT INTO `skills_volunteers` (`user_id`,`skill_id`) VALUES (489,6);
INSERT INTO `volunteer_preference_volunteers` (`user_id`,`preference_id`) VALUES (489,7);
INSERT INTO `users` (`user_id`,`username`,`password_hash`,`email`,`role`,`active`) VALUES (490,'vol_agalawatta_2','$2y$10$iiFpvIL1hfaNBYMBhqKCYuge5zWIk4DisB4TvHrBlzmuo5fjfaKY6','vol.207@resqnet.local','volunteer',1);
INSERT INTO `volunteers` (`user_id`,`name`,`age`,`gender`,`contact_number`,`house_no`,`street`,`city`,`district`,`gn_division`) VALUES (490,'Nimal Senanayake',46,'other','0746778345','10','Station Rd','Agalawatta','Kalutara District','Agalawatta');
INSERT INTO `skills_volunteers` (`user_id`,`skill_id`) VALUES (490,1);
INSERT INTO `skills_volunteers` (`user_id`,`skill_id`) VALUES (490,2);
INSERT INTO `volunteer_preference_volunteers` (`user_id`,`preference_id`) VALUES (490,2);
INSERT INTO `volunteer_preference_volunteers` (`user_id`,`preference_id`) VALUES (490,4);
INSERT INTO `volunteer_preference_volunteers` (`user_id`,`preference_id`) VALUES (490,6);
INSERT INTO `users` (`user_id`,`username`,`password_hash`,`email`,`role`,`active`) VALUES (491,'vol_agalawatta_3','$2y$10$iiFpvIL1hfaNBYMBhqKCYuge5zWIk4DisB4TvHrBlzmuo5fjfaKY6','vol.208@resqnet.local','volunteer',1);
INSERT INTO `volunteers` (`user_id`,`name`,`age`,`gender`,`contact_number`,`house_no`,`street`,`city`,`district`,`gn_division`) VALUES (491,'Dinesh Fernando',51,'male','0767776612','114','Main St','Agalawatta','Kalutara District','Agalawatta');
INSERT INTO `skills_volunteers` (`user_id`,`skill_id`) VALUES (491,3);
INSERT INTO `skills_volunteers` (`user_id`,`skill_id`) VALUES (491,4);
INSERT INTO `volunteer_preference_volunteers` (`user_id`,`preference_id`) VALUES (491,1);
INSERT INTO `users` (`user_id`,`username`,`password_hash`,`email`,`role`,`active`) VALUES (492,'vol_agalawatta_4','$2y$10$iiFpvIL1hfaNBYMBhqKCYuge5zWIk4DisB4TvHrBlzmuo5fjfaKY6','vol.209@resqnet.local','volunteer',1);
INSERT INTO `volunteers` (`user_id`,`name`,`age`,`gender`,`contact_number`,`house_no`,`street`,`city`,`district`,`gn_division`) VALUES (492,'Anusha Pathirana',23,'female','0777267276','45','Garden Ln','Agalawatta','Kalutara District','Agalawatta');
INSERT INTO `skills_volunteers` (`user_id`,`skill_id`) VALUES (492,1);
INSERT INTO `skills_volunteers` (`user_id`,`skill_id`) VALUES (492,2);
INSERT INTO `skills_volunteers` (`user_id`,`skill_id`) VALUES (492,4);
INSERT INTO `volunteer_preference_volunteers` (`user_id`,`preference_id`) VALUES (492,4);
INSERT INTO `users` (`user_id`,`username`,`password_hash`,`email`,`role`,`active`) VALUES (493,'vol_agalawatta_5','$2y$10$iiFpvIL1hfaNBYMBhqKCYuge5zWIk4DisB4TvHrBlzmuo5fjfaKY6','vol.210@resqnet.local','volunteer',0);
INSERT INTO `volunteers` (`user_id`,`name`,`age`,`gender`,`contact_number`,`house_no`,`street`,`city`,`district`,`gn_division`) VALUES (493,'Sahan Bandara',54,'other','0771165850','82','Station Rd','Agalawatta','Kalutara District','Agalawatta');
INSERT INTO `skills_volunteers` (`user_id`,`skill_id`) VALUES (493,6);
INSERT INTO `volunteer_preference_volunteers` (`user_id`,`preference_id`) VALUES (493,3);
INSERT INTO `volunteer_preference_volunteers` (`user_id`,`preference_id`) VALUES (493,4);
INSERT INTO `volunteer_preference_volunteers` (`user_id`,`preference_id`) VALUES (493,7);
INSERT INTO `users` (`user_id`,`username`,`password_hash`,`email`,`role`,`active`) VALUES (494,'vol_palindanuwara_1','$2y$10$iiFpvIL1hfaNBYMBhqKCYuge5zWIk4DisB4TvHrBlzmuo5fjfaKY6','vol.211@resqnet.local','volunteer',1);
INSERT INTO `volunteers` (`user_id`,`name`,`age`,`gender`,`contact_number`,`house_no`,`street`,`city`,`district`,`gn_division`) VALUES (494,'Amila Ekanayake',55,'male','0779439226','108','Garden Ln','Palindanuwara','Kalutara District','Palindanuwara');
INSERT INTO `skills_volunteers` (`user_id`,`skill_id`) VALUES (494,3);
INSERT INTO `skills_volunteers` (`user_id`,`skill_id`) VALUES (494,5);
INSERT INTO `volunteer_preference_volunteers` (`user_id`,`preference_id`) VALUES (494,5);
INSERT INTO `volunteer_preference_volunteers` (`user_id`,`preference_id`) VALUES (494,6);
INSERT INTO `users` (`user_id`,`username`,`password_hash`,`email`,`role`,`active`) VALUES (495,'vol_palindanuwara_2','$2y$10$iiFpvIL1hfaNBYMBhqKCYuge5zWIk4DisB4TvHrBlzmuo5fjfaKY6','vol.212@resqnet.local','volunteer',1);
INSERT INTO `volunteers` (`user_id`,`name`,`age`,`gender`,`contact_number`,`house_no`,`street`,`city`,`district`,`gn_division`) VALUES (495,'Nimali Samarasinghe',33,'female','0788148159','143','Garden Ln','Palindanuwara','Kalutara District','Palindanuwara');
INSERT INTO `skills_volunteers` (`user_id`,`skill_id`) VALUES (495,1);
INSERT INTO `skills_volunteers` (`user_id`,`skill_id`) VALUES (495,4);
INSERT INTO `skills_volunteers` (`user_id`,`skill_id`) VALUES (495,5);
INSERT INTO `volunteer_preference_volunteers` (`user_id`,`preference_id`) VALUES (495,4);
INSERT INTO `volunteer_preference_volunteers` (`user_id`,`preference_id`) VALUES (495,6);
INSERT INTO `volunteer_preference_volunteers` (`user_id`,`preference_id`) VALUES (495,7);
INSERT INTO `users` (`user_id`,`username`,`password_hash`,`email`,`role`,`active`) VALUES (496,'vol_palindanuwara_3','$2y$10$iiFpvIL1hfaNBYMBhqKCYuge5zWIk4DisB4TvHrBlzmuo5fjfaKY6','vol.213@resqnet.local','volunteer',1);
INSERT INTO `volunteers` (`user_id`,`name`,`age`,`gender`,`contact_number`,`house_no`,`street`,`city`,`district`,`gn_division`) VALUES (496,'Ranjith Karunaratne',33,'other','0719365155','187','River Rd','Palindanuwara','Kalutara District','Palindanuwara');
INSERT INTO `skills_volunteers` (`user_id`,`skill_id`) VALUES (496,2);
INSERT INTO `skills_volunteers` (`user_id`,`skill_id`) VALUES (496,6);
INSERT INTO `volunteer_preference_volunteers` (`user_id`,`preference_id`) VALUES (496,1);
INSERT INTO `users` (`user_id`,`username`,`password_hash`,`email`,`role`,`active`) VALUES (497,'vol_palindanuwara_4','$2y$10$iiFpvIL1hfaNBYMBhqKCYuge5zWIk4DisB4TvHrBlzmuo5fjfaKY6','vol.214@resqnet.local','volunteer',1);
INSERT INTO `volunteers` (`user_id`,`name`,`age`,`gender`,`contact_number`,`house_no`,`street`,`city`,`district`,`gn_division`) VALUES (497,'Chaminda Liyanage',32,'male','0745270725','199','Market Rd','Palindanuwara','Kalutara District','Palindanuwara');
INSERT INTO `skills_volunteers` (`user_id`,`skill_id`) VALUES (497,3);
INSERT INTO `skills_volunteers` (`user_id`,`skill_id`) VALUES (497,5);
INSERT INTO `skills_volunteers` (`user_id`,`skill_id`) VALUES (497,6);
INSERT INTO `volunteer_preference_volunteers` (`user_id`,`preference_id`) VALUES (497,4);
INSERT INTO `volunteer_preference_volunteers` (`user_id`,`preference_id`) VALUES (497,7);
INSERT INTO `users` (`user_id`,`username`,`password_hash`,`email`,`role`,`active`) VALUES (498,'vol_palindanuwara_5','$2y$10$iiFpvIL1hfaNBYMBhqKCYuge5zWIk4DisB4TvHrBlzmuo5fjfaKY6','vol.215@resqnet.local','volunteer',0);
INSERT INTO `volunteers` (`user_id`,`name`,`age`,`gender`,`contact_number`,`house_no`,`street`,`city`,`district`,`gn_division`) VALUES (498,'Dilhani Pathirana',39,'female','0710786975','142','Lake Rd','Palindanuwara','Kalutara District','Palindanuwara');
INSERT INTO `skills_volunteers` (`user_id`,`skill_id`) VALUES (498,5);
INSERT INTO `volunteer_preference_volunteers` (`user_id`,`preference_id`) VALUES (498,8);
INSERT INTO `users` (`user_id`,`username`,`password_hash`,`email`,`role`,`active`) VALUES (499,'vol_walallavita_1','$2y$10$iiFpvIL1hfaNBYMBhqKCYuge5zWIk4DisB4TvHrBlzmuo5fjfaKY6','vol.216@resqnet.local','volunteer',1);
INSERT INTO `volunteers` (`user_id`,`name`,`age`,`gender`,`contact_number`,`house_no`,`street`,`city`,`district`,`gn_division`) VALUES (499,'Dasun Wijesinghe',46,'other','0736437878','33','Market Rd','Walallavita','Kalutara District','Walallavita');
INSERT INTO `skills_volunteers` (`user_id`,`skill_id`) VALUES (499,4);
INSERT INTO `skills_volunteers` (`user_id`,`skill_id`) VALUES (499,5);
INSERT INTO `volunteer_preference_volunteers` (`user_id`,`preference_id`) VALUES (499,2);
INSERT INTO `volunteer_preference_volunteers` (`user_id`,`preference_id`) VALUES (499,4);
INSERT INTO `users` (`user_id`,`username`,`password_hash`,`email`,`role`,`active`) VALUES (500,'vol_walallavita_2','$2y$10$iiFpvIL1hfaNBYMBhqKCYuge5zWIk4DisB4TvHrBlzmuo5fjfaKY6','vol.217@resqnet.local','volunteer',1);
INSERT INTO `volunteers` (`user_id`,`name`,`age`,`gender`,`contact_number`,`house_no`,`street`,`city`,`district`,`gn_division`) VALUES (500,'Dasun Herath',27,'male','0710870029','145','Church Rd','Walallavita','Kalutara District','Walallavita');
INSERT INTO `skills_volunteers` (`user_id`,`skill_id`) VALUES (500,1);
INSERT INTO `skills_volunteers` (`user_id`,`skill_id`) VALUES (500,6);
INSERT INTO `volunteer_preference_volunteers` (`user_id`,`preference_id`) VALUES (500,3);
INSERT INTO `users` (`user_id`,`username`,`password_hash`,`email`,`role`,`active`) VALUES (501,'vol_walallavita_3','$2y$10$iiFpvIL1hfaNBYMBhqKCYuge5zWIk4DisB4TvHrBlzmuo5fjfaKY6','vol.218@resqnet.local','volunteer',1);
INSERT INTO `volunteers` (`user_id`,`name`,`age`,`gender`,`contact_number`,`house_no`,`street`,`city`,`district`,`gn_division`) VALUES (501,'Nadeesha Pathirana',45,'female','0758097167','101','Main St','Walallavita','Kalutara District','Walallavita');
INSERT INTO `skills_volunteers` (`user_id`,`skill_id`) VALUES (501,1);
INSERT INTO `skills_volunteers` (`user_id`,`skill_id`) VALUES (501,3);
INSERT INTO `skills_volunteers` (`user_id`,`skill_id`) VALUES (501,6);
INSERT INTO `volunteer_preference_volunteers` (`user_id`,`preference_id`) VALUES (501,5);
INSERT INTO `volunteer_preference_volunteers` (`user_id`,`preference_id`) VALUES (501,6);
INSERT INTO `volunteer_preference_volunteers` (`user_id`,`preference_id`) VALUES (501,7);
INSERT INTO `users` (`user_id`,`username`,`password_hash`,`email`,`role`,`active`) VALUES (502,'vol_walallavita_4','$2y$10$iiFpvIL1hfaNBYMBhqKCYuge5zWIk4DisB4TvHrBlzmuo5fjfaKY6','vol.219@resqnet.local','volunteer',1);
INSERT INTO `volunteers` (`user_id`,`name`,`age`,`gender`,`contact_number`,`house_no`,`street`,`city`,`district`,`gn_division`) VALUES (502,'Pradeep Jayawardena',55,'other','0782278139','47','Hill St','Walallavita','Kalutara District','Walallavita');
INSERT INTO `skills_volunteers` (`user_id`,`skill_id`) VALUES (502,1);
INSERT INTO `skills_volunteers` (`user_id`,`skill_id`) VALUES (502,3);
INSERT INTO `skills_volunteers` (`user_id`,`skill_id`) VALUES (502,5);
INSERT INTO `volunteer_preference_volunteers` (`user_id`,`preference_id`) VALUES (502,5);
INSERT INTO `volunteer_preference_volunteers` (`user_id`,`preference_id`) VALUES (502,6);
INSERT INTO `volunteer_preference_volunteers` (`user_id`,`preference_id`) VALUES (502,8);
INSERT INTO `users` (`user_id`,`username`,`password_hash`,`email`,`role`,`active`) VALUES (503,'vol_walallavita_5','$2y$10$iiFpvIL1hfaNBYMBhqKCYuge5zWIk4DisB4TvHrBlzmuo5fjfaKY6','vol.220@resqnet.local','volunteer',0);
INSERT INTO `volunteers` (`user_id`,`name`,`age`,`gender`,`contact_number`,`house_no`,`street`,`city`,`district`,`gn_division`) VALUES (503,'Sahan Gunasekara',21,'male','0721901386','87','Market Rd','Walallavita','Kalutara District','Walallavita');
INSERT INTO `skills_volunteers` (`user_id`,`skill_id`) VALUES (503,1);
INSERT INTO `skills_volunteers` (`user_id`,`skill_id`) VALUES (503,2);
INSERT INTO `skills_volunteers` (`user_id`,`skill_id`) VALUES (503,6);
INSERT INTO `volunteer_preference_volunteers` (`user_id`,`preference_id`) VALUES (503,1);
INSERT INTO `users` (`user_id`,`username`,`password_hash`,`email`,`role`,`active`) VALUES (504,'vol_thumpane_1','$2y$10$iiFpvIL1hfaNBYMBhqKCYuge5zWIk4DisB4TvHrBlzmuo5fjfaKY6','vol.221@resqnet.local','volunteer',1);
INSERT INTO `volunteers` (`user_id`,`name`,`age`,`gender`,`contact_number`,`house_no`,`street`,`city`,`district`,`gn_division`) VALUES (504,'Gayani Weerasinghe',36,'female','0747034648','66','Church Rd','Thumpane','Kandy District','Thumpane');
INSERT INTO `skills_volunteers` (`user_id`,`skill_id`) VALUES (504,2);
INSERT INTO `skills_volunteers` (`user_id`,`skill_id`) VALUES (504,3);
INSERT INTO `skills_volunteers` (`user_id`,`skill_id`) VALUES (504,5);
INSERT INTO `volunteer_preference_volunteers` (`user_id`,`preference_id`) VALUES (504,2);
INSERT INTO `users` (`user_id`,`username`,`password_hash`,`email`,`role`,`active`) VALUES (505,'vol_thumpane_2','$2y$10$iiFpvIL1hfaNBYMBhqKCYuge5zWIk4DisB4TvHrBlzmuo5fjfaKY6','vol.222@resqnet.local','volunteer',1);
INSERT INTO `volunteers` (`user_id`,`name`,`age`,`gender`,`contact_number`,`house_no`,`street`,`city`,`district`,`gn_division`) VALUES (505,'Nuwan Liyanage',38,'other','0797497149','172','School Ln','Thumpane','Kandy District','Thumpane');
INSERT INTO `skills_volunteers` (`user_id`,`skill_id`) VALUES (505,1);
INSERT INTO `skills_volunteers` (`user_id`,`skill_id`) VALUES (505,4);
INSERT INTO `skills_volunteers` (`user_id`,`skill_id`) VALUES (505,5);
INSERT INTO `volunteer_preference_volunteers` (`user_id`,`preference_id`) VALUES (505,2);
INSERT INTO `volunteer_preference_volunteers` (`user_id`,`preference_id`) VALUES (505,3);
INSERT INTO `users` (`user_id`,`username`,`password_hash`,`email`,`role`,`active`) VALUES (506,'vol_thumpane_3','$2y$10$iiFpvIL1hfaNBYMBhqKCYuge5zWIk4DisB4TvHrBlzmuo5fjfaKY6','vol.223@resqnet.local','volunteer',1);
INSERT INTO `volunteers` (`user_id`,`name`,`age`,`gender`,`contact_number`,`house_no`,`street`,`city`,`district`,`gn_division`) VALUES (506,'Roshan Rathnayake',30,'male','0766180569','155','Temple Rd','Thumpane','Kandy District','Thumpane');
INSERT INTO `skills_volunteers` (`user_id`,`skill_id`) VALUES (506,6);
INSERT INTO `volunteer_preference_volunteers` (`user_id`,`preference_id`) VALUES (506,2);
INSERT INTO `volunteer_preference_volunteers` (`user_id`,`preference_id`) VALUES (506,6);
INSERT INTO `volunteer_preference_volunteers` (`user_id`,`preference_id`) VALUES (506,8);
INSERT INTO `users` (`user_id`,`username`,`password_hash`,`email`,`role`,`active`) VALUES (507,'vol_thumpane_4','$2y$10$iiFpvIL1hfaNBYMBhqKCYuge5zWIk4DisB4TvHrBlzmuo5fjfaKY6','vol.224@resqnet.local','volunteer',1);
INSERT INTO `volunteers` (`user_id`,`name`,`age`,`gender`,`contact_number`,`house_no`,`street`,`city`,`district`,`gn_division`) VALUES (507,'Sanduni Gunasekara',39,'female','0741994385','87','Station Rd','Thumpane','Kandy District','Thumpane');
INSERT INTO `skills_volunteers` (`user_id`,`skill_id`) VALUES (507,5);
INSERT INTO `volunteer_preference_volunteers` (`user_id`,`preference_id`) VALUES (507,1);
INSERT INTO `volunteer_preference_volunteers` (`user_id`,`preference_id`) VALUES (507,3);
INSERT INTO `volunteer_preference_volunteers` (`user_id`,`preference_id`) VALUES (507,6);
INSERT INTO `users` (`user_id`,`username`,`password_hash`,`email`,`role`,`active`) VALUES (508,'vol_thumpane_5','$2y$10$iiFpvIL1hfaNBYMBhqKCYuge5zWIk4DisB4TvHrBlzmuo5fjfaKY6','vol.225@resqnet.local','volunteer',0);
INSERT INTO `volunteers` (`user_id`,`name`,`age`,`gender`,`contact_number`,`house_no`,`street`,`city`,`district`,`gn_division`) VALUES (508,'Nimal Jayawardena',49,'other','0777510008','26','Temple Rd','Thumpane','Kandy District','Thumpane');
INSERT INTO `skills_volunteers` (`user_id`,`skill_id`) VALUES (508,5);
INSERT INTO `volunteer_preference_volunteers` (`user_id`,`preference_id`) VALUES (508,4);
INSERT INTO `users` (`user_id`,`username`,`password_hash`,`email`,`role`,`active`) VALUES (509,'vol_pujapitiya_1','$2y$10$iiFpvIL1hfaNBYMBhqKCYuge5zWIk4DisB4TvHrBlzmuo5fjfaKY6','vol.226@resqnet.local','volunteer',1);
INSERT INTO `volunteers` (`user_id`,`name`,`age`,`gender`,`contact_number`,`house_no`,`street`,`city`,`district`,`gn_division`) VALUES (509,'Dinesh Liyanage',55,'male','0785862127','161','Temple Rd','Pujapitiya','Kandy District','Pujapitiya');
INSERT INTO `skills_volunteers` (`user_id`,`skill_id`) VALUES (509,1);
INSERT INTO `skills_volunteers` (`user_id`,`skill_id`) VALUES (509,3);
INSERT INTO `volunteer_preference_volunteers` (`user_id`,`preference_id`) VALUES (509,1);
INSERT INTO `volunteer_preference_volunteers` (`user_id`,`preference_id`) VALUES (509,6);
INSERT INTO `users` (`user_id`,`username`,`password_hash`,`email`,`role`,`active`) VALUES (510,'vol_pujapitiya_2','$2y$10$iiFpvIL1hfaNBYMBhqKCYuge5zWIk4DisB4TvHrBlzmuo5fjfaKY6','vol.227@resqnet.local','volunteer',1);
INSERT INTO `volunteers` (`user_id`,`name`,`age`,`gender`,`contact_number`,`house_no`,`street`,`city`,`district`,`gn_division`) VALUES (510,'Sewwandi Cooray',20,'female','0753360562','21','Station Rd','Pujapitiya','Kandy District','Pujapitiya');
INSERT INTO `skills_volunteers` (`user_id`,`skill_id`) VALUES (510,5);
INSERT INTO `volunteer_preference_volunteers` (`user_id`,`preference_id`) VALUES (510,4);
INSERT INTO `volunteer_preference_volunteers` (`user_id`,`preference_id`) VALUES (510,7);
INSERT INTO `volunteer_preference_volunteers` (`user_id`,`preference_id`) VALUES (510,8);
INSERT INTO `users` (`user_id`,`username`,`password_hash`,`email`,`role`,`active`) VALUES (511,'vol_pujapitiya_3','$2y$10$iiFpvIL1hfaNBYMBhqKCYuge5zWIk4DisB4TvHrBlzmuo5fjfaKY6','vol.228@resqnet.local','volunteer',1);
INSERT INTO `volunteers` (`user_id`,`name`,`age`,`gender`,`contact_number`,`house_no`,`street`,`city`,`district`,`gn_division`) VALUES (511,'Roshan Jayawardena',20,'other','0744526587','168','Station Rd','Pujapitiya','Kandy District','Pujapitiya');
INSERT INTO `skills_volunteers` (`user_id`,`skill_id`) VALUES (511,2);
INSERT INTO `volunteer_preference_volunteers` (`user_id`,`preference_id`) VALUES (511,4);
INSERT INTO `volunteer_preference_volunteers` (`user_id`,`preference_id`) VALUES (511,7);
INSERT INTO `users` (`user_id`,`username`,`password_hash`,`email`,`role`,`active`) VALUES (512,'vol_pujapitiya_4','$2y$10$iiFpvIL1hfaNBYMBhqKCYuge5zWIk4DisB4TvHrBlzmuo5fjfaKY6','vol.229@resqnet.local','volunteer',1);
INSERT INTO `volunteers` (`user_id`,`name`,`age`,`gender`,`contact_number`,`house_no`,`street`,`city`,`district`,`gn_division`) VALUES (512,'Tharaka Gunasekara',40,'male','0713861793','124','Main St','Pujapitiya','Kandy District','Pujapitiya');
INSERT INTO `skills_volunteers` (`user_id`,`skill_id`) VALUES (512,4);
INSERT INTO `volunteer_preference_volunteers` (`user_id`,`preference_id`) VALUES (512,5);
INSERT INTO `volunteer_preference_volunteers` (`user_id`,`preference_id`) VALUES (512,6);
INSERT INTO `volunteer_preference_volunteers` (`user_id`,`preference_id`) VALUES (512,7);
INSERT INTO `users` (`user_id`,`username`,`password_hash`,`email`,`role`,`active`) VALUES (513,'vol_pujapitiya_5','$2y$10$iiFpvIL1hfaNBYMBhqKCYuge5zWIk4DisB4TvHrBlzmuo5fjfaKY6','vol.230@resqnet.local','volunteer',0);
INSERT INTO `volunteers` (`user_id`,`name`,`age`,`gender`,`contact_number`,`house_no`,`street`,`city`,`district`,`gn_division`) VALUES (513,'Kavisha Wijesinghe',35,'female','0756892500','117','Hill St','Pujapitiya','Kandy District','Pujapitiya');
INSERT INTO `skills_volunteers` (`user_id`,`skill_id`) VALUES (513,2);
INSERT INTO `skills_volunteers` (`user_id`,`skill_id`) VALUES (513,4);
INSERT INTO `skills_volunteers` (`user_id`,`skill_id`) VALUES (513,6);
INSERT INTO `volunteer_preference_volunteers` (`user_id`,`preference_id`) VALUES (513,1);
INSERT INTO `volunteer_preference_volunteers` (`user_id`,`preference_id`) VALUES (513,7);
INSERT INTO `users` (`user_id`,`username`,`password_hash`,`email`,`role`,`active`) VALUES (514,'vol_akurana_1','$2y$10$iiFpvIL1hfaNBYMBhqKCYuge5zWIk4DisB4TvHrBlzmuo5fjfaKY6','vol.231@resqnet.local','volunteer',1);
INSERT INTO `volunteers` (`user_id`,`name`,`age`,`gender`,`contact_number`,`house_no`,`street`,`city`,`district`,`gn_division`) VALUES (514,'Ishan Pathirana',21,'other','0760267996','94','Market Rd','Akurana','Kandy District','Akurana');
INSERT INTO `skills_volunteers` (`user_id`,`skill_id`) VALUES (514,2);
INSERT INTO `skills_volunteers` (`user_id`,`skill_id`) VALUES (514,3);
INSERT INTO `skills_volunteers` (`user_id`,`skill_id`) VALUES (514,6);
INSERT INTO `volunteer_preference_volunteers` (`user_id`,`preference_id`) VALUES (514,2);
INSERT INTO `volunteer_preference_volunteers` (`user_id`,`preference_id`) VALUES (514,3);
INSERT INTO `users` (`user_id`,`username`,`password_hash`,`email`,`role`,`active`) VALUES (515,'vol_akurana_2','$2y$10$iiFpvIL1hfaNBYMBhqKCYuge5zWIk4DisB4TvHrBlzmuo5fjfaKY6','vol.232@resqnet.local','volunteer',1);
INSERT INTO `volunteers` (`user_id`,`name`,`age`,`gender`,`contact_number`,`house_no`,`street`,`city`,`district`,`gn_division`) VALUES (515,'Ashan Mendis',54,'male','0780530725','67','Lake Rd','Akurana','Kandy District','Akurana');
INSERT INTO `skills_volunteers` (`user_id`,`skill_id`) VALUES (515,1);
INSERT INTO `skills_volunteers` (`user_id`,`skill_id`) VALUES (515,4);
INSERT INTO `skills_volunteers` (`user_id`,`skill_id`) VALUES (515,5);
INSERT INTO `volunteer_preference_volunteers` (`user_id`,`preference_id`) VALUES (515,1);
INSERT INTO `volunteer_preference_volunteers` (`user_id`,`preference_id`) VALUES (515,5);
INSERT INTO `volunteer_preference_volunteers` (`user_id`,`preference_id`) VALUES (515,7);
INSERT INTO `users` (`user_id`,`username`,`password_hash`,`email`,`role`,`active`) VALUES (516,'vol_akurana_3','$2y$10$iiFpvIL1hfaNBYMBhqKCYuge5zWIk4DisB4TvHrBlzmuo5fjfaKY6','vol.233@resqnet.local','volunteer',1);
INSERT INTO `volunteers` (`user_id`,`name`,`age`,`gender`,`contact_number`,`house_no`,`street`,`city`,`district`,`gn_division`) VALUES (516,'Malini Pathirana',31,'female','0758810949','67','Main St','Akurana','Kandy District','Akurana');
INSERT INTO `skills_volunteers` (`user_id`,`skill_id`) VALUES (516,5);
INSERT INTO `volunteer_preference_volunteers` (`user_id`,`preference_id`) VALUES (516,5);
INSERT INTO `users` (`user_id`,`username`,`password_hash`,`email`,`role`,`active`) VALUES (517,'vol_akurana_4','$2y$10$iiFpvIL1hfaNBYMBhqKCYuge5zWIk4DisB4TvHrBlzmuo5fjfaKY6','vol.234@resqnet.local','volunteer',1);
INSERT INTO `volunteers` (`user_id`,`name`,`age`,`gender`,`contact_number`,`house_no`,`street`,`city`,`district`,`gn_division`) VALUES (517,'Sunil Bandara',22,'other','0733070499','114','Market Rd','Akurana','Kandy District','Akurana');
INSERT INTO `skills_volunteers` (`user_id`,`skill_id`) VALUES (517,2);
INSERT INTO `skills_volunteers` (`user_id`,`skill_id`) VALUES (517,3);
INSERT INTO `skills_volunteers` (`user_id`,`skill_id`) VALUES (517,6);
INSERT INTO `volunteer_preference_volunteers` (`user_id`,`preference_id`) VALUES (517,3);
INSERT INTO `volunteer_preference_volunteers` (`user_id`,`preference_id`) VALUES (517,7);
INSERT INTO `users` (`user_id`,`username`,`password_hash`,`email`,`role`,`active`) VALUES (518,'vol_akurana_5','$2y$10$iiFpvIL1hfaNBYMBhqKCYuge5zWIk4DisB4TvHrBlzmuo5fjfaKY6','vol.235@resqnet.local','volunteer',0);
INSERT INTO `volunteers` (`user_id`,`name`,`age`,`gender`,`contact_number`,`house_no`,`street`,`city`,`district`,`gn_division`) VALUES (518,'Kasun Pathirana',23,'male','0731857997','115','Hill St','Akurana','Kandy District','Akurana');
INSERT INTO `skills_volunteers` (`user_id`,`skill_id`) VALUES (518,1);
INSERT INTO `skills_volunteers` (`user_id`,`skill_id`) VALUES (518,3);
INSERT INTO `volunteer_preference_volunteers` (`user_id`,`preference_id`) VALUES (518,1);
INSERT INTO `volunteer_preference_volunteers` (`user_id`,`preference_id`) VALUES (518,5);
INSERT INTO `volunteer_preference_volunteers` (`user_id`,`preference_id`) VALUES (518,6);
INSERT INTO `users` (`user_id`,`username`,`password_hash`,`email`,`role`,`active`) VALUES (519,'vol_pathadumbara_1','$2y$10$iiFpvIL1hfaNBYMBhqKCYuge5zWIk4DisB4TvHrBlzmuo5fjfaKY6','vol.236@resqnet.local','volunteer',1);
INSERT INTO `volunteers` (`user_id`,`name`,`age`,`gender`,`contact_number`,`house_no`,`street`,`city`,`district`,`gn_division`) VALUES (519,'Sewwandi Ekanayake',27,'female','0732377207','23','School Ln','Pathadumbara','Kandy District','Pathadumbara');
INSERT INTO `skills_volunteers` (`user_id`,`skill_id`) VALUES (519,1);
INSERT INTO `volunteer_preference_volunteers` (`user_id`,`preference_id`) VALUES (519,1);
INSERT INTO `volunteer_preference_volunteers` (`user_id`,`preference_id`) VALUES (519,3);
INSERT INTO `users` (`user_id`,`username`,`password_hash`,`email`,`role`,`active`) VALUES (520,'vol_pathadumbara_2','$2y$10$iiFpvIL1hfaNBYMBhqKCYuge5zWIk4DisB4TvHrBlzmuo5fjfaKY6','vol.237@resqnet.local','volunteer',1);
INSERT INTO `volunteers` (`user_id`,`name`,`age`,`gender`,`contact_number`,`house_no`,`street`,`city`,`district`,`gn_division`) VALUES (520,'Ranjith Liyanage',42,'other','0734138001','85','School Ln','Pathadumbara','Kandy District','Pathadumbara');
INSERT INTO `skills_volunteers` (`user_id`,`skill_id`) VALUES (520,1);
INSERT INTO `skills_volunteers` (`user_id`,`skill_id`) VALUES (520,2);
INSERT INTO `skills_volunteers` (`user_id`,`skill_id`) VALUES (520,4);
INSERT INTO `volunteer_preference_volunteers` (`user_id`,`preference_id`) VALUES (520,1);
INSERT INTO `volunteer_preference_volunteers` (`user_id`,`preference_id`) VALUES (520,3);
INSERT INTO `users` (`user_id`,`username`,`password_hash`,`email`,`role`,`active`) VALUES (521,'vol_pathadumbara_3','$2y$10$iiFpvIL1hfaNBYMBhqKCYuge5zWIk4DisB4TvHrBlzmuo5fjfaKY6','vol.238@resqnet.local','volunteer',1);
INSERT INTO `volunteers` (`user_id`,`name`,`age`,`gender`,`contact_number`,`house_no`,`street`,`city`,`district`,`gn_division`) VALUES (521,'Pradeep Perera',37,'male','0757227582','82','School Ln','Pathadumbara','Kandy District','Pathadumbara');
INSERT INTO `skills_volunteers` (`user_id`,`skill_id`) VALUES (521,5);
INSERT INTO `volunteer_preference_volunteers` (`user_id`,`preference_id`) VALUES (521,1);
INSERT INTO `volunteer_preference_volunteers` (`user_id`,`preference_id`) VALUES (521,3);
INSERT INTO `users` (`user_id`,`username`,`password_hash`,`email`,`role`,`active`) VALUES (522,'vol_pathadumbara_4','$2y$10$iiFpvIL1hfaNBYMBhqKCYuge5zWIk4DisB4TvHrBlzmuo5fjfaKY6','vol.239@resqnet.local','volunteer',1);
INSERT INTO `volunteers` (`user_id`,`name`,`age`,`gender`,`contact_number`,`house_no`,`street`,`city`,`district`,`gn_division`) VALUES (522,'Iresha Samarasinghe',19,'female','0775613614','89','Lake Rd','Pathadumbara','Kandy District','Pathadumbara');
INSERT INTO `skills_volunteers` (`user_id`,`skill_id`) VALUES (522,5);
INSERT INTO `volunteer_preference_volunteers` (`user_id`,`preference_id`) VALUES (522,5);
INSERT INTO `volunteer_preference_volunteers` (`user_id`,`preference_id`) VALUES (522,7);
INSERT INTO `users` (`user_id`,`username`,`password_hash`,`email`,`role`,`active`) VALUES (523,'vol_pathadumbara_5','$2y$10$iiFpvIL1hfaNBYMBhqKCYuge5zWIk4DisB4TvHrBlzmuo5fjfaKY6','vol.240@resqnet.local','volunteer',0);
INSERT INTO `volunteers` (`user_id`,`name`,`age`,`gender`,`contact_number`,`house_no`,`street`,`city`,`district`,`gn_division`) VALUES (523,'Lahiru Jayawardena',18,'other','0790087067','156','River Rd','Pathadumbara','Kandy District','Pathadumbara');
INSERT INTO `skills_volunteers` (`user_id`,`skill_id`) VALUES (523,2);
INSERT INTO `volunteer_preference_volunteers` (`user_id`,`preference_id`) VALUES (523,6);
INSERT INTO `volunteer_preference_volunteers` (`user_id`,`preference_id`) VALUES (523,8);
INSERT INTO `users` (`user_id`,`username`,`password_hash`,`email`,`role`,`active`) VALUES (524,'vol_panvila_1','$2y$10$iiFpvIL1hfaNBYMBhqKCYuge5zWIk4DisB4TvHrBlzmuo5fjfaKY6','vol.241@resqnet.local','volunteer',1);
INSERT INTO `volunteers` (`user_id`,`name`,`age`,`gender`,`contact_number`,`house_no`,`street`,`city`,`district`,`gn_division`) VALUES (524,'Sunil Jayawardena',52,'male','0740924901','108','River Rd','Panvila','Kandy District','Panvila');
INSERT INTO `skills_volunteers` (`user_id`,`skill_id`) VALUES (524,1);
INSERT INTO `skills_volunteers` (`user_id`,`skill_id`) VALUES (524,2);
INSERT INTO `skills_volunteers` (`user_id`,`skill_id`) VALUES (524,3);
INSERT INTO `volunteer_preference_volunteers` (`user_id`,`preference_id`) VALUES (524,8);
INSERT INTO `users` (`user_id`,`username`,`password_hash`,`email`,`role`,`active`) VALUES (525,'vol_panvila_2','$2y$10$iiFpvIL1hfaNBYMBhqKCYuge5zWIk4DisB4TvHrBlzmuo5fjfaKY6','vol.242@resqnet.local','volunteer',1);
INSERT INTO `volunteers` (`user_id`,`name`,`age`,`gender`,`contact_number`,`house_no`,`street`,`city`,`district`,`gn_division`) VALUES (525,'Chamari Senanayake',52,'female','0757523654','142','Temple Rd','Panvila','Kandy District','Panvila');
INSERT INTO `skills_volunteers` (`user_id`,`skill_id`) VALUES (525,1);
INSERT INTO `skills_volunteers` (`user_id`,`skill_id`) VALUES (525,2);
INSERT INTO `skills_volunteers` (`user_id`,`skill_id`) VALUES (525,5);
INSERT INTO `volunteer_preference_volunteers` (`user_id`,`preference_id`) VALUES (525,7);
INSERT INTO `users` (`user_id`,`username`,`password_hash`,`email`,`role`,`active`) VALUES (526,'vol_panvila_3','$2y$10$iiFpvIL1hfaNBYMBhqKCYuge5zWIk4DisB4TvHrBlzmuo5fjfaKY6','vol.243@resqnet.local','volunteer',1);
INSERT INTO `volunteers` (`user_id`,`name`,`age`,`gender`,`contact_number`,`house_no`,`street`,`city`,`district`,`gn_division`) VALUES (526,'Dinesh Karunaratne',51,'other','0722488288','68','Market Rd','Panvila','Kandy District','Panvila');
INSERT INTO `skills_volunteers` (`user_id`,`skill_id`) VALUES (526,3);
INSERT INTO `volunteer_preference_volunteers` (`user_id`,`preference_id`) VALUES (526,2);
INSERT INTO `volunteer_preference_volunteers` (`user_id`,`preference_id`) VALUES (526,4);
INSERT INTO `volunteer_preference_volunteers` (`user_id`,`preference_id`) VALUES (526,7);
INSERT INTO `users` (`user_id`,`username`,`password_hash`,`email`,`role`,`active`) VALUES (527,'vol_panvila_4','$2y$10$iiFpvIL1hfaNBYMBhqKCYuge5zWIk4DisB4TvHrBlzmuo5fjfaKY6','vol.244@resqnet.local','volunteer',1);
INSERT INTO `volunteers` (`user_id`,`name`,`age`,`gender`,`contact_number`,`house_no`,`street`,`city`,`district`,`gn_division`) VALUES (527,'Nimal Pathirana',32,'male','0752730245','77','Temple Rd','Panvila','Kandy District','Panvila');
INSERT INTO `skills_volunteers` (`user_id`,`skill_id`) VALUES (527,2);
INSERT INTO `skills_volunteers` (`user_id`,`skill_id`) VALUES (527,4);
INSERT INTO `volunteer_preference_volunteers` (`user_id`,`preference_id`) VALUES (527,2);
INSERT INTO `volunteer_preference_volunteers` (`user_id`,`preference_id`) VALUES (527,4);
INSERT INTO `users` (`user_id`,`username`,`password_hash`,`email`,`role`,`active`) VALUES (528,'vol_panvila_5','$2y$10$iiFpvIL1hfaNBYMBhqKCYuge5zWIk4DisB4TvHrBlzmuo5fjfaKY6','vol.245@resqnet.local','volunteer',0);
INSERT INTO `volunteers` (`user_id`,`name`,`age`,`gender`,`contact_number`,`house_no`,`street`,`city`,`district`,`gn_division`) VALUES (528,'Gayani Wijesinghe',39,'female','0735091742','48','Garden Ln','Panvila','Kandy District','Panvila');
INSERT INTO `skills_volunteers` (`user_id`,`skill_id`) VALUES (528,2);
INSERT INTO `skills_volunteers` (`user_id`,`skill_id`) VALUES (528,4);
INSERT INTO `volunteer_preference_volunteers` (`user_id`,`preference_id`) VALUES (528,8);
INSERT INTO `users` (`user_id`,`username`,`password_hash`,`email`,`role`,`active`) VALUES (529,'vol_ududumbara_1','$2y$10$iiFpvIL1hfaNBYMBhqKCYuge5zWIk4DisB4TvHrBlzmuo5fjfaKY6','vol.246@resqnet.local','volunteer',1);
INSERT INTO `volunteers` (`user_id`,`name`,`age`,`gender`,`contact_number`,`house_no`,`street`,`city`,`district`,`gn_division`) VALUES (529,'Sunil Fernando',28,'other','0780366267','12','Hill St','Ududumbara','Kandy District','Ududumbara');
INSERT INTO `skills_volunteers` (`user_id`,`skill_id`) VALUES (529,3);
INSERT INTO `skills_volunteers` (`user_id`,`skill_id`) VALUES (529,4);
INSERT INTO `skills_volunteers` (`user_id`,`skill_id`) VALUES (529,6);
INSERT INTO `volunteer_preference_volunteers` (`user_id`,`preference_id`) VALUES (529,4);
INSERT INTO `volunteer_preference_volunteers` (`user_id`,`preference_id`) VALUES (529,6);
INSERT INTO `users` (`user_id`,`username`,`password_hash`,`email`,`role`,`active`) VALUES (530,'vol_ududumbara_2','$2y$10$iiFpvIL1hfaNBYMBhqKCYuge5zWIk4DisB4TvHrBlzmuo5fjfaKY6','vol.247@resqnet.local','volunteer',1);
INSERT INTO `volunteers` (`user_id`,`name`,`age`,`gender`,`contact_number`,`house_no`,`street`,`city`,`district`,`gn_division`) VALUES (530,'Dinesh Jayawardena',30,'male','0773355176','35','Main St','Ududumbara','Kandy District','Ududumbara');
INSERT INTO `skills_volunteers` (`user_id`,`skill_id`) VALUES (530,1);
INSERT INTO `skills_volunteers` (`user_id`,`skill_id`) VALUES (530,3);
INSERT INTO `skills_volunteers` (`user_id`,`skill_id`) VALUES (530,5);
INSERT INTO `volunteer_preference_volunteers` (`user_id`,`preference_id`) VALUES (530,5);
INSERT INTO `users` (`user_id`,`username`,`password_hash`,`email`,`role`,`active`) VALUES (531,'vol_ududumbara_3','$2y$10$iiFpvIL1hfaNBYMBhqKCYuge5zWIk4DisB4TvHrBlzmuo5fjfaKY6','vol.248@resqnet.local','volunteer',1);
INSERT INTO `volunteers` (`user_id`,`name`,`age`,`gender`,`contact_number`,`house_no`,`street`,`city`,`district`,`gn_division`) VALUES (531,'Ayesha Perera',40,'female','0765893810','169','Main St','Ududumbara','Kandy District','Ududumbara');
INSERT INTO `skills_volunteers` (`user_id`,`skill_id`) VALUES (531,6);
INSERT INTO `volunteer_preference_volunteers` (`user_id`,`preference_id`) VALUES (531,3);
INSERT INTO `volunteer_preference_volunteers` (`user_id`,`preference_id`) VALUES (531,8);
INSERT INTO `users` (`user_id`,`username`,`password_hash`,`email`,`role`,`active`) VALUES (532,'vol_ududumbara_4','$2y$10$iiFpvIL1hfaNBYMBhqKCYuge5zWIk4DisB4TvHrBlzmuo5fjfaKY6','vol.249@resqnet.local','volunteer',1);
INSERT INTO `volunteers` (`user_id`,`name`,`age`,`gender`,`contact_number`,`house_no`,`street`,`city`,`district`,`gn_division`) VALUES (532,'Ashan Mendis',36,'other','0733802611','59','School Ln','Ududumbara','Kandy District','Ududumbara');
INSERT INTO `skills_volunteers` (`user_id`,`skill_id`) VALUES (532,1);
INSERT INTO `skills_volunteers` (`user_id`,`skill_id`) VALUES (532,6);
INSERT INTO `volunteer_preference_volunteers` (`user_id`,`preference_id`) VALUES (532,1);
INSERT INTO `volunteer_preference_volunteers` (`user_id`,`preference_id`) VALUES (532,4);
INSERT INTO `volunteer_preference_volunteers` (`user_id`,`preference_id`) VALUES (532,8);
INSERT INTO `users` (`user_id`,`username`,`password_hash`,`email`,`role`,`active`) VALUES (533,'vol_ududumbara_5','$2y$10$iiFpvIL1hfaNBYMBhqKCYuge5zWIk4DisB4TvHrBlzmuo5fjfaKY6','vol.250@resqnet.local','volunteer',0);
INSERT INTO `volunteers` (`user_id`,`name`,`age`,`gender`,`contact_number`,`house_no`,`street`,`city`,`district`,`gn_division`) VALUES (533,'Ranjith Silva',26,'male','0710561463','64','Market Rd','Ududumbara','Kandy District','Ududumbara');
INSERT INTO `skills_volunteers` (`user_id`,`skill_id`) VALUES (533,6);
INSERT INTO `volunteer_preference_volunteers` (`user_id`,`preference_id`) VALUES (533,2);
INSERT INTO `volunteer_preference_volunteers` (`user_id`,`preference_id`) VALUES (533,6);
INSERT INTO `volunteer_preference_volunteers` (`user_id`,`preference_id`) VALUES (533,8);
INSERT INTO `users` (`user_id`,`username`,`password_hash`,`email`,`role`,`active`) VALUES (534,'vol_minipe_1','$2y$10$iiFpvIL1hfaNBYMBhqKCYuge5zWIk4DisB4TvHrBlzmuo5fjfaKY6','vol.251@resqnet.local','volunteer',1);
INSERT INTO `volunteers` (`user_id`,`name`,`age`,`gender`,`contact_number`,`house_no`,`street`,`city`,`district`,`gn_division`) VALUES (534,'Kavisha Weerasinghe',38,'female','0749300801','140','Garden Ln','Minipe','Kandy District','Minipe');
INSERT INTO `skills_volunteers` (`user_id`,`skill_id`) VALUES (534,3);
INSERT INTO `skills_volunteers` (`user_id`,`skill_id`) VALUES (534,4);
INSERT INTO `skills_volunteers` (`user_id`,`skill_id`) VALUES (534,5);
INSERT INTO `volunteer_preference_volunteers` (`user_id`,`preference_id`) VALUES (534,4);
INSERT INTO `users` (`user_id`,`username`,`password_hash`,`email`,`role`,`active`) VALUES (535,'vol_minipe_2','$2y$10$iiFpvIL1hfaNBYMBhqKCYuge5zWIk4DisB4TvHrBlzmuo5fjfaKY6','vol.252@resqnet.local','volunteer',1);
INSERT INTO `volunteers` (`user_id`,`name`,`age`,`gender`,`contact_number`,`house_no`,`street`,`city`,`district`,`gn_division`) VALUES (535,'Sunil Ekanayake',24,'other','0793991763','100','Main St','Minipe','Kandy District','Minipe');
INSERT INTO `skills_volunteers` (`user_id`,`skill_id`) VALUES (535,4);
INSERT INTO `volunteer_preference_volunteers` (`user_id`,`preference_id`) VALUES (535,3);
INSERT INTO `volunteer_preference_volunteers` (`user_id`,`preference_id`) VALUES (535,5);
INSERT INTO `volunteer_preference_volunteers` (`user_id`,`preference_id`) VALUES (535,7);
INSERT INTO `users` (`user_id`,`username`,`password_hash`,`email`,`role`,`active`) VALUES (536,'vol_minipe_3','$2y$10$iiFpvIL1hfaNBYMBhqKCYuge5zWIk4DisB4TvHrBlzmuo5fjfaKY6','vol.253@resqnet.local','volunteer',1);
INSERT INTO `volunteers` (`user_id`,`name`,`age`,`gender`,`contact_number`,`house_no`,`street`,`city`,`district`,`gn_division`) VALUES (536,'Sahan Gunasekara',31,'male','0717358482','166','Garden Ln','Minipe','Kandy District','Minipe');
INSERT INTO `skills_volunteers` (`user_id`,`skill_id`) VALUES (536,2);
INSERT INTO `skills_volunteers` (`user_id`,`skill_id`) VALUES (536,4);
INSERT INTO `volunteer_preference_volunteers` (`user_id`,`preference_id`) VALUES (536,3);
INSERT INTO `volunteer_preference_volunteers` (`user_id`,`preference_id`) VALUES (536,8);
INSERT INTO `users` (`user_id`,`username`,`password_hash`,`email`,`role`,`active`) VALUES (537,'vol_minipe_4','$2y$10$iiFpvIL1hfaNBYMBhqKCYuge5zWIk4DisB4TvHrBlzmuo5fjfaKY6','vol.254@resqnet.local','volunteer',1);
INSERT INTO `volunteers` (`user_id`,`name`,`age`,`gender`,`contact_number`,`house_no`,`street`,`city`,`district`,`gn_division`) VALUES (537,'Dulani Cooray',51,'female','0745012169','81','Station Rd','Minipe','Kandy District','Minipe');
INSERT INTO `skills_volunteers` (`user_id`,`skill_id`) VALUES (537,2);
INSERT INTO `skills_volunteers` (`user_id`,`skill_id`) VALUES (537,5);
INSERT INTO `volunteer_preference_volunteers` (`user_id`,`preference_id`) VALUES (537,3);
INSERT INTO `volunteer_preference_volunteers` (`user_id`,`preference_id`) VALUES (537,7);
INSERT INTO `users` (`user_id`,`username`,`password_hash`,`email`,`role`,`active`) VALUES (538,'vol_minipe_5','$2y$10$iiFpvIL1hfaNBYMBhqKCYuge5zWIk4DisB4TvHrBlzmuo5fjfaKY6','vol.255@resqnet.local','volunteer',0);
INSERT INTO `volunteers` (`user_id`,`name`,`age`,`gender`,`contact_number`,`house_no`,`street`,`city`,`district`,`gn_division`) VALUES (538,'Ashan Dissanayake',25,'other','0755931146','70','Lake Rd','Minipe','Kandy District','Minipe');
INSERT INTO `skills_volunteers` (`user_id`,`skill_id`) VALUES (538,3);
INSERT INTO `skills_volunteers` (`user_id`,`skill_id`) VALUES (538,4);
INSERT INTO `volunteer_preference_volunteers` (`user_id`,`preference_id`) VALUES (538,1);
INSERT INTO `volunteer_preference_volunteers` (`user_id`,`preference_id`) VALUES (538,3);
INSERT INTO `volunteer_preference_volunteers` (`user_id`,`preference_id`) VALUES (538,4);
INSERT INTO `users` (`user_id`,`username`,`password_hash`,`email`,`role`,`active`) VALUES (539,'vol_medadumbara_1','$2y$10$iiFpvIL1hfaNBYMBhqKCYuge5zWIk4DisB4TvHrBlzmuo5fjfaKY6','vol.256@resqnet.local','volunteer',1);
INSERT INTO `volunteers` (`user_id`,`name`,`age`,`gender`,`contact_number`,`house_no`,`street`,`city`,`district`,`gn_division`) VALUES (539,'Lahiru Herath',36,'male','0766079377','85','River Rd','Medadumbara','Kandy District','Medadumbara');
INSERT INTO `skills_volunteers` (`user_id`,`skill_id`) VALUES (539,1);
INSERT INTO `skills_volunteers` (`user_id`,`skill_id`) VALUES (539,5);
INSERT INTO `skills_volunteers` (`user_id`,`skill_id`) VALUES (539,6);
INSERT INTO `volunteer_preference_volunteers` (`user_id`,`preference_id`) VALUES (539,2);
INSERT INTO `users` (`user_id`,`username`,`password_hash`,`email`,`role`,`active`) VALUES (540,'vol_medadumbara_2','$2y$10$iiFpvIL1hfaNBYMBhqKCYuge5zWIk4DisB4TvHrBlzmuo5fjfaKY6','vol.257@resqnet.local','volunteer',1);
INSERT INTO `volunteers` (`user_id`,`name`,`age`,`gender`,`contact_number`,`house_no`,`street`,`city`,`district`,`gn_division`) VALUES (540,'Kumari Dissanayake',30,'female','0713065756','150','Hill St','Medadumbara','Kandy District','Medadumbara');
INSERT INTO `skills_volunteers` (`user_id`,`skill_id`) VALUES (540,1);
INSERT INTO `skills_volunteers` (`user_id`,`skill_id`) VALUES (540,2);
INSERT INTO `skills_volunteers` (`user_id`,`skill_id`) VALUES (540,4);
INSERT INTO `volunteer_preference_volunteers` (`user_id`,`preference_id`) VALUES (540,3);
INSERT INTO `users` (`user_id`,`username`,`password_hash`,`email`,`role`,`active`) VALUES (541,'vol_medadumbara_3','$2y$10$iiFpvIL1hfaNBYMBhqKCYuge5zWIk4DisB4TvHrBlzmuo5fjfaKY6','vol.258@resqnet.local','volunteer',1);
INSERT INTO `volunteers` (`user_id`,`name`,`age`,`gender`,`contact_number`,`house_no`,`street`,`city`,`district`,`gn_division`) VALUES (541,'Roshan Pathirana',45,'other','0780269360','85','School Ln','Medadumbara','Kandy District','Medadumbara');
INSERT INTO `skills_volunteers` (`user_id`,`skill_id`) VALUES (541,4);
INSERT INTO `skills_volunteers` (`user_id`,`skill_id`) VALUES (541,6);
INSERT INTO `volunteer_preference_volunteers` (`user_id`,`preference_id`) VALUES (541,7);
INSERT INTO `users` (`user_id`,`username`,`password_hash`,`email`,`role`,`active`) VALUES (542,'vol_medadumbara_4','$2y$10$iiFpvIL1hfaNBYMBhqKCYuge5zWIk4DisB4TvHrBlzmuo5fjfaKY6','vol.259@resqnet.local','volunteer',1);
INSERT INTO `volunteers` (`user_id`,`name`,`age`,`gender`,`contact_number`,`house_no`,`street`,`city`,`district`,`gn_division`) VALUES (542,'Roshan Jayawardena',32,'male','0723466858','149','Hill St','Medadumbara','Kandy District','Medadumbara');
INSERT INTO `skills_volunteers` (`user_id`,`skill_id`) VALUES (542,1);
INSERT INTO `skills_volunteers` (`user_id`,`skill_id`) VALUES (542,4);
INSERT INTO `skills_volunteers` (`user_id`,`skill_id`) VALUES (542,5);
INSERT INTO `volunteer_preference_volunteers` (`user_id`,`preference_id`) VALUES (542,2);
INSERT INTO `volunteer_preference_volunteers` (`user_id`,`preference_id`) VALUES (542,5);
INSERT INTO `users` (`user_id`,`username`,`password_hash`,`email`,`role`,`active`) VALUES (543,'vol_medadumbara_5','$2y$10$iiFpvIL1hfaNBYMBhqKCYuge5zWIk4DisB4TvHrBlzmuo5fjfaKY6','vol.260@resqnet.local','volunteer',0);
INSERT INTO `volunteers` (`user_id`,`name`,`age`,`gender`,`contact_number`,`house_no`,`street`,`city`,`district`,`gn_division`) VALUES (543,'Gayani Samarasinghe',52,'female','0769645972','47','Garden Ln','Medadumbara','Kandy District','Medadumbara');
INSERT INTO `skills_volunteers` (`user_id`,`skill_id`) VALUES (543,5);
INSERT INTO `volunteer_preference_volunteers` (`user_id`,`preference_id`) VALUES (543,2);
INSERT INTO `volunteer_preference_volunteers` (`user_id`,`preference_id`) VALUES (543,3);
INSERT INTO `volunteer_preference_volunteers` (`user_id`,`preference_id`) VALUES (543,5);
INSERT INTO `users` (`user_id`,`username`,`password_hash`,`email`,`role`,`active`) VALUES (544,'vol_kundasale_1','$2y$10$iiFpvIL1hfaNBYMBhqKCYuge5zWIk4DisB4TvHrBlzmuo5fjfaKY6','vol.261@resqnet.local','volunteer',1);
INSERT INTO `volunteers` (`user_id`,`name`,`age`,`gender`,`contact_number`,`house_no`,`street`,`city`,`district`,`gn_division`) VALUES (544,'Nimal Karunaratne',23,'other','0731119511','27','Hill St','Kundasale','Kandy District','Kundasale');
INSERT INTO `skills_volunteers` (`user_id`,`skill_id`) VALUES (544,1);
INSERT INTO `volunteer_preference_volunteers` (`user_id`,`preference_id`) VALUES (544,2);
INSERT INTO `users` (`user_id`,`username`,`password_hash`,`email`,`role`,`active`) VALUES (545,'vol_kundasale_2','$2y$10$iiFpvIL1hfaNBYMBhqKCYuge5zWIk4DisB4TvHrBlzmuo5fjfaKY6','vol.262@resqnet.local','volunteer',1);
INSERT INTO `volunteers` (`user_id`,`name`,`age`,`gender`,`contact_number`,`house_no`,`street`,`city`,`district`,`gn_division`) VALUES (545,'Chaminda Bandara',30,'male','0742336984','178','Main St','Kundasale','Kandy District','Kundasale');
INSERT INTO `skills_volunteers` (`user_id`,`skill_id`) VALUES (545,2);
INSERT INTO `volunteer_preference_volunteers` (`user_id`,`preference_id`) VALUES (545,2);
INSERT INTO `volunteer_preference_volunteers` (`user_id`,`preference_id`) VALUES (545,3);
INSERT INTO `volunteer_preference_volunteers` (`user_id`,`preference_id`) VALUES (545,8);
INSERT INTO `users` (`user_id`,`username`,`password_hash`,`email`,`role`,`active`) VALUES (546,'vol_kundasale_3','$2y$10$iiFpvIL1hfaNBYMBhqKCYuge5zWIk4DisB4TvHrBlzmuo5fjfaKY6','vol.263@resqnet.local','volunteer',1);
INSERT INTO `volunteers` (`user_id`,`name`,`age`,`gender`,`contact_number`,`house_no`,`street`,`city`,`district`,`gn_division`) VALUES (546,'Sewwandi Bandara',28,'female','0731898004','32','Station Rd','Kundasale','Kandy District','Kundasale');
INSERT INTO `skills_volunteers` (`user_id`,`skill_id`) VALUES (546,2);
INSERT INTO `skills_volunteers` (`user_id`,`skill_id`) VALUES (546,6);
INSERT INTO `volunteer_preference_volunteers` (`user_id`,`preference_id`) VALUES (546,3);
INSERT INTO `volunteer_preference_volunteers` (`user_id`,`preference_id`) VALUES (546,6);
INSERT INTO `volunteer_preference_volunteers` (`user_id`,`preference_id`) VALUES (546,7);
INSERT INTO `users` (`user_id`,`username`,`password_hash`,`email`,`role`,`active`) VALUES (547,'vol_kundasale_4','$2y$10$iiFpvIL1hfaNBYMBhqKCYuge5zWIk4DisB4TvHrBlzmuo5fjfaKY6','vol.264@resqnet.local','volunteer',1);
INSERT INTO `volunteers` (`user_id`,`name`,`age`,`gender`,`contact_number`,`house_no`,`street`,`city`,`district`,`gn_division`) VALUES (547,'Dasun Senanayake',24,'other','0718366743','38','River Rd','Kundasale','Kandy District','Kundasale');
INSERT INTO `skills_volunteers` (`user_id`,`skill_id`) VALUES (547,2);
INSERT INTO `skills_volunteers` (`user_id`,`skill_id`) VALUES (547,3);
INSERT INTO `volunteer_preference_volunteers` (`user_id`,`preference_id`) VALUES (547,4);
INSERT INTO `volunteer_preference_volunteers` (`user_id`,`preference_id`) VALUES (547,6);
INSERT INTO `volunteer_preference_volunteers` (`user_id`,`preference_id`) VALUES (547,8);
INSERT INTO `users` (`user_id`,`username`,`password_hash`,`email`,`role`,`active`) VALUES (548,'vol_kundasale_5','$2y$10$iiFpvIL1hfaNBYMBhqKCYuge5zWIk4DisB4TvHrBlzmuo5fjfaKY6','vol.265@resqnet.local','volunteer',0);
INSERT INTO `volunteers` (`user_id`,`name`,`age`,`gender`,`contact_number`,`house_no`,`street`,`city`,`district`,`gn_division`) VALUES (548,'Dasun Gunasekara',35,'male','0763276307','188','Lake Rd','Kundasale','Kandy District','Kundasale');
INSERT INTO `skills_volunteers` (`user_id`,`skill_id`) VALUES (548,3);
INSERT INTO `skills_volunteers` (`user_id`,`skill_id`) VALUES (548,5);
INSERT INTO `volunteer_preference_volunteers` (`user_id`,`preference_id`) VALUES (548,3);
INSERT INTO `volunteer_preference_volunteers` (`user_id`,`preference_id`) VALUES (548,7);
INSERT INTO `volunteer_preference_volunteers` (`user_id`,`preference_id`) VALUES (548,8);
INSERT INTO `users` (`user_id`,`username`,`password_hash`,`email`,`role`,`active`) VALUES (549,'vol_kandy_four_gravets_1','$2y$10$iiFpvIL1hfaNBYMBhqKCYuge5zWIk4DisB4TvHrBlzmuo5fjfaKY6','vol.266@resqnet.local','volunteer',1);
INSERT INTO `volunteers` (`user_id`,`name`,`age`,`gender`,`contact_number`,`house_no`,`street`,`city`,`district`,`gn_division`) VALUES (549,'Iresha Weerasinghe',31,'female','0769239297','161','Station Rd','Kandy Four Gravets','Kandy District','Kandy Four Gravets');
INSERT INTO `skills_volunteers` (`user_id`,`skill_id`) VALUES (549,1);
INSERT INTO `skills_volunteers` (`user_id`,`skill_id`) VALUES (549,3);
INSERT INTO `skills_volunteers` (`user_id`,`skill_id`) VALUES (549,5);
INSERT INTO `volunteer_preference_volunteers` (`user_id`,`preference_id`) VALUES (549,3);
INSERT INTO `volunteer_preference_volunteers` (`user_id`,`preference_id`) VALUES (549,4);
INSERT INTO `users` (`user_id`,`username`,`password_hash`,`email`,`role`,`active`) VALUES (550,'vol_kandy_four_gravets_2','$2y$10$iiFpvIL1hfaNBYMBhqKCYuge5zWIk4DisB4TvHrBlzmuo5fjfaKY6','vol.267@resqnet.local','volunteer',1);
INSERT INTO `volunteers` (`user_id`,`name`,`age`,`gender`,`contact_number`,`house_no`,`street`,`city`,`district`,`gn_division`) VALUES (550,'Kamal Wijesinghe',26,'other','0748137092','143','Station Rd','Kandy Four Gravets','Kandy District','Kandy Four Gravets');
INSERT INTO `skills_volunteers` (`user_id`,`skill_id`) VALUES (550,5);
INSERT INTO `volunteer_preference_volunteers` (`user_id`,`preference_id`) VALUES (550,3);
INSERT INTO `volunteer_preference_volunteers` (`user_id`,`preference_id`) VALUES (550,4);
INSERT INTO `volunteer_preference_volunteers` (`user_id`,`preference_id`) VALUES (550,8);
INSERT INTO `users` (`user_id`,`username`,`password_hash`,`email`,`role`,`active`) VALUES (551,'vol_kandy_four_gravets_3','$2y$10$iiFpvIL1hfaNBYMBhqKCYuge5zWIk4DisB4TvHrBlzmuo5fjfaKY6','vol.268@resqnet.local','volunteer',1);
INSERT INTO `volunteers` (`user_id`,`name`,`age`,`gender`,`contact_number`,`house_no`,`street`,`city`,`district`,`gn_division`) VALUES (551,'Lahiru Samarasinghe',39,'male','0774855989','160','Church Rd','Kandy Four Gravets','Kandy District','Kandy Four Gravets');
INSERT INTO `skills_volunteers` (`user_id`,`skill_id`) VALUES (551,2);
INSERT INTO `skills_volunteers` (`user_id`,`skill_id`) VALUES (551,3);
INSERT INTO `volunteer_preference_volunteers` (`user_id`,`preference_id`) VALUES (551,4);
INSERT INTO `users` (`user_id`,`username`,`password_hash`,`email`,`role`,`active`) VALUES (552,'vol_kandy_four_gravets_4','$2y$10$iiFpvIL1hfaNBYMBhqKCYuge5zWIk4DisB4TvHrBlzmuo5fjfaKY6','vol.269@resqnet.local','volunteer',1);
INSERT INTO `volunteers` (`user_id`,`name`,`age`,`gender`,`contact_number`,`house_no`,`street`,`city`,`district`,`gn_division`) VALUES (552,'Kavisha Cooray',46,'female','0716628431','14','Main St','Kandy Four Gravets','Kandy District','Kandy Four Gravets');
INSERT INTO `skills_volunteers` (`user_id`,`skill_id`) VALUES (552,5);
INSERT INTO `skills_volunteers` (`user_id`,`skill_id`) VALUES (552,6);
INSERT INTO `volunteer_preference_volunteers` (`user_id`,`preference_id`) VALUES (552,3);
INSERT INTO `volunteer_preference_volunteers` (`user_id`,`preference_id`) VALUES (552,7);
INSERT INTO `users` (`user_id`,`username`,`password_hash`,`email`,`role`,`active`) VALUES (553,'vol_kandy_four_gravets_5','$2y$10$iiFpvIL1hfaNBYMBhqKCYuge5zWIk4DisB4TvHrBlzmuo5fjfaKY6','vol.270@resqnet.local','volunteer',0);
INSERT INTO `volunteers` (`user_id`,`name`,`age`,`gender`,`contact_number`,`house_no`,`street`,`city`,`district`,`gn_division`) VALUES (553,'Ashan Perera',20,'other','0774659285','124','Station Rd','Kandy Four Gravets','Kandy District','Kandy Four Gravets');
INSERT INTO `skills_volunteers` (`user_id`,`skill_id`) VALUES (553,2);
INSERT INTO `volunteer_preference_volunteers` (`user_id`,`preference_id`) VALUES (553,8);
INSERT INTO `users` (`user_id`,`username`,`password_hash`,`email`,`role`,`active`) VALUES (554,'vol_gangawata_korale_1','$2y$10$iiFpvIL1hfaNBYMBhqKCYuge5zWIk4DisB4TvHrBlzmuo5fjfaKY6','vol.271@resqnet.local','volunteer',1);
INSERT INTO `volunteers` (`user_id`,`name`,`age`,`gender`,`contact_number`,`house_no`,`street`,`city`,`district`,`gn_division`) VALUES (554,'Dasun Bandara',45,'male','0744125179','58','River Rd','Gangawata Korale','Kandy District','Gangawata Korale');
INSERT INTO `skills_volunteers` (`user_id`,`skill_id`) VALUES (554,1);
INSERT INTO `volunteer_preference_volunteers` (`user_id`,`preference_id`) VALUES (554,2);
INSERT INTO `volunteer_preference_volunteers` (`user_id`,`preference_id`) VALUES (554,7);
INSERT INTO `users` (`user_id`,`username`,`password_hash`,`email`,`role`,`active`) VALUES (555,'vol_gangawata_korale_2','$2y$10$iiFpvIL1hfaNBYMBhqKCYuge5zWIk4DisB4TvHrBlzmuo5fjfaKY6','vol.272@resqnet.local','volunteer',1);
INSERT INTO `volunteers` (`user_id`,`name`,`age`,`gender`,`contact_number`,`house_no`,`street`,`city`,`district`,`gn_division`) VALUES (555,'Sachini Dissanayake',46,'female','0783692644','88','Garden Ln','Gangawata Korale','Kandy District','Gangawata Korale');
INSERT INTO `skills_volunteers` (`user_id`,`skill_id`) VALUES (555,1);
INSERT INTO `skills_volunteers` (`user_id`,`skill_id`) VALUES (555,4);
INSERT INTO `skills_volunteers` (`user_id`,`skill_id`) VALUES (555,6);
INSERT INTO `volunteer_preference_volunteers` (`user_id`,`preference_id`) VALUES (555,1);
INSERT INTO `volunteer_preference_volunteers` (`user_id`,`preference_id`) VALUES (555,2);
INSERT INTO `volunteer_preference_volunteers` (`user_id`,`preference_id`) VALUES (555,3);
INSERT INTO `users` (`user_id`,`username`,`password_hash`,`email`,`role`,`active`) VALUES (556,'vol_gangawata_korale_3','$2y$10$iiFpvIL1hfaNBYMBhqKCYuge5zWIk4DisB4TvHrBlzmuo5fjfaKY6','vol.273@resqnet.local','volunteer',1);
INSERT INTO `volunteers` (`user_id`,`name`,`age`,`gender`,`contact_number`,`house_no`,`street`,`city`,`district`,`gn_division`) VALUES (556,'Tharaka Mendis',38,'other','0788514825','55','Garden Ln','Gangawata Korale','Kandy District','Gangawata Korale');
INSERT INTO `skills_volunteers` (`user_id`,`skill_id`) VALUES (556,1);
INSERT INTO `skills_volunteers` (`user_id`,`skill_id`) VALUES (556,4);
INSERT INTO `skills_volunteers` (`user_id`,`skill_id`) VALUES (556,5);
INSERT INTO `volunteer_preference_volunteers` (`user_id`,`preference_id`) VALUES (556,6);
INSERT INTO `volunteer_preference_volunteers` (`user_id`,`preference_id`) VALUES (556,7);
INSERT INTO `volunteer_preference_volunteers` (`user_id`,`preference_id`) VALUES (556,8);
INSERT INTO `users` (`user_id`,`username`,`password_hash`,`email`,`role`,`active`) VALUES (557,'vol_gangawata_korale_4','$2y$10$iiFpvIL1hfaNBYMBhqKCYuge5zWIk4DisB4TvHrBlzmuo5fjfaKY6','vol.274@resqnet.local','volunteer',1);
INSERT INTO `volunteers` (`user_id`,`name`,`age`,`gender`,`contact_number`,`house_no`,`street`,`city`,`district`,`gn_division`) VALUES (557,'Sunil Ekanayake',38,'male','0784668724','126','Church Rd','Gangawata Korale','Kandy District','Gangawata Korale');
INSERT INTO `skills_volunteers` (`user_id`,`skill_id`) VALUES (557,2);
INSERT INTO `skills_volunteers` (`user_id`,`skill_id`) VALUES (557,3);
INSERT INTO `skills_volunteers` (`user_id`,`skill_id`) VALUES (557,5);
INSERT INTO `volunteer_preference_volunteers` (`user_id`,`preference_id`) VALUES (557,3);
INSERT INTO `volunteer_preference_volunteers` (`user_id`,`preference_id`) VALUES (557,6);
INSERT INTO `users` (`user_id`,`username`,`password_hash`,`email`,`role`,`active`) VALUES (558,'vol_gangawata_korale_5','$2y$10$iiFpvIL1hfaNBYMBhqKCYuge5zWIk4DisB4TvHrBlzmuo5fjfaKY6','vol.275@resqnet.local','volunteer',0);
INSERT INTO `volunteers` (`user_id`,`name`,`age`,`gender`,`contact_number`,`house_no`,`street`,`city`,`district`,`gn_division`) VALUES (558,'Nadeesha Wijesinghe',38,'female','0790252290','51','Hill St','Gangawata Korale','Kandy District','Gangawata Korale');
INSERT INTO `skills_volunteers` (`user_id`,`skill_id`) VALUES (558,1);
INSERT INTO `skills_volunteers` (`user_id`,`skill_id`) VALUES (558,5);
INSERT INTO `skills_volunteers` (`user_id`,`skill_id`) VALUES (558,6);
INSERT INTO `volunteer_preference_volunteers` (`user_id`,`preference_id`) VALUES (558,1);
INSERT INTO `volunteer_preference_volunteers` (`user_id`,`preference_id`) VALUES (558,4);
INSERT INTO `users` (`user_id`,`username`,`password_hash`,`email`,`role`,`active`) VALUES (559,'vol_yatinuwara_1','$2y$10$iiFpvIL1hfaNBYMBhqKCYuge5zWIk4DisB4TvHrBlzmuo5fjfaKY6','vol.276@resqnet.local','volunteer',1);
INSERT INTO `volunteers` (`user_id`,`name`,`age`,`gender`,`contact_number`,`house_no`,`street`,`city`,`district`,`gn_division`) VALUES (559,'Lahiru Pathirana',42,'other','0793499005','148','Hill St','Yatinuwara','Kandy District','Yatinuwara');
INSERT INTO `skills_volunteers` (`user_id`,`skill_id`) VALUES (559,1);
INSERT INTO `volunteer_preference_volunteers` (`user_id`,`preference_id`) VALUES (559,2);
INSERT INTO `volunteer_preference_volunteers` (`user_id`,`preference_id`) VALUES (559,5);
INSERT INTO `volunteer_preference_volunteers` (`user_id`,`preference_id`) VALUES (559,8);
INSERT INTO `users` (`user_id`,`username`,`password_hash`,`email`,`role`,`active`) VALUES (560,'vol_yatinuwara_2','$2y$10$iiFpvIL1hfaNBYMBhqKCYuge5zWIk4DisB4TvHrBlzmuo5fjfaKY6','vol.277@resqnet.local','volunteer',1);
INSERT INTO `volunteers` (`user_id`,`name`,`age`,`gender`,`contact_number`,`house_no`,`street`,`city`,`district`,`gn_division`) VALUES (560,'Amila Karunaratne',19,'male','0760413316','136','Market Rd','Yatinuwara','Kandy District','Yatinuwara');
INSERT INTO `skills_volunteers` (`user_id`,`skill_id`) VALUES (560,2);
INSERT INTO `skills_volunteers` (`user_id`,`skill_id`) VALUES (560,3);
INSERT INTO `volunteer_preference_volunteers` (`user_id`,`preference_id`) VALUES (560,1);
INSERT INTO `volunteer_preference_volunteers` (`user_id`,`preference_id`) VALUES (560,3);
INSERT INTO `users` (`user_id`,`username`,`password_hash`,`email`,`role`,`active`) VALUES (561,'vol_yatinuwara_3','$2y$10$iiFpvIL1hfaNBYMBhqKCYuge5zWIk4DisB4TvHrBlzmuo5fjfaKY6','vol.278@resqnet.local','volunteer',1);
INSERT INTO `volunteers` (`user_id`,`name`,`age`,`gender`,`contact_number`,`house_no`,`street`,`city`,`district`,`gn_division`) VALUES (561,'Nimali Rathnayake',51,'female','0746248901','33','Market Rd','Yatinuwara','Kandy District','Yatinuwara');
INSERT INTO `skills_volunteers` (`user_id`,`skill_id`) VALUES (561,2);
INSERT INTO `skills_volunteers` (`user_id`,`skill_id`) VALUES (561,5);
INSERT INTO `skills_volunteers` (`user_id`,`skill_id`) VALUES (561,6);
INSERT INTO `volunteer_preference_volunteers` (`user_id`,`preference_id`) VALUES (561,3);
INSERT INTO `users` (`user_id`,`username`,`password_hash`,`email`,`role`,`active`) VALUES (562,'vol_yatinuwara_4','$2y$10$iiFpvIL1hfaNBYMBhqKCYuge5zWIk4DisB4TvHrBlzmuo5fjfaKY6','vol.279@resqnet.local','volunteer',1);
INSERT INTO `volunteers` (`user_id`,`name`,`age`,`gender`,`contact_number`,`house_no`,`street`,`city`,`district`,`gn_division`) VALUES (562,'Sunil Pathirana',46,'other','0784354225','75','River Rd','Yatinuwara','Kandy District','Yatinuwara');
INSERT INTO `skills_volunteers` (`user_id`,`skill_id`) VALUES (562,2);
INSERT INTO `skills_volunteers` (`user_id`,`skill_id`) VALUES (562,3);
INSERT INTO `skills_volunteers` (`user_id`,`skill_id`) VALUES (562,4);
INSERT INTO `volunteer_preference_volunteers` (`user_id`,`preference_id`) VALUES (562,2);
INSERT INTO `users` (`user_id`,`username`,`password_hash`,`email`,`role`,`active`) VALUES (563,'vol_yatinuwara_5','$2y$10$iiFpvIL1hfaNBYMBhqKCYuge5zWIk4DisB4TvHrBlzmuo5fjfaKY6','vol.280@resqnet.local','volunteer',0);
INSERT INTO `volunteers` (`user_id`,`name`,`age`,`gender`,`contact_number`,`house_no`,`street`,`city`,`district`,`gn_division`) VALUES (563,'Dinesh Perera',49,'male','0726576090','200','River Rd','Yatinuwara','Kandy District','Yatinuwara');
INSERT INTO `skills_volunteers` (`user_id`,`skill_id`) VALUES (563,1);
INSERT INTO `skills_volunteers` (`user_id`,`skill_id`) VALUES (563,4);
INSERT INTO `skills_volunteers` (`user_id`,`skill_id`) VALUES (563,6);
INSERT INTO `volunteer_preference_volunteers` (`user_id`,`preference_id`) VALUES (563,5);
INSERT INTO `volunteer_preference_volunteers` (`user_id`,`preference_id`) VALUES (563,8);
INSERT INTO `users` (`user_id`,`username`,`password_hash`,`email`,`role`,`active`) VALUES (564,'vol_udunuwara_1','$2y$10$iiFpvIL1hfaNBYMBhqKCYuge5zWIk4DisB4TvHrBlzmuo5fjfaKY6','vol.281@resqnet.local','volunteer',1);
INSERT INTO `volunteers` (`user_id`,`name`,`age`,`gender`,`contact_number`,`house_no`,`street`,`city`,`district`,`gn_division`) VALUES (564,'Dilhani Jayawardena',26,'female','0790633297','139','River Rd','Udunuwara','Kandy District','Udunuwara');
INSERT INTO `skills_volunteers` (`user_id`,`skill_id`) VALUES (564,2);
INSERT INTO `skills_volunteers` (`user_id`,`skill_id`) VALUES (564,3);
INSERT INTO `skills_volunteers` (`user_id`,`skill_id`) VALUES (564,5);
INSERT INTO `volunteer_preference_volunteers` (`user_id`,`preference_id`) VALUES (564,4);
INSERT INTO `volunteer_preference_volunteers` (`user_id`,`preference_id`) VALUES (564,6);
INSERT INTO `volunteer_preference_volunteers` (`user_id`,`preference_id`) VALUES (564,7);
INSERT INTO `users` (`user_id`,`username`,`password_hash`,`email`,`role`,`active`) VALUES (565,'vol_udunuwara_2','$2y$10$iiFpvIL1hfaNBYMBhqKCYuge5zWIk4DisB4TvHrBlzmuo5fjfaKY6','vol.282@resqnet.local','volunteer',1);
INSERT INTO `volunteers` (`user_id`,`name`,`age`,`gender`,`contact_number`,`house_no`,`street`,`city`,`district`,`gn_division`) VALUES (565,'Sampath Jayawardena',24,'other','0716025348','76','Station Rd','Udunuwara','Kandy District','Udunuwara');
INSERT INTO `skills_volunteers` (`user_id`,`skill_id`) VALUES (565,3);
INSERT INTO `skills_volunteers` (`user_id`,`skill_id`) VALUES (565,6);
INSERT INTO `volunteer_preference_volunteers` (`user_id`,`preference_id`) VALUES (565,5);
INSERT INTO `volunteer_preference_volunteers` (`user_id`,`preference_id`) VALUES (565,8);
INSERT INTO `users` (`user_id`,`username`,`password_hash`,`email`,`role`,`active`) VALUES (566,'vol_udunuwara_3','$2y$10$iiFpvIL1hfaNBYMBhqKCYuge5zWIk4DisB4TvHrBlzmuo5fjfaKY6','vol.283@resqnet.local','volunteer',1);
INSERT INTO `volunteers` (`user_id`,`name`,`age`,`gender`,`contact_number`,`house_no`,`street`,`city`,`district`,`gn_division`) VALUES (566,'Dinesh Jayawardena',44,'male','0756390637','51','Market Rd','Udunuwara','Kandy District','Udunuwara');
INSERT INTO `skills_volunteers` (`user_id`,`skill_id`) VALUES (566,3);
INSERT INTO `skills_volunteers` (`user_id`,`skill_id`) VALUES (566,5);
INSERT INTO `skills_volunteers` (`user_id`,`skill_id`) VALUES (566,6);
INSERT INTO `volunteer_preference_volunteers` (`user_id`,`preference_id`) VALUES (566,1);
INSERT INTO `users` (`user_id`,`username`,`password_hash`,`email`,`role`,`active`) VALUES (567,'vol_udunuwara_4','$2y$10$iiFpvIL1hfaNBYMBhqKCYuge5zWIk4DisB4TvHrBlzmuo5fjfaKY6','vol.284@resqnet.local','volunteer',1);
INSERT INTO `volunteers` (`user_id`,`name`,`age`,`gender`,`contact_number`,`house_no`,`street`,`city`,`district`,`gn_division`) VALUES (567,'Dulani Bandara',26,'female','0785363362','32','Lake Rd','Udunuwara','Kandy District','Udunuwara');
INSERT INTO `skills_volunteers` (`user_id`,`skill_id`) VALUES (567,1);
INSERT INTO `skills_volunteers` (`user_id`,`skill_id`) VALUES (567,2);
INSERT INTO `skills_volunteers` (`user_id`,`skill_id`) VALUES (567,5);
INSERT INTO `volunteer_preference_volunteers` (`user_id`,`preference_id`) VALUES (567,8);
INSERT INTO `users` (`user_id`,`username`,`password_hash`,`email`,`role`,`active`) VALUES (568,'vol_udunuwara_5','$2y$10$iiFpvIL1hfaNBYMBhqKCYuge5zWIk4DisB4TvHrBlzmuo5fjfaKY6','vol.285@resqnet.local','volunteer',0);
INSERT INTO `volunteers` (`user_id`,`name`,`age`,`gender`,`contact_number`,`house_no`,`street`,`city`,`district`,`gn_division`) VALUES (568,'Kamal Karunaratne',43,'other','0740189157','88','School Ln','Udunuwara','Kandy District','Udunuwara');
INSERT INTO `skills_volunteers` (`user_id`,`skill_id`) VALUES (568,3);
INSERT INTO `skills_volunteers` (`user_id`,`skill_id`) VALUES (568,4);
INSERT INTO `skills_volunteers` (`user_id`,`skill_id`) VALUES (568,5);
INSERT INTO `volunteer_preference_volunteers` (`user_id`,`preference_id`) VALUES (568,1);
INSERT INTO `volunteer_preference_volunteers` (`user_id`,`preference_id`) VALUES (568,3);
INSERT INTO `volunteer_preference_volunteers` (`user_id`,`preference_id`) VALUES (568,6);
INSERT INTO `users` (`user_id`,`username`,`password_hash`,`email`,`role`,`active`) VALUES (569,'vol_doluwa_1','$2y$10$iiFpvIL1hfaNBYMBhqKCYuge5zWIk4DisB4TvHrBlzmuo5fjfaKY6','vol.286@resqnet.local','volunteer',1);
INSERT INTO `volunteers` (`user_id`,`name`,`age`,`gender`,`contact_number`,`house_no`,`street`,`city`,`district`,`gn_division`) VALUES (569,'Nuwan Fernando',54,'male','0740005451','185','School Ln','Doluwa','Kandy District','Doluwa');
INSERT INTO `skills_volunteers` (`user_id`,`skill_id`) VALUES (569,2);
INSERT INTO `skills_volunteers` (`user_id`,`skill_id`) VALUES (569,5);
INSERT INTO `skills_volunteers` (`user_id`,`skill_id`) VALUES (569,6);
INSERT INTO `volunteer_preference_volunteers` (`user_id`,`preference_id`) VALUES (569,8);
INSERT INTO `users` (`user_id`,`username`,`password_hash`,`email`,`role`,`active`) VALUES (570,'vol_doluwa_2','$2y$10$iiFpvIL1hfaNBYMBhqKCYuge5zWIk4DisB4TvHrBlzmuo5fjfaKY6','vol.287@resqnet.local','volunteer',1);
INSERT INTO `volunteers` (`user_id`,`name`,`age`,`gender`,`contact_number`,`house_no`,`street`,`city`,`district`,`gn_division`) VALUES (570,'Dilhani Silva',31,'female','0731996486','142','Lake Rd','Doluwa','Kandy District','Doluwa');
INSERT INTO `skills_volunteers` (`user_id`,`skill_id`) VALUES (570,4);
INSERT INTO `volunteer_preference_volunteers` (`user_id`,`preference_id`) VALUES (570,3);
INSERT INTO `users` (`user_id`,`username`,`password_hash`,`email`,`role`,`active`) VALUES (571,'vol_doluwa_3','$2y$10$iiFpvIL1hfaNBYMBhqKCYuge5zWIk4DisB4TvHrBlzmuo5fjfaKY6','vol.288@resqnet.local','volunteer',1);
INSERT INTO `volunteers` (`user_id`,`name`,`age`,`gender`,`contact_number`,`house_no`,`street`,`city`,`district`,`gn_division`) VALUES (571,'Nuwan Karunaratne',28,'other','0786040648','199','Lake Rd','Doluwa','Kandy District','Doluwa');
INSERT INTO `skills_volunteers` (`user_id`,`skill_id`) VALUES (571,1);
INSERT INTO `skills_volunteers` (`user_id`,`skill_id`) VALUES (571,4);
INSERT INTO `volunteer_preference_volunteers` (`user_id`,`preference_id`) VALUES (571,1);
INSERT INTO `volunteer_preference_volunteers` (`user_id`,`preference_id`) VALUES (571,5);
INSERT INTO `volunteer_preference_volunteers` (`user_id`,`preference_id`) VALUES (571,6);
INSERT INTO `users` (`user_id`,`username`,`password_hash`,`email`,`role`,`active`) VALUES (572,'vol_doluwa_4','$2y$10$iiFpvIL1hfaNBYMBhqKCYuge5zWIk4DisB4TvHrBlzmuo5fjfaKY6','vol.289@resqnet.local','volunteer',1);
INSERT INTO `volunteers` (`user_id`,`name`,`age`,`gender`,`contact_number`,`house_no`,`street`,`city`,`district`,`gn_division`) VALUES (572,'Ishan Dissanayake',27,'male','0739146883','67','Church Rd','Doluwa','Kandy District','Doluwa');
INSERT INTO `skills_volunteers` (`user_id`,`skill_id`) VALUES (572,2);
INSERT INTO `skills_volunteers` (`user_id`,`skill_id`) VALUES (572,3);
INSERT INTO `skills_volunteers` (`user_id`,`skill_id`) VALUES (572,6);
INSERT INTO `volunteer_preference_volunteers` (`user_id`,`preference_id`) VALUES (572,3);
INSERT INTO `users` (`user_id`,`username`,`password_hash`,`email`,`role`,`active`) VALUES (573,'vol_doluwa_5','$2y$10$iiFpvIL1hfaNBYMBhqKCYuge5zWIk4DisB4TvHrBlzmuo5fjfaKY6','vol.290@resqnet.local','volunteer',0);
INSERT INTO `volunteers` (`user_id`,`name`,`age`,`gender`,`contact_number`,`house_no`,`street`,`city`,`district`,`gn_division`) VALUES (573,'Dulani Jayawardena',23,'female','0747322581','156','Lake Rd','Doluwa','Kandy District','Doluwa');
INSERT INTO `skills_volunteers` (`user_id`,`skill_id`) VALUES (573,3);
INSERT INTO `volunteer_preference_volunteers` (`user_id`,`preference_id`) VALUES (573,3);
INSERT INTO `volunteer_preference_volunteers` (`user_id`,`preference_id`) VALUES (573,4);
INSERT INTO `volunteer_preference_volunteers` (`user_id`,`preference_id`) VALUES (573,8);
INSERT INTO `users` (`user_id`,`username`,`password_hash`,`email`,`role`,`active`) VALUES (574,'vol_pathahewaheta_1','$2y$10$iiFpvIL1hfaNBYMBhqKCYuge5zWIk4DisB4TvHrBlzmuo5fjfaKY6','vol.291@resqnet.local','volunteer',1);
INSERT INTO `volunteers` (`user_id`,`name`,`age`,`gender`,`contact_number`,`house_no`,`street`,`city`,`district`,`gn_division`) VALUES (574,'Ashan Liyanage',32,'other','0719382508','149','River Rd','Pathahewaheta','Kandy District','Pathahewaheta');
INSERT INTO `skills_volunteers` (`user_id`,`skill_id`) VALUES (574,6);
INSERT INTO `volunteer_preference_volunteers` (`user_id`,`preference_id`) VALUES (574,2);
INSERT INTO `volunteer_preference_volunteers` (`user_id`,`preference_id`) VALUES (574,6);
INSERT INTO `volunteer_preference_volunteers` (`user_id`,`preference_id`) VALUES (574,7);
INSERT INTO `users` (`user_id`,`username`,`password_hash`,`email`,`role`,`active`) VALUES (575,'vol_pathahewaheta_2','$2y$10$iiFpvIL1hfaNBYMBhqKCYuge5zWIk4DisB4TvHrBlzmuo5fjfaKY6','vol.292@resqnet.local','volunteer',1);
INSERT INTO `volunteers` (`user_id`,`name`,`age`,`gender`,`contact_number`,`house_no`,`street`,`city`,`district`,`gn_division`) VALUES (575,'Pradeep Fernando',40,'male','0787773799','76','Church Rd','Pathahewaheta','Kandy District','Pathahewaheta');
INSERT INTO `skills_volunteers` (`user_id`,`skill_id`) VALUES (575,1);
INSERT INTO `skills_volunteers` (`user_id`,`skill_id`) VALUES (575,5);
INSERT INTO `volunteer_preference_volunteers` (`user_id`,`preference_id`) VALUES (575,1);
INSERT INTO `volunteer_preference_volunteers` (`user_id`,`preference_id`) VALUES (575,3);
INSERT INTO `volunteer_preference_volunteers` (`user_id`,`preference_id`) VALUES (575,8);
INSERT INTO `users` (`user_id`,`username`,`password_hash`,`email`,`role`,`active`) VALUES (576,'vol_pathahewaheta_3','$2y$10$iiFpvIL1hfaNBYMBhqKCYuge5zWIk4DisB4TvHrBlzmuo5fjfaKY6','vol.293@resqnet.local','volunteer',1);
INSERT INTO `volunteers` (`user_id`,`name`,`age`,`gender`,`contact_number`,`house_no`,`street`,`city`,`district`,`gn_division`) VALUES (576,'Sachini Gunasekara',44,'female','0719023209','181','Market Rd','Pathahewaheta','Kandy District','Pathahewaheta');
INSERT INTO `skills_volunteers` (`user_id`,`skill_id`) VALUES (576,2);
INSERT INTO `skills_volunteers` (`user_id`,`skill_id`) VALUES (576,4);
INSERT INTO `skills_volunteers` (`user_id`,`skill_id`) VALUES (576,6);
INSERT INTO `volunteer_preference_volunteers` (`user_id`,`preference_id`) VALUES (576,3);
INSERT INTO `volunteer_preference_volunteers` (`user_id`,`preference_id`) VALUES (576,5);
INSERT INTO `users` (`user_id`,`username`,`password_hash`,`email`,`role`,`active`) VALUES (577,'vol_pathahewaheta_4','$2y$10$iiFpvIL1hfaNBYMBhqKCYuge5zWIk4DisB4TvHrBlzmuo5fjfaKY6','vol.294@resqnet.local','volunteer',1);
INSERT INTO `volunteers` (`user_id`,`name`,`age`,`gender`,`contact_number`,`house_no`,`street`,`city`,`district`,`gn_division`) VALUES (577,'Dinesh Bandara',26,'other','0717234936','141','Market Rd','Pathahewaheta','Kandy District','Pathahewaheta');
INSERT INTO `skills_volunteers` (`user_id`,`skill_id`) VALUES (577,2);
INSERT INTO `volunteer_preference_volunteers` (`user_id`,`preference_id`) VALUES (577,6);
INSERT INTO `users` (`user_id`,`username`,`password_hash`,`email`,`role`,`active`) VALUES (578,'vol_pathahewaheta_5','$2y$10$iiFpvIL1hfaNBYMBhqKCYuge5zWIk4DisB4TvHrBlzmuo5fjfaKY6','vol.295@resqnet.local','volunteer',0);
INSERT INTO `volunteers` (`user_id`,`name`,`age`,`gender`,`contact_number`,`house_no`,`street`,`city`,`district`,`gn_division`) VALUES (578,'Sahan Cooray',37,'male','0763551105','12','Hill St','Pathahewaheta','Kandy District','Pathahewaheta');
INSERT INTO `skills_volunteers` (`user_id`,`skill_id`) VALUES (578,1);
INSERT INTO `skills_volunteers` (`user_id`,`skill_id`) VALUES (578,3);
INSERT INTO `skills_volunteers` (`user_id`,`skill_id`) VALUES (578,6);
INSERT INTO `volunteer_preference_volunteers` (`user_id`,`preference_id`) VALUES (578,1);
INSERT INTO `volunteer_preference_volunteers` (`user_id`,`preference_id`) VALUES (578,3);
INSERT INTO `volunteer_preference_volunteers` (`user_id`,`preference_id`) VALUES (578,7);
INSERT INTO `users` (`user_id`,`username`,`password_hash`,`email`,`role`,`active`) VALUES (579,'vol_delthota_1','$2y$10$iiFpvIL1hfaNBYMBhqKCYuge5zWIk4DisB4TvHrBlzmuo5fjfaKY6','vol.296@resqnet.local','volunteer',1);
INSERT INTO `volunteers` (`user_id`,`name`,`age`,`gender`,`contact_number`,`house_no`,`street`,`city`,`district`,`gn_division`) VALUES (579,'Nadeesha Wickramasinghe',20,'female','0794079887','145','Hill St','Delthota','Kandy District','Delthota');
INSERT INTO `skills_volunteers` (`user_id`,`skill_id`) VALUES (579,6);
INSERT INTO `volunteer_preference_volunteers` (`user_id`,`preference_id`) VALUES (579,2);
INSERT INTO `volunteer_preference_volunteers` (`user_id`,`preference_id`) VALUES (579,7);
INSERT INTO `users` (`user_id`,`username`,`password_hash`,`email`,`role`,`active`) VALUES (580,'vol_delthota_2','$2y$10$iiFpvIL1hfaNBYMBhqKCYuge5zWIk4DisB4TvHrBlzmuo5fjfaKY6','vol.297@resqnet.local','volunteer',1);
INSERT INTO `volunteers` (`user_id`,`name`,`age`,`gender`,`contact_number`,`house_no`,`street`,`city`,`district`,`gn_division`) VALUES (580,'Chaminda Rathnayake',33,'other','0748018719','121','Main St','Delthota','Kandy District','Delthota');
INSERT INTO `skills_volunteers` (`user_id`,`skill_id`) VALUES (580,1);
INSERT INTO `volunteer_preference_volunteers` (`user_id`,`preference_id`) VALUES (580,2);
INSERT INTO `volunteer_preference_volunteers` (`user_id`,`preference_id`) VALUES (580,6);
INSERT INTO `users` (`user_id`,`username`,`password_hash`,`email`,`role`,`active`) VALUES (581,'vol_delthota_3','$2y$10$iiFpvIL1hfaNBYMBhqKCYuge5zWIk4DisB4TvHrBlzmuo5fjfaKY6','vol.298@resqnet.local','volunteer',1);
INSERT INTO `volunteers` (`user_id`,`name`,`age`,`gender`,`contact_number`,`house_no`,`street`,`city`,`district`,`gn_division`) VALUES (581,'Amila Silva',47,'male','0763790522','186','School Ln','Delthota','Kandy District','Delthota');
INSERT INTO `skills_volunteers` (`user_id`,`skill_id`) VALUES (581,5);
INSERT INTO `volunteer_preference_volunteers` (`user_id`,`preference_id`) VALUES (581,2);
INSERT INTO `volunteer_preference_volunteers` (`user_id`,`preference_id`) VALUES (581,3);
INSERT INTO `volunteer_preference_volunteers` (`user_id`,`preference_id`) VALUES (581,7);
INSERT INTO `users` (`user_id`,`username`,`password_hash`,`email`,`role`,`active`) VALUES (582,'vol_delthota_4','$2y$10$iiFpvIL1hfaNBYMBhqKCYuge5zWIk4DisB4TvHrBlzmuo5fjfaKY6','vol.299@resqnet.local','volunteer',1);
INSERT INTO `volunteers` (`user_id`,`name`,`age`,`gender`,`contact_number`,`house_no`,`street`,`city`,`district`,`gn_division`) VALUES (582,'Dilhani Silva',32,'female','0790626364','29','Station Rd','Delthota','Kandy District','Delthota');
INSERT INTO `skills_volunteers` (`user_id`,`skill_id`) VALUES (582,3);
INSERT INTO `volunteer_preference_volunteers` (`user_id`,`preference_id`) VALUES (582,5);
INSERT INTO `users` (`user_id`,`username`,`password_hash`,`email`,`role`,`active`) VALUES (583,'vol_delthota_5','$2y$10$iiFpvIL1hfaNBYMBhqKCYuge5zWIk4DisB4TvHrBlzmuo5fjfaKY6','vol.300@resqnet.local','volunteer',0);
INSERT INTO `volunteers` (`user_id`,`name`,`age`,`gender`,`contact_number`,`house_no`,`street`,`city`,`district`,`gn_division`) VALUES (583,'Ishan Samarasinghe',22,'other','0757373462','39','Garden Ln','Delthota','Kandy District','Delthota');
INSERT INTO `skills_volunteers` (`user_id`,`skill_id`) VALUES (583,2);
INSERT INTO `volunteer_preference_volunteers` (`user_id`,`preference_id`) VALUES (583,3);
INSERT INTO `volunteer_preference_volunteers` (`user_id`,`preference_id`) VALUES (583,6);
INSERT INTO `volunteer_preference_volunteers` (`user_id`,`preference_id`) VALUES (583,8);
INSERT INTO `users` (`user_id`,`username`,`password_hash`,`email`,`role`,`active`) VALUES (584,'vol_udapalatha_1','$2y$10$iiFpvIL1hfaNBYMBhqKCYuge5zWIk4DisB4TvHrBlzmuo5fjfaKY6','vol.301@resqnet.local','volunteer',1);
INSERT INTO `volunteers` (`user_id`,`name`,`age`,`gender`,`contact_number`,`house_no`,`street`,`city`,`district`,`gn_division`) VALUES (584,'Malith Perera',31,'male','0742808775','32','Hill St','Udapalatha','Kandy District','Udapalatha');
INSERT INTO `skills_volunteers` (`user_id`,`skill_id`) VALUES (584,1);
INSERT INTO `skills_volunteers` (`user_id`,`skill_id`) VALUES (584,6);
INSERT INTO `volunteer_preference_volunteers` (`user_id`,`preference_id`) VALUES (584,5);
INSERT INTO `volunteer_preference_volunteers` (`user_id`,`preference_id`) VALUES (584,6);
INSERT INTO `users` (`user_id`,`username`,`password_hash`,`email`,`role`,`active`) VALUES (585,'vol_udapalatha_2','$2y$10$iiFpvIL1hfaNBYMBhqKCYuge5zWIk4DisB4TvHrBlzmuo5fjfaKY6','vol.302@resqnet.local','volunteer',1);
INSERT INTO `volunteers` (`user_id`,`name`,`age`,`gender`,`contact_number`,`house_no`,`street`,`city`,`district`,`gn_division`) VALUES (585,'Nadeesha Karunaratne',39,'female','0784262732','55','Hill St','Udapalatha','Kandy District','Udapalatha');
INSERT INTO `skills_volunteers` (`user_id`,`skill_id`) VALUES (585,2);
INSERT INTO `skills_volunteers` (`user_id`,`skill_id`) VALUES (585,4);
INSERT INTO `volunteer_preference_volunteers` (`user_id`,`preference_id`) VALUES (585,5);
INSERT INTO `users` (`user_id`,`username`,`password_hash`,`email`,`role`,`active`) VALUES (586,'vol_udapalatha_3','$2y$10$iiFpvIL1hfaNBYMBhqKCYuge5zWIk4DisB4TvHrBlzmuo5fjfaKY6','vol.303@resqnet.local','volunteer',1);
INSERT INTO `volunteers` (`user_id`,`name`,`age`,`gender`,`contact_number`,`house_no`,`street`,`city`,`district`,`gn_division`) VALUES (586,'Kamal Samarasinghe',30,'other','0794591395','61','Market Rd','Udapalatha','Kandy District','Udapalatha');
INSERT INTO `skills_volunteers` (`user_id`,`skill_id`) VALUES (586,4);
INSERT INTO `skills_volunteers` (`user_id`,`skill_id`) VALUES (586,6);
INSERT INTO `volunteer_preference_volunteers` (`user_id`,`preference_id`) VALUES (586,1);
INSERT INTO `volunteer_preference_volunteers` (`user_id`,`preference_id`) VALUES (586,3);
INSERT INTO `volunteer_preference_volunteers` (`user_id`,`preference_id`) VALUES (586,7);
INSERT INTO `users` (`user_id`,`username`,`password_hash`,`email`,`role`,`active`) VALUES (587,'vol_udapalatha_4','$2y$10$iiFpvIL1hfaNBYMBhqKCYuge5zWIk4DisB4TvHrBlzmuo5fjfaKY6','vol.304@resqnet.local','volunteer',1);
INSERT INTO `volunteers` (`user_id`,`name`,`age`,`gender`,`contact_number`,`house_no`,`street`,`city`,`district`,`gn_division`) VALUES (587,'Kasun Weerasinghe',24,'male','0742880234','7','Station Rd','Udapalatha','Kandy District','Udapalatha');
INSERT INTO `skills_volunteers` (`user_id`,`skill_id`) VALUES (587,3);
INSERT INTO `skills_volunteers` (`user_id`,`skill_id`) VALUES (587,4);
INSERT INTO `skills_volunteers` (`user_id`,`skill_id`) VALUES (587,6);
INSERT INTO `volunteer_preference_volunteers` (`user_id`,`preference_id`) VALUES (587,7);
INSERT INTO `users` (`user_id`,`username`,`password_hash`,`email`,`role`,`active`) VALUES (588,'vol_udapalatha_5','$2y$10$iiFpvIL1hfaNBYMBhqKCYuge5zWIk4DisB4TvHrBlzmuo5fjfaKY6','vol.305@resqnet.local','volunteer',0);
INSERT INTO `volunteers` (`user_id`,`name`,`age`,`gender`,`contact_number`,`house_no`,`street`,`city`,`district`,`gn_division`) VALUES (588,'Tharushi Samarasinghe',22,'female','0796747378','39','River Rd','Udapalatha','Kandy District','Udapalatha');
INSERT INTO `skills_volunteers` (`user_id`,`skill_id`) VALUES (588,5);
INSERT INTO `volunteer_preference_volunteers` (`user_id`,`preference_id`) VALUES (588,2);
INSERT INTO `volunteer_preference_volunteers` (`user_id`,`preference_id`) VALUES (588,6);
INSERT INTO `volunteer_preference_volunteers` (`user_id`,`preference_id`) VALUES (588,7);
INSERT INTO `users` (`user_id`,`username`,`password_hash`,`email`,`role`,`active`) VALUES (589,'vol_ganga_ihala_korale_1','$2y$10$iiFpvIL1hfaNBYMBhqKCYuge5zWIk4DisB4TvHrBlzmuo5fjfaKY6','vol.306@resqnet.local','volunteer',1);
INSERT INTO `volunteers` (`user_id`,`name`,`age`,`gender`,`contact_number`,`house_no`,`street`,`city`,`district`,`gn_division`) VALUES (589,'Dasun Wijesinghe',45,'other','0768003388','177','River Rd','Ganga Ihala Korale','Kandy District','Ganga Ihala Korale');
INSERT INTO `skills_volunteers` (`user_id`,`skill_id`) VALUES (589,3);
INSERT INTO `skills_volunteers` (`user_id`,`skill_id`) VALUES (589,4);
INSERT INTO `skills_volunteers` (`user_id`,`skill_id`) VALUES (589,5);
INSERT INTO `volunteer_preference_volunteers` (`user_id`,`preference_id`) VALUES (589,2);
INSERT INTO `volunteer_preference_volunteers` (`user_id`,`preference_id`) VALUES (589,5);
INSERT INTO `volunteer_preference_volunteers` (`user_id`,`preference_id`) VALUES (589,7);
INSERT INTO `users` (`user_id`,`username`,`password_hash`,`email`,`role`,`active`) VALUES (590,'vol_ganga_ihala_korale_2','$2y$10$iiFpvIL1hfaNBYMBhqKCYuge5zWIk4DisB4TvHrBlzmuo5fjfaKY6','vol.307@resqnet.local','volunteer',1);
INSERT INTO `volunteers` (`user_id`,`name`,`age`,`gender`,`contact_number`,`house_no`,`street`,`city`,`district`,`gn_division`) VALUES (590,'Ishan Weerasinghe',40,'male','0741857929','91','Temple Rd','Ganga Ihala Korale','Kandy District','Ganga Ihala Korale');
INSERT INTO `skills_volunteers` (`user_id`,`skill_id`) VALUES (590,3);
INSERT INTO `volunteer_preference_volunteers` (`user_id`,`preference_id`) VALUES (590,1);
INSERT INTO `volunteer_preference_volunteers` (`user_id`,`preference_id`) VALUES (590,2);
INSERT INTO `volunteer_preference_volunteers` (`user_id`,`preference_id`) VALUES (590,3);
INSERT INTO `users` (`user_id`,`username`,`password_hash`,`email`,`role`,`active`) VALUES (591,'vol_ganga_ihala_korale_3','$2y$10$iiFpvIL1hfaNBYMBhqKCYuge5zWIk4DisB4TvHrBlzmuo5fjfaKY6','vol.308@resqnet.local','volunteer',1);
INSERT INTO `volunteers` (`user_id`,`name`,`age`,`gender`,`contact_number`,`house_no`,`street`,`city`,`district`,`gn_division`) VALUES (591,'Dulani Wickramasinghe',21,'female','0712536970','70','Lake Rd','Ganga Ihala Korale','Kandy District','Ganga Ihala Korale');
INSERT INTO `skills_volunteers` (`user_id`,`skill_id`) VALUES (591,1);
INSERT INTO `skills_volunteers` (`user_id`,`skill_id`) VALUES (591,4);
INSERT INTO `volunteer_preference_volunteers` (`user_id`,`preference_id`) VALUES (591,1);
INSERT INTO `volunteer_preference_volunteers` (`user_id`,`preference_id`) VALUES (591,8);
INSERT INTO `users` (`user_id`,`username`,`password_hash`,`email`,`role`,`active`) VALUES (592,'vol_ganga_ihala_korale_4','$2y$10$iiFpvIL1hfaNBYMBhqKCYuge5zWIk4DisB4TvHrBlzmuo5fjfaKY6','vol.309@resqnet.local','volunteer',1);
INSERT INTO `volunteers` (`user_id`,`name`,`age`,`gender`,`contact_number`,`house_no`,`street`,`city`,`district`,`gn_division`) VALUES (592,'Sampath Weerasinghe',50,'other','0766290520','116','Lake Rd','Ganga Ihala Korale','Kandy District','Ganga Ihala Korale');
INSERT INTO `skills_volunteers` (`user_id`,`skill_id`) VALUES (592,1);
INSERT INTO `skills_volunteers` (`user_id`,`skill_id`) VALUES (592,2);
INSERT INTO `skills_volunteers` (`user_id`,`skill_id`) VALUES (592,3);
INSERT INTO `volunteer_preference_volunteers` (`user_id`,`preference_id`) VALUES (592,2);
INSERT INTO `volunteer_preference_volunteers` (`user_id`,`preference_id`) VALUES (592,6);
INSERT INTO `users` (`user_id`,`username`,`password_hash`,`email`,`role`,`active`) VALUES (593,'vol_ganga_ihala_korale_5','$2y$10$iiFpvIL1hfaNBYMBhqKCYuge5zWIk4DisB4TvHrBlzmuo5fjfaKY6','vol.310@resqnet.local','volunteer',0);
INSERT INTO `volunteers` (`user_id`,`name`,`age`,`gender`,`contact_number`,`house_no`,`street`,`city`,`district`,`gn_division`) VALUES (593,'Sampath Weerasinghe',51,'male','0786881616','51','Hill St','Ganga Ihala Korale','Kandy District','Ganga Ihala Korale');
INSERT INTO `skills_volunteers` (`user_id`,`skill_id`) VALUES (593,2);
INSERT INTO `skills_volunteers` (`user_id`,`skill_id`) VALUES (593,5);
INSERT INTO `volunteer_preference_volunteers` (`user_id`,`preference_id`) VALUES (593,3);
INSERT INTO `volunteer_preference_volunteers` (`user_id`,`preference_id`) VALUES (593,4);
INSERT INTO `users` (`user_id`,`username`,`password_hash`,`email`,`role`,`active`) VALUES (594,'vol_pasbage_korale_1','$2y$10$iiFpvIL1hfaNBYMBhqKCYuge5zWIk4DisB4TvHrBlzmuo5fjfaKY6','vol.311@resqnet.local','volunteer',1);
INSERT INTO `volunteers` (`user_id`,`name`,`age`,`gender`,`contact_number`,`house_no`,`street`,`city`,`district`,`gn_division`) VALUES (594,'Chamari Cooray',32,'female','0738623714','158','Market Rd','Pasbage Korale','Kandy District','Pasbage Korale');
INSERT INTO `skills_volunteers` (`user_id`,`skill_id`) VALUES (594,1);
INSERT INTO `skills_volunteers` (`user_id`,`skill_id`) VALUES (594,3);
INSERT INTO `skills_volunteers` (`user_id`,`skill_id`) VALUES (594,6);
INSERT INTO `volunteer_preference_volunteers` (`user_id`,`preference_id`) VALUES (594,5);
INSERT INTO `volunteer_preference_volunteers` (`user_id`,`preference_id`) VALUES (594,8);
INSERT INTO `users` (`user_id`,`username`,`password_hash`,`email`,`role`,`active`) VALUES (595,'vol_pasbage_korale_2','$2y$10$iiFpvIL1hfaNBYMBhqKCYuge5zWIk4DisB4TvHrBlzmuo5fjfaKY6','vol.312@resqnet.local','volunteer',1);
INSERT INTO `volunteers` (`user_id`,`name`,`age`,`gender`,`contact_number`,`house_no`,`street`,`city`,`district`,`gn_division`) VALUES (595,'Sahan Senanayake',53,'other','0710335902','181','Market Rd','Pasbage Korale','Kandy District','Pasbage Korale');
INSERT INTO `skills_volunteers` (`user_id`,`skill_id`) VALUES (595,4);
INSERT INTO `volunteer_preference_volunteers` (`user_id`,`preference_id`) VALUES (595,3);
INSERT INTO `volunteer_preference_volunteers` (`user_id`,`preference_id`) VALUES (595,6);
INSERT INTO `users` (`user_id`,`username`,`password_hash`,`email`,`role`,`active`) VALUES (596,'vol_pasbage_korale_3','$2y$10$iiFpvIL1hfaNBYMBhqKCYuge5zWIk4DisB4TvHrBlzmuo5fjfaKY6','vol.313@resqnet.local','volunteer',1);
INSERT INTO `volunteers` (`user_id`,`name`,`age`,`gender`,`contact_number`,`house_no`,`street`,`city`,`district`,`gn_division`) VALUES (596,'Sampath Silva',53,'male','0713423099','90','School Ln','Pasbage Korale','Kandy District','Pasbage Korale');
INSERT INTO `skills_volunteers` (`user_id`,`skill_id`) VALUES (596,6);
INSERT INTO `volunteer_preference_volunteers` (`user_id`,`preference_id`) VALUES (596,3);
INSERT INTO `volunteer_preference_volunteers` (`user_id`,`preference_id`) VALUES (596,4);
INSERT INTO `volunteer_preference_volunteers` (`user_id`,`preference_id`) VALUES (596,8);
INSERT INTO `users` (`user_id`,`username`,`password_hash`,`email`,`role`,`active`) VALUES (597,'vol_pasbage_korale_4','$2y$10$iiFpvIL1hfaNBYMBhqKCYuge5zWIk4DisB4TvHrBlzmuo5fjfaKY6','vol.314@resqnet.local','volunteer',1);
INSERT INTO `volunteers` (`user_id`,`name`,`age`,`gender`,`contact_number`,`house_no`,`street`,`city`,`district`,`gn_division`) VALUES (597,'Sanduni Dissanayake',28,'female','0716979243','137','Garden Ln','Pasbage Korale','Kandy District','Pasbage Korale');
INSERT INTO `skills_volunteers` (`user_id`,`skill_id`) VALUES (597,3);
INSERT INTO `skills_volunteers` (`user_id`,`skill_id`) VALUES (597,4);
INSERT INTO `volunteer_preference_volunteers` (`user_id`,`preference_id`) VALUES (597,6);
INSERT INTO `users` (`user_id`,`username`,`password_hash`,`email`,`role`,`active`) VALUES (598,'vol_pasbage_korale_5','$2y$10$iiFpvIL1hfaNBYMBhqKCYuge5zWIk4DisB4TvHrBlzmuo5fjfaKY6','vol.315@resqnet.local','volunteer',0);
INSERT INTO `volunteers` (`user_id`,`name`,`age`,`gender`,`contact_number`,`house_no`,`street`,`city`,`district`,`gn_division`) VALUES (598,'Kamal Ekanayake',47,'other','0770169130','147','River Rd','Pasbage Korale','Kandy District','Pasbage Korale');
INSERT INTO `skills_volunteers` (`user_id`,`skill_id`) VALUES (598,1);
INSERT INTO `skills_volunteers` (`user_id`,`skill_id`) VALUES (598,2);
INSERT INTO `skills_volunteers` (`user_id`,`skill_id`) VALUES (598,5);
INSERT INTO `volunteer_preference_volunteers` (`user_id`,`preference_id`) VALUES (598,4);
INSERT INTO `volunteer_preference_volunteers` (`user_id`,`preference_id`) VALUES (598,6);
INSERT INTO `users` (`user_id`,`username`,`password_hash`,`email`,`role`,`active`) VALUES (599,'vol_hatharaliyadda_1','$2y$10$iiFpvIL1hfaNBYMBhqKCYuge5zWIk4DisB4TvHrBlzmuo5fjfaKY6','vol.316@resqnet.local','volunteer',1);
INSERT INTO `volunteers` (`user_id`,`name`,`age`,`gender`,`contact_number`,`house_no`,`street`,`city`,`district`,`gn_division`) VALUES (599,'Dinesh Bandara',22,'male','0782612059','133','Lake Rd','Hatharaliyadda','Kandy District','Hatharaliyadda');
INSERT INTO `skills_volunteers` (`user_id`,`skill_id`) VALUES (599,2);
INSERT INTO `skills_volunteers` (`user_id`,`skill_id`) VALUES (599,4);
INSERT INTO `skills_volunteers` (`user_id`,`skill_id`) VALUES (599,5);
INSERT INTO `volunteer_preference_volunteers` (`user_id`,`preference_id`) VALUES (599,1);
INSERT INTO `volunteer_preference_volunteers` (`user_id`,`preference_id`) VALUES (599,2);
INSERT INTO `volunteer_preference_volunteers` (`user_id`,`preference_id`) VALUES (599,3);
INSERT INTO `users` (`user_id`,`username`,`password_hash`,`email`,`role`,`active`) VALUES (600,'vol_hatharaliyadda_2','$2y$10$iiFpvIL1hfaNBYMBhqKCYuge5zWIk4DisB4TvHrBlzmuo5fjfaKY6','vol.317@resqnet.local','volunteer',1);
INSERT INTO `volunteers` (`user_id`,`name`,`age`,`gender`,`contact_number`,`house_no`,`street`,`city`,`district`,`gn_division`) VALUES (600,'Sewwandi Herath',39,'female','0797637109','164','School Ln','Hatharaliyadda','Kandy District','Hatharaliyadda');
INSERT INTO `skills_volunteers` (`user_id`,`skill_id`) VALUES (600,1);
INSERT INTO `skills_volunteers` (`user_id`,`skill_id`) VALUES (600,3);
INSERT INTO `volunteer_preference_volunteers` (`user_id`,`preference_id`) VALUES (600,6);
INSERT INTO `volunteer_preference_volunteers` (`user_id`,`preference_id`) VALUES (600,7);
INSERT INTO `users` (`user_id`,`username`,`password_hash`,`email`,`role`,`active`) VALUES (601,'vol_hatharaliyadda_3','$2y$10$iiFpvIL1hfaNBYMBhqKCYuge5zWIk4DisB4TvHrBlzmuo5fjfaKY6','vol.318@resqnet.local','volunteer',1);
INSERT INTO `volunteers` (`user_id`,`name`,`age`,`gender`,`contact_number`,`house_no`,`street`,`city`,`district`,`gn_division`) VALUES (601,'Amila Herath',18,'other','0784308981','196','River Rd','Hatharaliyadda','Kandy District','Hatharaliyadda');
INSERT INTO `skills_volunteers` (`user_id`,`skill_id`) VALUES (601,4);
INSERT INTO `skills_volunteers` (`user_id`,`skill_id`) VALUES (601,5);
INSERT INTO `skills_volunteers` (`user_id`,`skill_id`) VALUES (601,6);
INSERT INTO `volunteer_preference_volunteers` (`user_id`,`preference_id`) VALUES (601,1);
INSERT INTO `volunteer_preference_volunteers` (`user_id`,`preference_id`) VALUES (601,2);
INSERT INTO `volunteer_preference_volunteers` (`user_id`,`preference_id`) VALUES (601,5);
INSERT INTO `users` (`user_id`,`username`,`password_hash`,`email`,`role`,`active`) VALUES (602,'vol_hatharaliyadda_4','$2y$10$iiFpvIL1hfaNBYMBhqKCYuge5zWIk4DisB4TvHrBlzmuo5fjfaKY6','vol.319@resqnet.local','volunteer',1);
INSERT INTO `volunteers` (`user_id`,`name`,`age`,`gender`,`contact_number`,`house_no`,`street`,`city`,`district`,`gn_division`) VALUES (602,'Ashan Herath',37,'male','0726875804','151','Market Rd','Hatharaliyadda','Kandy District','Hatharaliyadda');
INSERT INTO `skills_volunteers` (`user_id`,`skill_id`) VALUES (602,1);
INSERT INTO `skills_volunteers` (`user_id`,`skill_id`) VALUES (602,6);
INSERT INTO `volunteer_preference_volunteers` (`user_id`,`preference_id`) VALUES (602,6);
INSERT INTO `users` (`user_id`,`username`,`password_hash`,`email`,`role`,`active`) VALUES (603,'vol_hatharaliyadda_5','$2y$10$iiFpvIL1hfaNBYMBhqKCYuge5zWIk4DisB4TvHrBlzmuo5fjfaKY6','vol.320@resqnet.local','volunteer',0);
INSERT INTO `volunteers` (`user_id`,`name`,`age`,`gender`,`contact_number`,`house_no`,`street`,`city`,`district`,`gn_division`) VALUES (603,'Gayani Mendis',45,'female','0723374826','123','Hill St','Hatharaliyadda','Kandy District','Hatharaliyadda');
INSERT INTO `skills_volunteers` (`user_id`,`skill_id`) VALUES (603,2);
INSERT INTO `skills_volunteers` (`user_id`,`skill_id`) VALUES (603,4);
INSERT INTO `skills_volunteers` (`user_id`,`skill_id`) VALUES (603,5);
INSERT INTO `volunteer_preference_volunteers` (`user_id`,`preference_id`) VALUES (603,3);
INSERT INTO `volunteer_preference_volunteers` (`user_id`,`preference_id`) VALUES (603,5);
INSERT INTO `volunteer_preference_volunteers` (`user_id`,`preference_id`) VALUES (603,6);
INSERT INTO `users` (`user_id`,`username`,`password_hash`,`email`,`role`,`active`) VALUES (604,'vol_nawalapitiya_1','$2y$10$iiFpvIL1hfaNBYMBhqKCYuge5zWIk4DisB4TvHrBlzmuo5fjfaKY6','vol.321@resqnet.local','volunteer',1);
INSERT INTO `volunteers` (`user_id`,`name`,`age`,`gender`,`contact_number`,`house_no`,`street`,`city`,`district`,`gn_division`) VALUES (604,'Sunil Ekanayake',23,'other','0738867569','101','Market Rd','Nawalapitiya','Kandy District','Nawalapitiya');
INSERT INTO `skills_volunteers` (`user_id`,`skill_id`) VALUES (604,2);
INSERT INTO `skills_volunteers` (`user_id`,`skill_id`) VALUES (604,4);
INSERT INTO `volunteer_preference_volunteers` (`user_id`,`preference_id`) VALUES (604,1);
INSERT INTO `volunteer_preference_volunteers` (`user_id`,`preference_id`) VALUES (604,2);
INSERT INTO `users` (`user_id`,`username`,`password_hash`,`email`,`role`,`active`) VALUES (605,'vol_nawalapitiya_2','$2y$10$iiFpvIL1hfaNBYMBhqKCYuge5zWIk4DisB4TvHrBlzmuo5fjfaKY6','vol.322@resqnet.local','volunteer',1);
INSERT INTO `volunteers` (`user_id`,`name`,`age`,`gender`,`contact_number`,`house_no`,`street`,`city`,`district`,`gn_division`) VALUES (605,'Chathura Senanayake',22,'male','0768285211','156','Temple Rd','Nawalapitiya','Kandy District','Nawalapitiya');
INSERT INTO `skills_volunteers` (`user_id`,`skill_id`) VALUES (605,2);
INSERT INTO `volunteer_preference_volunteers` (`user_id`,`preference_id`) VALUES (605,2);
INSERT INTO `volunteer_preference_volunteers` (`user_id`,`preference_id`) VALUES (605,7);
INSERT INTO `volunteer_preference_volunteers` (`user_id`,`preference_id`) VALUES (605,8);
INSERT INTO `users` (`user_id`,`username`,`password_hash`,`email`,`role`,`active`) VALUES (606,'vol_nawalapitiya_3','$2y$10$iiFpvIL1hfaNBYMBhqKCYuge5zWIk4DisB4TvHrBlzmuo5fjfaKY6','vol.323@resqnet.local','volunteer',1);
INSERT INTO `volunteers` (`user_id`,`name`,`age`,`gender`,`contact_number`,`house_no`,`street`,`city`,`district`,`gn_division`) VALUES (606,'Dilhani Cooray',28,'female','0716175440','124','Lake Rd','Nawalapitiya','Kandy District','Nawalapitiya');
INSERT INTO `skills_volunteers` (`user_id`,`skill_id`) VALUES (606,1);
INSERT INTO `volunteer_preference_volunteers` (`user_id`,`preference_id`) VALUES (606,1);
INSERT INTO `users` (`user_id`,`username`,`password_hash`,`email`,`role`,`active`) VALUES (607,'vol_nawalapitiya_4','$2y$10$iiFpvIL1hfaNBYMBhqKCYuge5zWIk4DisB4TvHrBlzmuo5fjfaKY6','vol.324@resqnet.local','volunteer',1);
INSERT INTO `volunteers` (`user_id`,`name`,`age`,`gender`,`contact_number`,`house_no`,`street`,`city`,`district`,`gn_division`) VALUES (607,'Roshan Herath',36,'other','0767352716','51','School Ln','Nawalapitiya','Kandy District','Nawalapitiya');
INSERT INTO `skills_volunteers` (`user_id`,`skill_id`) VALUES (607,2);
INSERT INTO `skills_volunteers` (`user_id`,`skill_id`) VALUES (607,5);
INSERT INTO `skills_volunteers` (`user_id`,`skill_id`) VALUES (607,6);
INSERT INTO `volunteer_preference_volunteers` (`user_id`,`preference_id`) VALUES (607,1);
INSERT INTO `volunteer_preference_volunteers` (`user_id`,`preference_id`) VALUES (607,3);
INSERT INTO `volunteer_preference_volunteers` (`user_id`,`preference_id`) VALUES (607,8);
INSERT INTO `users` (`user_id`,`username`,`password_hash`,`email`,`role`,`active`) VALUES (608,'vol_nawalapitiya_5','$2y$10$iiFpvIL1hfaNBYMBhqKCYuge5zWIk4DisB4TvHrBlzmuo5fjfaKY6','vol.325@resqnet.local','volunteer',0);
INSERT INTO `volunteers` (`user_id`,`name`,`age`,`gender`,`contact_number`,`house_no`,`street`,`city`,`district`,`gn_division`) VALUES (608,'Sahan Karunaratne',22,'male','0750417965','88','Temple Rd','Nawalapitiya','Kandy District','Nawalapitiya');
INSERT INTO `skills_volunteers` (`user_id`,`skill_id`) VALUES (608,2);
INSERT INTO `skills_volunteers` (`user_id`,`skill_id`) VALUES (608,4);
INSERT INTO `volunteer_preference_volunteers` (`user_id`,`preference_id`) VALUES (608,8);
INSERT INTO `users` (`user_id`,`username`,`password_hash`,`email`,`role`,`active`) VALUES (609,'vol_peradeniya_1','$2y$10$iiFpvIL1hfaNBYMBhqKCYuge5zWIk4DisB4TvHrBlzmuo5fjfaKY6','vol.326@resqnet.local','volunteer',1);
INSERT INTO `volunteers` (`user_id`,`name`,`age`,`gender`,`contact_number`,`house_no`,`street`,`city`,`district`,`gn_division`) VALUES (609,'Pavithra Fernando',50,'female','0768885857','48','Station Rd','Peradeniya','Kandy District','Peradeniya');
INSERT INTO `skills_volunteers` (`user_id`,`skill_id`) VALUES (609,1);
INSERT INTO `skills_volunteers` (`user_id`,`skill_id`) VALUES (609,5);
INSERT INTO `skills_volunteers` (`user_id`,`skill_id`) VALUES (609,6);
INSERT INTO `volunteer_preference_volunteers` (`user_id`,`preference_id`) VALUES (609,1);
INSERT INTO `volunteer_preference_volunteers` (`user_id`,`preference_id`) VALUES (609,5);
INSERT INTO `volunteer_preference_volunteers` (`user_id`,`preference_id`) VALUES (609,7);
INSERT INTO `users` (`user_id`,`username`,`password_hash`,`email`,`role`,`active`) VALUES (610,'vol_peradeniya_2','$2y$10$iiFpvIL1hfaNBYMBhqKCYuge5zWIk4DisB4TvHrBlzmuo5fjfaKY6','vol.327@resqnet.local','volunteer',1);
INSERT INTO `volunteers` (`user_id`,`name`,`age`,`gender`,`contact_number`,`house_no`,`street`,`city`,`district`,`gn_division`) VALUES (610,'Lahiru Herath',52,'other','0711745539','7','Church Rd','Peradeniya','Kandy District','Peradeniya');
INSERT INTO `skills_volunteers` (`user_id`,`skill_id`) VALUES (610,5);
INSERT INTO `volunteer_preference_volunteers` (`user_id`,`preference_id`) VALUES (610,4);
INSERT INTO `volunteer_preference_volunteers` (`user_id`,`preference_id`) VALUES (610,5);
INSERT INTO `volunteer_preference_volunteers` (`user_id`,`preference_id`) VALUES (610,7);
INSERT INTO `users` (`user_id`,`username`,`password_hash`,`email`,`role`,`active`) VALUES (611,'vol_peradeniya_3','$2y$10$iiFpvIL1hfaNBYMBhqKCYuge5zWIk4DisB4TvHrBlzmuo5fjfaKY6','vol.328@resqnet.local','volunteer',1);
INSERT INTO `volunteers` (`user_id`,`name`,`age`,`gender`,`contact_number`,`house_no`,`street`,`city`,`district`,`gn_division`) VALUES (611,'Ranjith Weerasinghe',39,'male','0710811215','199','Temple Rd','Peradeniya','Kandy District','Peradeniya');
INSERT INTO `skills_volunteers` (`user_id`,`skill_id`) VALUES (611,6);
INSERT INTO `volunteer_preference_volunteers` (`user_id`,`preference_id`) VALUES (611,5);
INSERT INTO `volunteer_preference_volunteers` (`user_id`,`preference_id`) VALUES (611,6);
INSERT INTO `users` (`user_id`,`username`,`password_hash`,`email`,`role`,`active`) VALUES (612,'vol_peradeniya_4','$2y$10$iiFpvIL1hfaNBYMBhqKCYuge5zWIk4DisB4TvHrBlzmuo5fjfaKY6','vol.329@resqnet.local','volunteer',1);
INSERT INTO `volunteers` (`user_id`,`name`,`age`,`gender`,`contact_number`,`house_no`,`street`,`city`,`district`,`gn_division`) VALUES (612,'Iresha Mendis',22,'female','0788488128','153','School Ln','Peradeniya','Kandy District','Peradeniya');
INSERT INTO `skills_volunteers` (`user_id`,`skill_id`) VALUES (612,6);
INSERT INTO `volunteer_preference_volunteers` (`user_id`,`preference_id`) VALUES (612,2);
INSERT INTO `volunteer_preference_volunteers` (`user_id`,`preference_id`) VALUES (612,3);
INSERT INTO `volunteer_preference_volunteers` (`user_id`,`preference_id`) VALUES (612,5);
INSERT INTO `users` (`user_id`,`username`,`password_hash`,`email`,`role`,`active`) VALUES (613,'vol_peradeniya_5','$2y$10$iiFpvIL1hfaNBYMBhqKCYuge5zWIk4DisB4TvHrBlzmuo5fjfaKY6','vol.330@resqnet.local','volunteer',0);
INSERT INTO `volunteers` (`user_id`,`name`,`age`,`gender`,`contact_number`,`house_no`,`street`,`city`,`district`,`gn_division`) VALUES (613,'Ishan Dissanayake',52,'other','0760336707','125','Garden Ln','Peradeniya','Kandy District','Peradeniya');
INSERT INTO `skills_volunteers` (`user_id`,`skill_id`) VALUES (613,3);
INSERT INTO `skills_volunteers` (`user_id`,`skill_id`) VALUES (613,4);
INSERT INTO `skills_volunteers` (`user_id`,`skill_id`) VALUES (613,6);
INSERT INTO `volunteer_preference_volunteers` (`user_id`,`preference_id`) VALUES (613,2);
INSERT INTO `volunteer_preference_volunteers` (`user_id`,`preference_id`) VALUES (613,3);
INSERT INTO `volunteer_preference_volunteers` (`user_id`,`preference_id`) VALUES (613,5);
INSERT INTO `users` (`user_id`,`username`,`password_hash`,`email`,`role`,`active`) VALUES (614,'vol_weraganthota_1','$2y$10$iiFpvIL1hfaNBYMBhqKCYuge5zWIk4DisB4TvHrBlzmuo5fjfaKY6','vol.331@resqnet.local','volunteer',1);
INSERT INTO `volunteers` (`user_id`,`name`,`age`,`gender`,`contact_number`,`house_no`,`street`,`city`,`district`,`gn_division`) VALUES (614,'Ishan Karunaratne',31,'male','0786901570','41','Station Rd','Weraganthota','Kandy District','Weraganthota');
INSERT INTO `skills_volunteers` (`user_id`,`skill_id`) VALUES (614,6);
INSERT INTO `volunteer_preference_volunteers` (`user_id`,`preference_id`) VALUES (614,1);
INSERT INTO `volunteer_preference_volunteers` (`user_id`,`preference_id`) VALUES (614,7);
INSERT INTO `volunteer_preference_volunteers` (`user_id`,`preference_id`) VALUES (614,8);
INSERT INTO `users` (`user_id`,`username`,`password_hash`,`email`,`role`,`active`) VALUES (615,'vol_weraganthota_2','$2y$10$iiFpvIL1hfaNBYMBhqKCYuge5zWIk4DisB4TvHrBlzmuo5fjfaKY6','vol.332@resqnet.local','volunteer',1);
INSERT INTO `volunteers` (`user_id`,`name`,`age`,`gender`,`contact_number`,`house_no`,`street`,`city`,`district`,`gn_division`) VALUES (615,'Gayani Perera',53,'female','0733293917','143','Station Rd','Weraganthota','Kandy District','Weraganthota');
INSERT INTO `skills_volunteers` (`user_id`,`skill_id`) VALUES (615,6);
INSERT INTO `volunteer_preference_volunteers` (`user_id`,`preference_id`) VALUES (615,1);
INSERT INTO `volunteer_preference_volunteers` (`user_id`,`preference_id`) VALUES (615,3);
INSERT INTO `volunteer_preference_volunteers` (`user_id`,`preference_id`) VALUES (615,8);
INSERT INTO `users` (`user_id`,`username`,`password_hash`,`email`,`role`,`active`) VALUES (616,'vol_weraganthota_3','$2y$10$iiFpvIL1hfaNBYMBhqKCYuge5zWIk4DisB4TvHrBlzmuo5fjfaKY6','vol.333@resqnet.local','volunteer',1);
INSERT INTO `volunteers` (`user_id`,`name`,`age`,`gender`,`contact_number`,`house_no`,`street`,`city`,`district`,`gn_division`) VALUES (616,'Pradeep Pathirana',53,'other','0710131048','121','School Ln','Weraganthota','Kandy District','Weraganthota');
INSERT INTO `skills_volunteers` (`user_id`,`skill_id`) VALUES (616,2);
INSERT INTO `skills_volunteers` (`user_id`,`skill_id`) VALUES (616,4);
INSERT INTO `volunteer_preference_volunteers` (`user_id`,`preference_id`) VALUES (616,6);
INSERT INTO `volunteer_preference_volunteers` (`user_id`,`preference_id`) VALUES (616,7);
INSERT INTO `users` (`user_id`,`username`,`password_hash`,`email`,`role`,`active`) VALUES (617,'vol_weraganthota_4','$2y$10$iiFpvIL1hfaNBYMBhqKCYuge5zWIk4DisB4TvHrBlzmuo5fjfaKY6','vol.334@resqnet.local','volunteer',1);
INSERT INTO `volunteers` (`user_id`,`name`,`age`,`gender`,`contact_number`,`house_no`,`street`,`city`,`district`,`gn_division`) VALUES (617,'Lahiru Pathirana',30,'male','0722860886','125','School Ln','Weraganthota','Kandy District','Weraganthota');
INSERT INTO `skills_volunteers` (`user_id`,`skill_id`) VALUES (617,1);
INSERT INTO `skills_volunteers` (`user_id`,`skill_id`) VALUES (617,3);
INSERT INTO `volunteer_preference_volunteers` (`user_id`,`preference_id`) VALUES (617,2);
INSERT INTO `users` (`user_id`,`username`,`password_hash`,`email`,`role`,`active`) VALUES (618,'vol_weraganthota_5','$2y$10$iiFpvIL1hfaNBYMBhqKCYuge5zWIk4DisB4TvHrBlzmuo5fjfaKY6','vol.335@resqnet.local','volunteer',0);
INSERT INTO `volunteers` (`user_id`,`name`,`age`,`gender`,`contact_number`,`house_no`,`street`,`city`,`district`,`gn_division`) VALUES (618,'Hiruni Fernando',30,'female','0758528916','29','Lake Rd','Weraganthota','Kandy District','Weraganthota');
INSERT INTO `skills_volunteers` (`user_id`,`skill_id`) VALUES (618,1);
INSERT INTO `volunteer_preference_volunteers` (`user_id`,`preference_id`) VALUES (618,6);
INSERT INTO `volunteer_preference_volunteers` (`user_id`,`preference_id`) VALUES (618,7);
INSERT INTO `users` (`user_id`,`username`,`password_hash`,`email`,`role`,`active`) VALUES (619,'vol_deraniyagala_1','$2y$10$iiFpvIL1hfaNBYMBhqKCYuge5zWIk4DisB4TvHrBlzmuo5fjfaKY6','vol.336@resqnet.local','volunteer',1);
INSERT INTO `volunteers` (`user_id`,`name`,`age`,`gender`,`contact_number`,`house_no`,`street`,`city`,`district`,`gn_division`) VALUES (619,'Dasun Ekanayake',27,'other','0717148034','189','Station Rd','Deraniyagala','Kegalle District','Deraniyagala');
INSERT INTO `skills_volunteers` (`user_id`,`skill_id`) VALUES (619,1);
INSERT INTO `volunteer_preference_volunteers` (`user_id`,`preference_id`) VALUES (619,2);
INSERT INTO `volunteer_preference_volunteers` (`user_id`,`preference_id`) VALUES (619,6);
INSERT INTO `users` (`user_id`,`username`,`password_hash`,`email`,`role`,`active`) VALUES (620,'vol_deraniyagala_2','$2y$10$iiFpvIL1hfaNBYMBhqKCYuge5zWIk4DisB4TvHrBlzmuo5fjfaKY6','vol.337@resqnet.local','volunteer',1);
INSERT INTO `volunteers` (`user_id`,`name`,`age`,`gender`,`contact_number`,`house_no`,`street`,`city`,`district`,`gn_division`) VALUES (620,'Dasun Fernando',40,'male','0798561320','44','School Ln','Deraniyagala','Kegalle District','Deraniyagala');
INSERT INTO `skills_volunteers` (`user_id`,`skill_id`) VALUES (620,4);
INSERT INTO `skills_volunteers` (`user_id`,`skill_id`) VALUES (620,5);
INSERT INTO `volunteer_preference_volunteers` (`user_id`,`preference_id`) VALUES (620,8);
INSERT INTO `users` (`user_id`,`username`,`password_hash`,`email`,`role`,`active`) VALUES (621,'vol_deraniyagala_3','$2y$10$iiFpvIL1hfaNBYMBhqKCYuge5zWIk4DisB4TvHrBlzmuo5fjfaKY6','vol.338@resqnet.local','volunteer',1);
INSERT INTO `volunteers` (`user_id`,`name`,`age`,`gender`,`contact_number`,`house_no`,`street`,`city`,`district`,`gn_division`) VALUES (621,'Kavisha Dissanayake',32,'female','0759156980','61','River Rd','Deraniyagala','Kegalle District','Deraniyagala');
INSERT INTO `skills_volunteers` (`user_id`,`skill_id`) VALUES (621,1);
INSERT INTO `skills_volunteers` (`user_id`,`skill_id`) VALUES (621,6);
INSERT INTO `volunteer_preference_volunteers` (`user_id`,`preference_id`) VALUES (621,3);
INSERT INTO `users` (`user_id`,`username`,`password_hash`,`email`,`role`,`active`) VALUES (622,'vol_deraniyagala_4','$2y$10$iiFpvIL1hfaNBYMBhqKCYuge5zWIk4DisB4TvHrBlzmuo5fjfaKY6','vol.339@resqnet.local','volunteer',1);
INSERT INTO `volunteers` (`user_id`,`name`,`age`,`gender`,`contact_number`,`house_no`,`street`,`city`,`district`,`gn_division`) VALUES (622,'Lahiru Fernando',45,'other','0764409577','95','School Ln','Deraniyagala','Kegalle District','Deraniyagala');
INSERT INTO `skills_volunteers` (`user_id`,`skill_id`) VALUES (622,6);
INSERT INTO `volunteer_preference_volunteers` (`user_id`,`preference_id`) VALUES (622,2);
INSERT INTO `volunteer_preference_volunteers` (`user_id`,`preference_id`) VALUES (622,4);
INSERT INTO `volunteer_preference_volunteers` (`user_id`,`preference_id`) VALUES (622,8);
INSERT INTO `users` (`user_id`,`username`,`password_hash`,`email`,`role`,`active`) VALUES (623,'vol_deraniyagala_5','$2y$10$iiFpvIL1hfaNBYMBhqKCYuge5zWIk4DisB4TvHrBlzmuo5fjfaKY6','vol.340@resqnet.local','volunteer',0);
INSERT INTO `volunteers` (`user_id`,`name`,`age`,`gender`,`contact_number`,`house_no`,`street`,`city`,`district`,`gn_division`) VALUES (623,'Chaminda Karunaratne',42,'male','0754311262','149','Hill St','Deraniyagala','Kegalle District','Deraniyagala');
INSERT INTO `skills_volunteers` (`user_id`,`skill_id`) VALUES (623,2);
INSERT INTO `skills_volunteers` (`user_id`,`skill_id`) VALUES (623,4);
INSERT INTO `volunteer_preference_volunteers` (`user_id`,`preference_id`) VALUES (623,3);
INSERT INTO `volunteer_preference_volunteers` (`user_id`,`preference_id`) VALUES (623,6);
INSERT INTO `users` (`user_id`,`username`,`password_hash`,`email`,`role`,`active`) VALUES (624,'vol_holombuwa_1','$2y$10$iiFpvIL1hfaNBYMBhqKCYuge5zWIk4DisB4TvHrBlzmuo5fjfaKY6','vol.341@resqnet.local','volunteer',1);
INSERT INTO `volunteers` (`user_id`,`name`,`age`,`gender`,`contact_number`,`house_no`,`street`,`city`,`district`,`gn_division`) VALUES (624,'Malini Wickramasinghe',35,'female','0791061012','179','River Rd','Holombuwa','Kegalle District','Holombuwa');
INSERT INTO `skills_volunteers` (`user_id`,`skill_id`) VALUES (624,5);
INSERT INTO `volunteer_preference_volunteers` (`user_id`,`preference_id`) VALUES (624,4);
INSERT INTO `volunteer_preference_volunteers` (`user_id`,`preference_id`) VALUES (624,5);
INSERT INTO `users` (`user_id`,`username`,`password_hash`,`email`,`role`,`active`) VALUES (625,'vol_holombuwa_2','$2y$10$iiFpvIL1hfaNBYMBhqKCYuge5zWIk4DisB4TvHrBlzmuo5fjfaKY6','vol.342@resqnet.local','volunteer',1);
INSERT INTO `volunteers` (`user_id`,`name`,`age`,`gender`,`contact_number`,`house_no`,`street`,`city`,`district`,`gn_division`) VALUES (625,'Amila Liyanage',36,'other','0731637073','7','Hill St','Holombuwa','Kegalle District','Holombuwa');
INSERT INTO `skills_volunteers` (`user_id`,`skill_id`) VALUES (625,3);
INSERT INTO `volunteer_preference_volunteers` (`user_id`,`preference_id`) VALUES (625,7);
INSERT INTO `users` (`user_id`,`username`,`password_hash`,`email`,`role`,`active`) VALUES (626,'vol_holombuwa_3','$2y$10$iiFpvIL1hfaNBYMBhqKCYuge5zWIk4DisB4TvHrBlzmuo5fjfaKY6','vol.343@resqnet.local','volunteer',1);
INSERT INTO `volunteers` (`user_id`,`name`,`age`,`gender`,`contact_number`,`house_no`,`street`,`city`,`district`,`gn_division`) VALUES (626,'Ishan Rathnayake',37,'male','0755597104','184','Lake Rd','Holombuwa','Kegalle District','Holombuwa');
INSERT INTO `skills_volunteers` (`user_id`,`skill_id`) VALUES (626,5);
INSERT INTO `volunteer_preference_volunteers` (`user_id`,`preference_id`) VALUES (626,5);
INSERT INTO `volunteer_preference_volunteers` (`user_id`,`preference_id`) VALUES (626,8);
INSERT INTO `users` (`user_id`,`username`,`password_hash`,`email`,`role`,`active`) VALUES (627,'vol_holombuwa_4','$2y$10$iiFpvIL1hfaNBYMBhqKCYuge5zWIk4DisB4TvHrBlzmuo5fjfaKY6','vol.344@resqnet.local','volunteer',1);
INSERT INTO `volunteers` (`user_id`,`name`,`age`,`gender`,`contact_number`,`house_no`,`street`,`city`,`district`,`gn_division`) VALUES (627,'Nadeesha Karunaratne',45,'female','0747152423','63','Garden Ln','Holombuwa','Kegalle District','Holombuwa');
INSERT INTO `skills_volunteers` (`user_id`,`skill_id`) VALUES (627,2);
INSERT INTO `volunteer_preference_volunteers` (`user_id`,`preference_id`) VALUES (627,3);
INSERT INTO `volunteer_preference_volunteers` (`user_id`,`preference_id`) VALUES (627,7);
INSERT INTO `users` (`user_id`,`username`,`password_hash`,`email`,`role`,`active`) VALUES (628,'vol_holombuwa_5','$2y$10$iiFpvIL1hfaNBYMBhqKCYuge5zWIk4DisB4TvHrBlzmuo5fjfaKY6','vol.345@resqnet.local','volunteer',0);
INSERT INTO `volunteers` (`user_id`,`name`,`age`,`gender`,`contact_number`,`house_no`,`street`,`city`,`district`,`gn_division`) VALUES (628,'Pradeep Wickramasinghe',49,'other','0766177409','144','Temple Rd','Holombuwa','Kegalle District','Holombuwa');
INSERT INTO `skills_volunteers` (`user_id`,`skill_id`) VALUES (628,2);
INSERT INTO `volunteer_preference_volunteers` (`user_id`,`preference_id`) VALUES (628,3);
INSERT INTO `volunteer_preference_volunteers` (`user_id`,`preference_id`) VALUES (628,8);
INSERT INTO `users` (`user_id`,`username`,`password_hash`,`email`,`role`,`active`) VALUES (629,'vol_kithulgala_1','$2y$10$iiFpvIL1hfaNBYMBhqKCYuge5zWIk4DisB4TvHrBlzmuo5fjfaKY6','vol.346@resqnet.local','volunteer',1);
INSERT INTO `volunteers` (`user_id`,`name`,`age`,`gender`,`contact_number`,`house_no`,`street`,`city`,`district`,`gn_division`) VALUES (629,'Malith Herath',24,'male','0729332770','139','Garden Ln','Kithulgala','Kegalle District','Kithulgala');
INSERT INTO `skills_volunteers` (`user_id`,`skill_id`) VALUES (629,6);
INSERT INTO `volunteer_preference_volunteers` (`user_id`,`preference_id`) VALUES (629,5);
INSERT INTO `volunteer_preference_volunteers` (`user_id`,`preference_id`) VALUES (629,6);
INSERT INTO `volunteer_preference_volunteers` (`user_id`,`preference_id`) VALUES (629,7);
INSERT INTO `users` (`user_id`,`username`,`password_hash`,`email`,`role`,`active`) VALUES (630,'vol_kithulgala_2','$2y$10$iiFpvIL1hfaNBYMBhqKCYuge5zWIk4DisB4TvHrBlzmuo5fjfaKY6','vol.347@resqnet.local','volunteer',1);
INSERT INTO `volunteers` (`user_id`,`name`,`age`,`gender`,`contact_number`,`house_no`,`street`,`city`,`district`,`gn_division`) VALUES (630,'Dulani Jayawardena',28,'female','0732162207','140','Hill St','Kithulgala','Kegalle District','Kithulgala');
INSERT INTO `skills_volunteers` (`user_id`,`skill_id`) VALUES (630,5);
INSERT INTO `volunteer_preference_volunteers` (`user_id`,`preference_id`) VALUES (630,1);
INSERT INTO `volunteer_preference_volunteers` (`user_id`,`preference_id`) VALUES (630,6);
INSERT INTO `volunteer_preference_volunteers` (`user_id`,`preference_id`) VALUES (630,7);
INSERT INTO `users` (`user_id`,`username`,`password_hash`,`email`,`role`,`active`) VALUES (631,'vol_kithulgala_3','$2y$10$iiFpvIL1hfaNBYMBhqKCYuge5zWIk4DisB4TvHrBlzmuo5fjfaKY6','vol.348@resqnet.local','volunteer',1);
INSERT INTO `volunteers` (`user_id`,`name`,`age`,`gender`,`contact_number`,`house_no`,`street`,`city`,`district`,`gn_division`) VALUES (631,'Tharaka Wickramasinghe',23,'other','0742257714','130','River Rd','Kithulgala','Kegalle District','Kithulgala');
INSERT INTO `skills_volunteers` (`user_id`,`skill_id`) VALUES (631,4);
INSERT INTO `skills_volunteers` (`user_id`,`skill_id`) VALUES (631,5);
INSERT INTO `skills_volunteers` (`user_id`,`skill_id`) VALUES (631,6);
INSERT INTO `volunteer_preference_volunteers` (`user_id`,`preference_id`) VALUES (631,3);
INSERT INTO `volunteer_preference_volunteers` (`user_id`,`preference_id`) VALUES (631,6);
INSERT INTO `users` (`user_id`,`username`,`password_hash`,`email`,`role`,`active`) VALUES (632,'vol_kithulgala_4','$2y$10$iiFpvIL1hfaNBYMBhqKCYuge5zWIk4DisB4TvHrBlzmuo5fjfaKY6','vol.349@resqnet.local','volunteer',1);
INSERT INTO `volunteers` (`user_id`,`name`,`age`,`gender`,`contact_number`,`house_no`,`street`,`city`,`district`,`gn_division`) VALUES (632,'Sampath Fernando',34,'male','0724616433','167','River Rd','Kithulgala','Kegalle District','Kithulgala');
INSERT INTO `skills_volunteers` (`user_id`,`skill_id`) VALUES (632,3);
INSERT INTO `skills_volunteers` (`user_id`,`skill_id`) VALUES (632,4);
INSERT INTO `volunteer_preference_volunteers` (`user_id`,`preference_id`) VALUES (632,5);
INSERT INTO `volunteer_preference_volunteers` (`user_id`,`preference_id`) VALUES (632,6);
INSERT INTO `volunteer_preference_volunteers` (`user_id`,`preference_id`) VALUES (632,7);
INSERT INTO `users` (`user_id`,`username`,`password_hash`,`email`,`role`,`active`) VALUES (633,'vol_kithulgala_5','$2y$10$iiFpvIL1hfaNBYMBhqKCYuge5zWIk4DisB4TvHrBlzmuo5fjfaKY6','vol.350@resqnet.local','volunteer',0);
INSERT INTO `volunteers` (`user_id`,`name`,`age`,`gender`,`contact_number`,`house_no`,`street`,`city`,`district`,`gn_division`) VALUES (633,'Iresha Perera',22,'female','0729060179','119','Temple Rd','Kithulgala','Kegalle District','Kithulgala');
INSERT INTO `skills_volunteers` (`user_id`,`skill_id`) VALUES (633,4);
INSERT INTO `volunteer_preference_volunteers` (`user_id`,`preference_id`) VALUES (633,5);
INSERT INTO `users` (`user_id`,`username`,`password_hash`,`email`,`role`,`active`) VALUES (634,'vol_mawanella_1','$2y$10$iiFpvIL1hfaNBYMBhqKCYuge5zWIk4DisB4TvHrBlzmuo5fjfaKY6','vol.351@resqnet.local','volunteer',1);
INSERT INTO `volunteers` (`user_id`,`name`,`age`,`gender`,`contact_number`,`house_no`,`street`,`city`,`district`,`gn_division`) VALUES (634,'Sahan Wijesinghe',43,'other','0769861637','55','Lake Rd','Mawanella','Kegalle District','Mawanella');
INSERT INTO `skills_volunteers` (`user_id`,`skill_id`) VALUES (634,2);
INSERT INTO `volunteer_preference_volunteers` (`user_id`,`preference_id`) VALUES (634,1);
INSERT INTO `users` (`user_id`,`username`,`password_hash`,`email`,`role`,`active`) VALUES (635,'vol_mawanella_2','$2y$10$iiFpvIL1hfaNBYMBhqKCYuge5zWIk4DisB4TvHrBlzmuo5fjfaKY6','vol.352@resqnet.local','volunteer',1);
INSERT INTO `volunteers` (`user_id`,`name`,`age`,`gender`,`contact_number`,`house_no`,`street`,`city`,`district`,`gn_division`) VALUES (635,'Sunil Cooray',42,'male','0773148991','37','Main St','Mawanella','Kegalle District','Mawanella');
INSERT INTO `skills_volunteers` (`user_id`,`skill_id`) VALUES (635,1);
INSERT INTO `skills_volunteers` (`user_id`,`skill_id`) VALUES (635,5);
INSERT INTO `skills_volunteers` (`user_id`,`skill_id`) VALUES (635,6);
INSERT INTO `volunteer_preference_volunteers` (`user_id`,`preference_id`) VALUES (635,5);
INSERT INTO `volunteer_preference_volunteers` (`user_id`,`preference_id`) VALUES (635,7);
INSERT INTO `users` (`user_id`,`username`,`password_hash`,`email`,`role`,`active`) VALUES (636,'vol_mawanella_3','$2y$10$iiFpvIL1hfaNBYMBhqKCYuge5zWIk4DisB4TvHrBlzmuo5fjfaKY6','vol.353@resqnet.local','volunteer',1);
INSERT INTO `volunteers` (`user_id`,`name`,`age`,`gender`,`contact_number`,`house_no`,`street`,`city`,`district`,`gn_division`) VALUES (636,'Anusha Wickramasinghe',36,'female','0782680053','51','Hill St','Mawanella','Kegalle District','Mawanella');
INSERT INTO `skills_volunteers` (`user_id`,`skill_id`) VALUES (636,3);
INSERT INTO `volunteer_preference_volunteers` (`user_id`,`preference_id`) VALUES (636,2);
INSERT INTO `users` (`user_id`,`username`,`password_hash`,`email`,`role`,`active`) VALUES (637,'vol_mawanella_4','$2y$10$iiFpvIL1hfaNBYMBhqKCYuge5zWIk4DisB4TvHrBlzmuo5fjfaKY6','vol.354@resqnet.local','volunteer',1);
INSERT INTO `volunteers` (`user_id`,`name`,`age`,`gender`,`contact_number`,`house_no`,`street`,`city`,`district`,`gn_division`) VALUES (637,'Malith Ekanayake',45,'other','0758429221','123','School Ln','Mawanella','Kegalle District','Mawanella');
INSERT INTO `skills_volunteers` (`user_id`,`skill_id`) VALUES (637,1);
INSERT INTO `skills_volunteers` (`user_id`,`skill_id`) VALUES (637,6);
INSERT INTO `volunteer_preference_volunteers` (`user_id`,`preference_id`) VALUES (637,3);
INSERT INTO `volunteer_preference_volunteers` (`user_id`,`preference_id`) VALUES (637,6);
INSERT INTO `users` (`user_id`,`username`,`password_hash`,`email`,`role`,`active`) VALUES (638,'vol_mawanella_5','$2y$10$iiFpvIL1hfaNBYMBhqKCYuge5zWIk4DisB4TvHrBlzmuo5fjfaKY6','vol.355@resqnet.local','volunteer',0);
INSERT INTO `volunteers` (`user_id`,`name`,`age`,`gender`,`contact_number`,`house_no`,`street`,`city`,`district`,`gn_division`) VALUES (638,'Amila Wickramasinghe',19,'male','0745492653','16','Temple Rd','Mawanella','Kegalle District','Mawanella');
INSERT INTO `skills_volunteers` (`user_id`,`skill_id`) VALUES (638,2);
INSERT INTO `skills_volunteers` (`user_id`,`skill_id`) VALUES (638,4);
INSERT INTO `volunteer_preference_volunteers` (`user_id`,`preference_id`) VALUES (638,2);
INSERT INTO `volunteer_preference_volunteers` (`user_id`,`preference_id`) VALUES (638,3);
INSERT INTO `volunteer_preference_volunteers` (`user_id`,`preference_id`) VALUES (638,5);
INSERT INTO `users` (`user_id`,`username`,`password_hash`,`email`,`role`,`active`) VALUES (639,'vol_ruwanwella_1','$2y$10$iiFpvIL1hfaNBYMBhqKCYuge5zWIk4DisB4TvHrBlzmuo5fjfaKY6','vol.356@resqnet.local','volunteer',1);
INSERT INTO `volunteers` (`user_id`,`name`,`age`,`gender`,`contact_number`,`house_no`,`street`,`city`,`district`,`gn_division`) VALUES (639,'Sanduni Mendis',45,'female','0723754372','30','Hill St','Ruwanwella','Kegalle District','Ruwanwella');
INSERT INTO `skills_volunteers` (`user_id`,`skill_id`) VALUES (639,2);
INSERT INTO `volunteer_preference_volunteers` (`user_id`,`preference_id`) VALUES (639,4);
INSERT INTO `volunteer_preference_volunteers` (`user_id`,`preference_id`) VALUES (639,7);
INSERT INTO `users` (`user_id`,`username`,`password_hash`,`email`,`role`,`active`) VALUES (640,'vol_ruwanwella_2','$2y$10$iiFpvIL1hfaNBYMBhqKCYuge5zWIk4DisB4TvHrBlzmuo5fjfaKY6','vol.357@resqnet.local','volunteer',1);
INSERT INTO `volunteers` (`user_id`,`name`,`age`,`gender`,`contact_number`,`house_no`,`street`,`city`,`district`,`gn_division`) VALUES (640,'Dinesh Wijesinghe',34,'other','0786492268','10','Main St','Ruwanwella','Kegalle District','Ruwanwella');
INSERT INTO `skills_volunteers` (`user_id`,`skill_id`) VALUES (640,5);
INSERT INTO `volunteer_preference_volunteers` (`user_id`,`preference_id`) VALUES (640,2);
INSERT INTO `volunteer_preference_volunteers` (`user_id`,`preference_id`) VALUES (640,4);
INSERT INTO `volunteer_preference_volunteers` (`user_id`,`preference_id`) VALUES (640,6);
INSERT INTO `users` (`user_id`,`username`,`password_hash`,`email`,`role`,`active`) VALUES (641,'vol_ruwanwella_3','$2y$10$iiFpvIL1hfaNBYMBhqKCYuge5zWIk4DisB4TvHrBlzmuo5fjfaKY6','vol.358@resqnet.local','volunteer',1);
INSERT INTO `volunteers` (`user_id`,`name`,`age`,`gender`,`contact_number`,`house_no`,`street`,`city`,`district`,`gn_division`) VALUES (641,'Malith Cooray',34,'male','0736277899','118','Market Rd','Ruwanwella','Kegalle District','Ruwanwella');
INSERT INTO `skills_volunteers` (`user_id`,`skill_id`) VALUES (641,2);
INSERT INTO `volunteer_preference_volunteers` (`user_id`,`preference_id`) VALUES (641,6);
INSERT INTO `users` (`user_id`,`username`,`password_hash`,`email`,`role`,`active`) VALUES (642,'vol_ruwanwella_4','$2y$10$iiFpvIL1hfaNBYMBhqKCYuge5zWIk4DisB4TvHrBlzmuo5fjfaKY6','vol.359@resqnet.local','volunteer',1);
INSERT INTO `volunteers` (`user_id`,`name`,`age`,`gender`,`contact_number`,`house_no`,`street`,`city`,`district`,`gn_division`) VALUES (642,'Anusha Senanayake',27,'female','0730358549','131','Market Rd','Ruwanwella','Kegalle District','Ruwanwella');
INSERT INTO `skills_volunteers` (`user_id`,`skill_id`) VALUES (642,1);
INSERT INTO `skills_volunteers` (`user_id`,`skill_id`) VALUES (642,4);
INSERT INTO `skills_volunteers` (`user_id`,`skill_id`) VALUES (642,6);
INSERT INTO `volunteer_preference_volunteers` (`user_id`,`preference_id`) VALUES (642,7);
INSERT INTO `users` (`user_id`,`username`,`password_hash`,`email`,`role`,`active`) VALUES (643,'vol_ruwanwella_5','$2y$10$iiFpvIL1hfaNBYMBhqKCYuge5zWIk4DisB4TvHrBlzmuo5fjfaKY6','vol.360@resqnet.local','volunteer',0);
INSERT INTO `volunteers` (`user_id`,`name`,`age`,`gender`,`contact_number`,`house_no`,`street`,`city`,`district`,`gn_division`) VALUES (643,'Nimal Jayawardena',48,'other','0773603900','71','Garden Ln','Ruwanwella','Kegalle District','Ruwanwella');
INSERT INTO `skills_volunteers` (`user_id`,`skill_id`) VALUES (643,1);
INSERT INTO `volunteer_preference_volunteers` (`user_id`,`preference_id`) VALUES (643,1);
INSERT INTO `volunteer_preference_volunteers` (`user_id`,`preference_id`) VALUES (643,4);
INSERT INTO `volunteer_preference_volunteers` (`user_id`,`preference_id`) VALUES (643,5);
INSERT INTO `users` (`user_id`,`username`,`password_hash`,`email`,`role`,`active`) VALUES (644,'vol_yatiyanthota_1','$2y$10$iiFpvIL1hfaNBYMBhqKCYuge5zWIk4DisB4TvHrBlzmuo5fjfaKY6','vol.361@resqnet.local','volunteer',1);
INSERT INTO `volunteers` (`user_id`,`name`,`age`,`gender`,`contact_number`,`house_no`,`street`,`city`,`district`,`gn_division`) VALUES (644,'Chathura Ekanayake',47,'male','0711808221','54','Church Rd','Yatiyanthota','Kegalle District','Yatiyanthota');
INSERT INTO `skills_volunteers` (`user_id`,`skill_id`) VALUES (644,5);
INSERT INTO `volunteer_preference_volunteers` (`user_id`,`preference_id`) VALUES (644,2);
INSERT INTO `users` (`user_id`,`username`,`password_hash`,`email`,`role`,`active`) VALUES (645,'vol_yatiyanthota_2','$2y$10$iiFpvIL1hfaNBYMBhqKCYuge5zWIk4DisB4TvHrBlzmuo5fjfaKY6','vol.362@resqnet.local','volunteer',1);
INSERT INTO `volunteers` (`user_id`,`name`,`age`,`gender`,`contact_number`,`house_no`,`street`,`city`,`district`,`gn_division`) VALUES (645,'Pavithra Jayawardena',29,'female','0717300212','177','Garden Ln','Yatiyanthota','Kegalle District','Yatiyanthota');
INSERT INTO `skills_volunteers` (`user_id`,`skill_id`) VALUES (645,1);
INSERT INTO `skills_volunteers` (`user_id`,`skill_id`) VALUES (645,3);
INSERT INTO `skills_volunteers` (`user_id`,`skill_id`) VALUES (645,5);
INSERT INTO `volunteer_preference_volunteers` (`user_id`,`preference_id`) VALUES (645,4);
INSERT INTO `volunteer_preference_volunteers` (`user_id`,`preference_id`) VALUES (645,5);
INSERT INTO `volunteer_preference_volunteers` (`user_id`,`preference_id`) VALUES (645,6);
INSERT INTO `users` (`user_id`,`username`,`password_hash`,`email`,`role`,`active`) VALUES (646,'vol_yatiyanthota_3','$2y$10$iiFpvIL1hfaNBYMBhqKCYuge5zWIk4DisB4TvHrBlzmuo5fjfaKY6','vol.363@resqnet.local','volunteer',1);
INSERT INTO `volunteers` (`user_id`,`name`,`age`,`gender`,`contact_number`,`house_no`,`street`,`city`,`district`,`gn_division`) VALUES (646,'Roshan Weerasinghe',23,'other','0774977478','168','Church Rd','Yatiyanthota','Kegalle District','Yatiyanthota');
INSERT INTO `skills_volunteers` (`user_id`,`skill_id`) VALUES (646,4);
INSERT INTO `skills_volunteers` (`user_id`,`skill_id`) VALUES (646,5);
INSERT INTO `skills_volunteers` (`user_id`,`skill_id`) VALUES (646,6);
INSERT INTO `volunteer_preference_volunteers` (`user_id`,`preference_id`) VALUES (646,5);
INSERT INTO `volunteer_preference_volunteers` (`user_id`,`preference_id`) VALUES (646,7);
INSERT INTO `volunteer_preference_volunteers` (`user_id`,`preference_id`) VALUES (646,8);
INSERT INTO `users` (`user_id`,`username`,`password_hash`,`email`,`role`,`active`) VALUES (647,'vol_yatiyanthota_4','$2y$10$iiFpvIL1hfaNBYMBhqKCYuge5zWIk4DisB4TvHrBlzmuo5fjfaKY6','vol.364@resqnet.local','volunteer',1);
INSERT INTO `volunteers` (`user_id`,`name`,`age`,`gender`,`contact_number`,`house_no`,`street`,`city`,`district`,`gn_division`) VALUES (647,'Malith Mendis',33,'male','0739585120','54','Station Rd','Yatiyanthota','Kegalle District','Yatiyanthota');
INSERT INTO `skills_volunteers` (`user_id`,`skill_id`) VALUES (647,3);
INSERT INTO `skills_volunteers` (`user_id`,`skill_id`) VALUES (647,4);
INSERT INTO `volunteer_preference_volunteers` (`user_id`,`preference_id`) VALUES (647,3);
INSERT INTO `volunteer_preference_volunteers` (`user_id`,`preference_id`) VALUES (647,8);
INSERT INTO `users` (`user_id`,`username`,`password_hash`,`email`,`role`,`active`) VALUES (648,'vol_yatiyanthota_5','$2y$10$iiFpvIL1hfaNBYMBhqKCYuge5zWIk4DisB4TvHrBlzmuo5fjfaKY6','vol.365@resqnet.local','volunteer',0);
INSERT INTO `volunteers` (`user_id`,`name`,`age`,`gender`,`contact_number`,`house_no`,`street`,`city`,`district`,`gn_division`) VALUES (648,'Hiruni Silva',53,'female','0761458961','149','Main St','Yatiyanthota','Kegalle District','Yatiyanthota');
INSERT INTO `skills_volunteers` (`user_id`,`skill_id`) VALUES (648,2);
INSERT INTO `volunteer_preference_volunteers` (`user_id`,`preference_id`) VALUES (648,1);
INSERT INTO `volunteer_preference_volunteers` (`user_id`,`preference_id`) VALUES (648,5);
INSERT INTO `volunteer_preference_volunteers` (`user_id`,`preference_id`) VALUES (648,6);
INSERT INTO `users` (`user_id`,`username`,`password_hash`,`email`,`role`,`active`) VALUES (649,'vol_warakapola_1','$2y$10$iiFpvIL1hfaNBYMBhqKCYuge5zWIk4DisB4TvHrBlzmuo5fjfaKY6','vol.366@resqnet.local','volunteer',1);
INSERT INTO `volunteers` (`user_id`,`name`,`age`,`gender`,`contact_number`,`house_no`,`street`,`city`,`district`,`gn_division`) VALUES (649,'Sunil Fernando',44,'other','0779832662','71','Hill St','Warakapola','Kegalle District','Warakapola');
INSERT INTO `skills_volunteers` (`user_id`,`skill_id`) VALUES (649,5);
INSERT INTO `volunteer_preference_volunteers` (`user_id`,`preference_id`) VALUES (649,2);
INSERT INTO `volunteer_preference_volunteers` (`user_id`,`preference_id`) VALUES (649,3);
INSERT INTO `users` (`user_id`,`username`,`password_hash`,`email`,`role`,`active`) VALUES (650,'vol_warakapola_2','$2y$10$iiFpvIL1hfaNBYMBhqKCYuge5zWIk4DisB4TvHrBlzmuo5fjfaKY6','vol.367@resqnet.local','volunteer',1);
INSERT INTO `volunteers` (`user_id`,`name`,`age`,`gender`,`contact_number`,`house_no`,`street`,`city`,`district`,`gn_division`) VALUES (650,'Malith Mendis',24,'male','0762562164','143','Market Rd','Warakapola','Kegalle District','Warakapola');
INSERT INTO `skills_volunteers` (`user_id`,`skill_id`) VALUES (650,2);
INSERT INTO `skills_volunteers` (`user_id`,`skill_id`) VALUES (650,4);
INSERT INTO `skills_volunteers` (`user_id`,`skill_id`) VALUES (650,6);
INSERT INTO `volunteer_preference_volunteers` (`user_id`,`preference_id`) VALUES (650,3);
INSERT INTO `volunteer_preference_volunteers` (`user_id`,`preference_id`) VALUES (650,4);
INSERT INTO `volunteer_preference_volunteers` (`user_id`,`preference_id`) VALUES (650,8);
INSERT INTO `users` (`user_id`,`username`,`password_hash`,`email`,`role`,`active`) VALUES (651,'vol_warakapola_3','$2y$10$iiFpvIL1hfaNBYMBhqKCYuge5zWIk4DisB4TvHrBlzmuo5fjfaKY6','vol.368@resqnet.local','volunteer',1);
INSERT INTO `volunteers` (`user_id`,`name`,`age`,`gender`,`contact_number`,`house_no`,`street`,`city`,`district`,`gn_division`) VALUES (651,'Anusha Rathnayake',32,'female','0783506389','165','River Rd','Warakapola','Kegalle District','Warakapola');
INSERT INTO `skills_volunteers` (`user_id`,`skill_id`) VALUES (651,2);
INSERT INTO `skills_volunteers` (`user_id`,`skill_id`) VALUES (651,3);
INSERT INTO `skills_volunteers` (`user_id`,`skill_id`) VALUES (651,6);
INSERT INTO `volunteer_preference_volunteers` (`user_id`,`preference_id`) VALUES (651,2);
INSERT INTO `users` (`user_id`,`username`,`password_hash`,`email`,`role`,`active`) VALUES (652,'vol_warakapola_4','$2y$10$iiFpvIL1hfaNBYMBhqKCYuge5zWIk4DisB4TvHrBlzmuo5fjfaKY6','vol.369@resqnet.local','volunteer',1);
INSERT INTO `volunteers` (`user_id`,`name`,`age`,`gender`,`contact_number`,`house_no`,`street`,`city`,`district`,`gn_division`) VALUES (652,'Dasun Ekanayake',27,'other','0719988226','179','Main St','Warakapola','Kegalle District','Warakapola');
INSERT INTO `skills_volunteers` (`user_id`,`skill_id`) VALUES (652,3);
INSERT INTO `skills_volunteers` (`user_id`,`skill_id`) VALUES (652,5);
INSERT INTO `skills_volunteers` (`user_id`,`skill_id`) VALUES (652,6);
INSERT INTO `volunteer_preference_volunteers` (`user_id`,`preference_id`) VALUES (652,7);
INSERT INTO `volunteer_preference_volunteers` (`user_id`,`preference_id`) VALUES (652,8);
INSERT INTO `users` (`user_id`,`username`,`password_hash`,`email`,`role`,`active`) VALUES (653,'vol_warakapola_5','$2y$10$iiFpvIL1hfaNBYMBhqKCYuge5zWIk4DisB4TvHrBlzmuo5fjfaKY6','vol.370@resqnet.local','volunteer',0);
INSERT INTO `volunteers` (`user_id`,`name`,`age`,`gender`,`contact_number`,`house_no`,`street`,`city`,`district`,`gn_division`) VALUES (653,'Roshan Samarasinghe',37,'male','0742184246','200','Garden Ln','Warakapola','Kegalle District','Warakapola');
INSERT INTO `skills_volunteers` (`user_id`,`skill_id`) VALUES (653,4);
INSERT INTO `skills_volunteers` (`user_id`,`skill_id`) VALUES (653,5);
INSERT INTO `skills_volunteers` (`user_id`,`skill_id`) VALUES (653,6);
INSERT INTO `volunteer_preference_volunteers` (`user_id`,`preference_id`) VALUES (653,4);
INSERT INTO `volunteer_preference_volunteers` (`user_id`,`preference_id`) VALUES (653,5);
INSERT INTO `users` (`user_id`,`username`,`password_hash`,`email`,`role`,`active`) VALUES (654,'vol_rathnapura_1','$2y$10$iiFpvIL1hfaNBYMBhqKCYuge5zWIk4DisB4TvHrBlzmuo5fjfaKY6','vol.371@resqnet.local','volunteer',1);
INSERT INTO `volunteers` (`user_id`,`name`,`age`,`gender`,`contact_number`,`house_no`,`street`,`city`,`district`,`gn_division`) VALUES (654,'Rashmi Senanayake',18,'female','0710292267','158','Hill St','Rathnapura','Ratnapura District','Rathnapura');
INSERT INTO `skills_volunteers` (`user_id`,`skill_id`) VALUES (654,3);
INSERT INTO `skills_volunteers` (`user_id`,`skill_id`) VALUES (654,5);
INSERT INTO `volunteer_preference_volunteers` (`user_id`,`preference_id`) VALUES (654,6);
INSERT INTO `users` (`user_id`,`username`,`password_hash`,`email`,`role`,`active`) VALUES (655,'vol_rathnapura_2','$2y$10$iiFpvIL1hfaNBYMBhqKCYuge5zWIk4DisB4TvHrBlzmuo5fjfaKY6','vol.372@resqnet.local','volunteer',1);
INSERT INTO `volunteers` (`user_id`,`name`,`age`,`gender`,`contact_number`,`house_no`,`street`,`city`,`district`,`gn_division`) VALUES (655,'Ishan Bandara',34,'other','0727154997','117','School Ln','Rathnapura','Ratnapura District','Rathnapura');
INSERT INTO `skills_volunteers` (`user_id`,`skill_id`) VALUES (655,1);
INSERT INTO `skills_volunteers` (`user_id`,`skill_id`) VALUES (655,2);
INSERT INTO `skills_volunteers` (`user_id`,`skill_id`) VALUES (655,3);
INSERT INTO `volunteer_preference_volunteers` (`user_id`,`preference_id`) VALUES (655,2);
INSERT INTO `volunteer_preference_volunteers` (`user_id`,`preference_id`) VALUES (655,3);
INSERT INTO `volunteer_preference_volunteers` (`user_id`,`preference_id`) VALUES (655,7);
INSERT INTO `users` (`user_id`,`username`,`password_hash`,`email`,`role`,`active`) VALUES (656,'vol_rathnapura_3','$2y$10$iiFpvIL1hfaNBYMBhqKCYuge5zWIk4DisB4TvHrBlzmuo5fjfaKY6','vol.373@resqnet.local','volunteer',1);
INSERT INTO `volunteers` (`user_id`,`name`,`age`,`gender`,`contact_number`,`house_no`,`street`,`city`,`district`,`gn_division`) VALUES (656,'Sahan Herath',50,'male','0774849695','67','Garden Ln','Rathnapura','Ratnapura District','Rathnapura');
INSERT INTO `skills_volunteers` (`user_id`,`skill_id`) VALUES (656,1);
INSERT INTO `skills_volunteers` (`user_id`,`skill_id`) VALUES (656,3);
INSERT INTO `skills_volunteers` (`user_id`,`skill_id`) VALUES (656,6);
INSERT INTO `volunteer_preference_volunteers` (`user_id`,`preference_id`) VALUES (656,3);
INSERT INTO `volunteer_preference_volunteers` (`user_id`,`preference_id`) VALUES (656,6);
INSERT INTO `users` (`user_id`,`username`,`password_hash`,`email`,`role`,`active`) VALUES (657,'vol_rathnapura_4','$2y$10$iiFpvIL1hfaNBYMBhqKCYuge5zWIk4DisB4TvHrBlzmuo5fjfaKY6','vol.374@resqnet.local','volunteer',1);
INSERT INTO `volunteers` (`user_id`,`name`,`age`,`gender`,`contact_number`,`house_no`,`street`,`city`,`district`,`gn_division`) VALUES (657,'Sewwandi Wijesinghe',41,'female','0724794787','91','River Rd','Rathnapura','Ratnapura District','Rathnapura');
INSERT INTO `skills_volunteers` (`user_id`,`skill_id`) VALUES (657,4);
INSERT INTO `volunteer_preference_volunteers` (`user_id`,`preference_id`) VALUES (657,7);
INSERT INTO `volunteer_preference_volunteers` (`user_id`,`preference_id`) VALUES (657,8);
INSERT INTO `users` (`user_id`,`username`,`password_hash`,`email`,`role`,`active`) VALUES (658,'vol_rathnapura_5','$2y$10$iiFpvIL1hfaNBYMBhqKCYuge5zWIk4DisB4TvHrBlzmuo5fjfaKY6','vol.375@resqnet.local','volunteer',0);
INSERT INTO `volunteers` (`user_id`,`name`,`age`,`gender`,`contact_number`,`house_no`,`street`,`city`,`district`,`gn_division`) VALUES (658,'Sunil Rathnayake',45,'other','0770689569','137','School Ln','Rathnapura','Ratnapura District','Rathnapura');
INSERT INTO `skills_volunteers` (`user_id`,`skill_id`) VALUES (658,6);
INSERT INTO `volunteer_preference_volunteers` (`user_id`,`preference_id`) VALUES (658,4);
INSERT INTO `users` (`user_id`,`username`,`password_hash`,`email`,`role`,`active`) VALUES (659,'vol_ellagawa_1','$2y$10$iiFpvIL1hfaNBYMBhqKCYuge5zWIk4DisB4TvHrBlzmuo5fjfaKY6','vol.376@resqnet.local','volunteer',1);
INSERT INTO `volunteers` (`user_id`,`name`,`age`,`gender`,`contact_number`,`house_no`,`street`,`city`,`district`,`gn_division`) VALUES (659,'Sunil Rathnayake',49,'male','0726254819','33','Main St','Ellagawa','Ratnapura District','Ellagawa');
INSERT INTO `skills_volunteers` (`user_id`,`skill_id`) VALUES (659,2);
INSERT INTO `skills_volunteers` (`user_id`,`skill_id`) VALUES (659,6);
INSERT INTO `volunteer_preference_volunteers` (`user_id`,`preference_id`) VALUES (659,4);
INSERT INTO `users` (`user_id`,`username`,`password_hash`,`email`,`role`,`active`) VALUES (660,'vol_ellagawa_2','$2y$10$iiFpvIL1hfaNBYMBhqKCYuge5zWIk4DisB4TvHrBlzmuo5fjfaKY6','vol.377@resqnet.local','volunteer',1);
INSERT INTO `volunteers` (`user_id`,`name`,`age`,`gender`,`contact_number`,`house_no`,`street`,`city`,`district`,`gn_division`) VALUES (660,'Kavisha Karunaratne',36,'female','0734756112','20','Market Rd','Ellagawa','Ratnapura District','Ellagawa');
INSERT INTO `skills_volunteers` (`user_id`,`skill_id`) VALUES (660,1);
INSERT INTO `skills_volunteers` (`user_id`,`skill_id`) VALUES (660,2);
INSERT INTO `volunteer_preference_volunteers` (`user_id`,`preference_id`) VALUES (660,4);
INSERT INTO `volunteer_preference_volunteers` (`user_id`,`preference_id`) VALUES (660,5);
INSERT INTO `users` (`user_id`,`username`,`password_hash`,`email`,`role`,`active`) VALUES (661,'vol_ellagawa_3','$2y$10$iiFpvIL1hfaNBYMBhqKCYuge5zWIk4DisB4TvHrBlzmuo5fjfaKY6','vol.378@resqnet.local','volunteer',1);
INSERT INTO `volunteers` (`user_id`,`name`,`age`,`gender`,`contact_number`,`house_no`,`street`,`city`,`district`,`gn_division`) VALUES (661,'Tharaka Senanayake',35,'other','0751133114','93','Market Rd','Ellagawa','Ratnapura District','Ellagawa');
INSERT INTO `skills_volunteers` (`user_id`,`skill_id`) VALUES (661,2);
INSERT INTO `volunteer_preference_volunteers` (`user_id`,`preference_id`) VALUES (661,3);
INSERT INTO `users` (`user_id`,`username`,`password_hash`,`email`,`role`,`active`) VALUES (662,'vol_ellagawa_4','$2y$10$iiFpvIL1hfaNBYMBhqKCYuge5zWIk4DisB4TvHrBlzmuo5fjfaKY6','vol.379@resqnet.local','volunteer',1);
INSERT INTO `volunteers` (`user_id`,`name`,`age`,`gender`,`contact_number`,`house_no`,`street`,`city`,`district`,`gn_division`) VALUES (662,'Dasun Dissanayake',46,'male','0746718235','196','Hill St','Ellagawa','Ratnapura District','Ellagawa');
INSERT INTO `skills_volunteers` (`user_id`,`skill_id`) VALUES (662,1);
INSERT INTO `volunteer_preference_volunteers` (`user_id`,`preference_id`) VALUES (662,3);
INSERT INTO `volunteer_preference_volunteers` (`user_id`,`preference_id`) VALUES (662,5);
INSERT INTO `volunteer_preference_volunteers` (`user_id`,`preference_id`) VALUES (662,6);
INSERT INTO `users` (`user_id`,`username`,`password_hash`,`email`,`role`,`active`) VALUES (663,'vol_ellagawa_5','$2y$10$iiFpvIL1hfaNBYMBhqKCYuge5zWIk4DisB4TvHrBlzmuo5fjfaKY6','vol.380@resqnet.local','volunteer',0);
INSERT INTO `volunteers` (`user_id`,`name`,`age`,`gender`,`contact_number`,`house_no`,`street`,`city`,`district`,`gn_division`) VALUES (663,'Nimali Perera',36,'female','0728810280','197','Hill St','Ellagawa','Ratnapura District','Ellagawa');
INSERT INTO `skills_volunteers` (`user_id`,`skill_id`) VALUES (663,4);
INSERT INTO `volunteer_preference_volunteers` (`user_id`,`preference_id`) VALUES (663,8);
INSERT INTO `users` (`user_id`,`username`,`password_hash`,`email`,`role`,`active`) VALUES (664,'vol_kalawellawa_1','$2y$10$iiFpvIL1hfaNBYMBhqKCYuge5zWIk4DisB4TvHrBlzmuo5fjfaKY6','vol.381@resqnet.local','volunteer',1);
INSERT INTO `volunteers` (`user_id`,`name`,`age`,`gender`,`contact_number`,`house_no`,`street`,`city`,`district`,`gn_division`) VALUES (664,'Ashan Silva',47,'other','0795069244','158','Lake Rd','Kalawellawa','Ratnapura District','Kalawellawa');
INSERT INTO `skills_volunteers` (`user_id`,`skill_id`) VALUES (664,1);
INSERT INTO `skills_volunteers` (`user_id`,`skill_id`) VALUES (664,2);
INSERT INTO `volunteer_preference_volunteers` (`user_id`,`preference_id`) VALUES (664,1);
INSERT INTO `volunteer_preference_volunteers` (`user_id`,`preference_id`) VALUES (664,7);
INSERT INTO `users` (`user_id`,`username`,`password_hash`,`email`,`role`,`active`) VALUES (665,'vol_kalawellawa_2','$2y$10$iiFpvIL1hfaNBYMBhqKCYuge5zWIk4DisB4TvHrBlzmuo5fjfaKY6','vol.382@resqnet.local','volunteer',1);
INSERT INTO `volunteers` (`user_id`,`name`,`age`,`gender`,`contact_number`,`house_no`,`street`,`city`,`district`,`gn_division`) VALUES (665,'Ashan Senanayake',48,'male','0799908253','21','Station Rd','Kalawellawa','Ratnapura District','Kalawellawa');
INSERT INTO `skills_volunteers` (`user_id`,`skill_id`) VALUES (665,2);
INSERT INTO `volunteer_preference_volunteers` (`user_id`,`preference_id`) VALUES (665,1);
INSERT INTO `volunteer_preference_volunteers` (`user_id`,`preference_id`) VALUES (665,4);
INSERT INTO `volunteer_preference_volunteers` (`user_id`,`preference_id`) VALUES (665,7);
INSERT INTO `users` (`user_id`,`username`,`password_hash`,`email`,`role`,`active`) VALUES (666,'vol_kalawellawa_3','$2y$10$iiFpvIL1hfaNBYMBhqKCYuge5zWIk4DisB4TvHrBlzmuo5fjfaKY6','vol.383@resqnet.local','volunteer',1);
INSERT INTO `volunteers` (`user_id`,`name`,`age`,`gender`,`contact_number`,`house_no`,`street`,`city`,`district`,`gn_division`) VALUES (666,'Malini Herath',31,'female','0775702688','182','Lake Rd','Kalawellawa','Ratnapura District','Kalawellawa');
INSERT INTO `skills_volunteers` (`user_id`,`skill_id`) VALUES (666,1);
INSERT INTO `volunteer_preference_volunteers` (`user_id`,`preference_id`) VALUES (666,1);
INSERT INTO `users` (`user_id`,`username`,`password_hash`,`email`,`role`,`active`) VALUES (667,'vol_kalawellawa_4','$2y$10$iiFpvIL1hfaNBYMBhqKCYuge5zWIk4DisB4TvHrBlzmuo5fjfaKY6','vol.384@resqnet.local','volunteer',1);
INSERT INTO `volunteers` (`user_id`,`name`,`age`,`gender`,`contact_number`,`house_no`,`street`,`city`,`district`,`gn_division`) VALUES (667,'Sahan Wijesinghe',24,'other','0756081634','140','Garden Ln','Kalawellawa','Ratnapura District','Kalawellawa');
INSERT INTO `skills_volunteers` (`user_id`,`skill_id`) VALUES (667,1);
INSERT INTO `volunteer_preference_volunteers` (`user_id`,`preference_id`) VALUES (667,8);
INSERT INTO `users` (`user_id`,`username`,`password_hash`,`email`,`role`,`active`) VALUES (668,'vol_kalawellawa_5','$2y$10$iiFpvIL1hfaNBYMBhqKCYuge5zWIk4DisB4TvHrBlzmuo5fjfaKY6','vol.385@resqnet.local','volunteer',0);
INSERT INTO `volunteers` (`user_id`,`name`,`age`,`gender`,`contact_number`,`house_no`,`street`,`city`,`district`,`gn_division`) VALUES (668,'Lahiru Gunasekara',19,'male','0796883855','74','School Ln','Kalawellawa','Ratnapura District','Kalawellawa');
INSERT INTO `skills_volunteers` (`user_id`,`skill_id`) VALUES (668,3);
INSERT INTO `skills_volunteers` (`user_id`,`skill_id`) VALUES (668,4);
INSERT INTO `volunteer_preference_volunteers` (`user_id`,`preference_id`) VALUES (668,4);
INSERT INTO `volunteer_preference_volunteers` (`user_id`,`preference_id`) VALUES (668,5);
INSERT INTO `volunteer_preference_volunteers` (`user_id`,`preference_id`) VALUES (668,7);
INSERT INTO `users` (`user_id`,`username`,`password_hash`,`email`,`role`,`active`) VALUES (669,'vol_magura_1','$2y$10$iiFpvIL1hfaNBYMBhqKCYuge5zWIk4DisB4TvHrBlzmuo5fjfaKY6','vol.386@resqnet.local','volunteer',1);
INSERT INTO `volunteers` (`user_id`,`name`,`age`,`gender`,`contact_number`,`house_no`,`street`,`city`,`district`,`gn_division`) VALUES (669,'Kumari Rathnayake',55,'female','0714070673','179','Market Rd','Magura','Ratnapura District','Magura');
INSERT INTO `skills_volunteers` (`user_id`,`skill_id`) VALUES (669,3);
INSERT INTO `skills_volunteers` (`user_id`,`skill_id`) VALUES (669,4);
INSERT INTO `volunteer_preference_volunteers` (`user_id`,`preference_id`) VALUES (669,5);
INSERT INTO `volunteer_preference_volunteers` (`user_id`,`preference_id`) VALUES (669,6);
INSERT INTO `users` (`user_id`,`username`,`password_hash`,`email`,`role`,`active`) VALUES (670,'vol_magura_2','$2y$10$iiFpvIL1hfaNBYMBhqKCYuge5zWIk4DisB4TvHrBlzmuo5fjfaKY6','vol.387@resqnet.local','volunteer',1);
INSERT INTO `volunteers` (`user_id`,`name`,`age`,`gender`,`contact_number`,`house_no`,`street`,`city`,`district`,`gn_division`) VALUES (670,'Nuwan Jayawardena',40,'other','0764444893','82','Lake Rd','Magura','Ratnapura District','Magura');
INSERT INTO `skills_volunteers` (`user_id`,`skill_id`) VALUES (670,5);
INSERT INTO `skills_volunteers` (`user_id`,`skill_id`) VALUES (670,6);
INSERT INTO `volunteer_preference_volunteers` (`user_id`,`preference_id`) VALUES (670,6);
INSERT INTO `users` (`user_id`,`username`,`password_hash`,`email`,`role`,`active`) VALUES (671,'vol_magura_3','$2y$10$iiFpvIL1hfaNBYMBhqKCYuge5zWIk4DisB4TvHrBlzmuo5fjfaKY6','vol.388@resqnet.local','volunteer',1);
INSERT INTO `volunteers` (`user_id`,`name`,`age`,`gender`,`contact_number`,`house_no`,`street`,`city`,`district`,`gn_division`) VALUES (671,'Chathura Rathnayake',39,'male','0736537627','188','Main St','Magura','Ratnapura District','Magura');
INSERT INTO `skills_volunteers` (`user_id`,`skill_id`) VALUES (671,1);
INSERT INTO `skills_volunteers` (`user_id`,`skill_id`) VALUES (671,2);
INSERT INTO `skills_volunteers` (`user_id`,`skill_id`) VALUES (671,5);
INSERT INTO `volunteer_preference_volunteers` (`user_id`,`preference_id`) VALUES (671,2);
INSERT INTO `volunteer_preference_volunteers` (`user_id`,`preference_id`) VALUES (671,5);
INSERT INTO `users` (`user_id`,`username`,`password_hash`,`email`,`role`,`active`) VALUES (672,'vol_magura_4','$2y$10$iiFpvIL1hfaNBYMBhqKCYuge5zWIk4DisB4TvHrBlzmuo5fjfaKY6','vol.389@resqnet.local','volunteer',1);
INSERT INTO `volunteers` (`user_id`,`name`,`age`,`gender`,`contact_number`,`house_no`,`street`,`city`,`district`,`gn_division`) VALUES (672,'Sewwandi Fernando',20,'female','0754871144','44','Lake Rd','Magura','Ratnapura District','Magura');
INSERT INTO `skills_volunteers` (`user_id`,`skill_id`) VALUES (672,6);
INSERT INTO `volunteer_preference_volunteers` (`user_id`,`preference_id`) VALUES (672,3);
INSERT INTO `volunteer_preference_volunteers` (`user_id`,`preference_id`) VALUES (672,6);
INSERT INTO `users` (`user_id`,`username`,`password_hash`,`email`,`role`,`active`) VALUES (673,'vol_magura_5','$2y$10$iiFpvIL1hfaNBYMBhqKCYuge5zWIk4DisB4TvHrBlzmuo5fjfaKY6','vol.390@resqnet.local','volunteer',0);
INSERT INTO `volunteers` (`user_id`,`name`,`age`,`gender`,`contact_number`,`house_no`,`street`,`city`,`district`,`gn_division`) VALUES (673,'Ranjith Silva',19,'other','0795194412','178','Hill St','Magura','Ratnapura District','Magura');
INSERT INTO `skills_volunteers` (`user_id`,`skill_id`) VALUES (673,2);
INSERT INTO `skills_volunteers` (`user_id`,`skill_id`) VALUES (673,3);
INSERT INTO `skills_volunteers` (`user_id`,`skill_id`) VALUES (673,4);
INSERT INTO `volunteer_preference_volunteers` (`user_id`,`preference_id`) VALUES (673,2);
INSERT INTO `volunteer_preference_volunteers` (`user_id`,`preference_id`) VALUES (673,4);
INSERT INTO `volunteer_preference_volunteers` (`user_id`,`preference_id`) VALUES (673,8);
INSERT INTO `users` (`user_id`,`username`,`password_hash`,`email`,`role`,`active`) VALUES (674,'vol_putupaula_1','$2y$10$iiFpvIL1hfaNBYMBhqKCYuge5zWIk4DisB4TvHrBlzmuo5fjfaKY6','vol.391@resqnet.local','volunteer',1);
INSERT INTO `volunteers` (`user_id`,`name`,`age`,`gender`,`contact_number`,`house_no`,`street`,`city`,`district`,`gn_division`) VALUES (674,'Ishan Ekanayake',28,'male','0797327805','142','Station Rd','Putupaula','Ratnapura District','Putupaula');
INSERT INTO `skills_volunteers` (`user_id`,`skill_id`) VALUES (674,2);
INSERT INTO `skills_volunteers` (`user_id`,`skill_id`) VALUES (674,4);
INSERT INTO `volunteer_preference_volunteers` (`user_id`,`preference_id`) VALUES (674,1);
INSERT INTO `volunteer_preference_volunteers` (`user_id`,`preference_id`) VALUES (674,7);
INSERT INTO `users` (`user_id`,`username`,`password_hash`,`email`,`role`,`active`) VALUES (675,'vol_putupaula_2','$2y$10$iiFpvIL1hfaNBYMBhqKCYuge5zWIk4DisB4TvHrBlzmuo5fjfaKY6','vol.392@resqnet.local','volunteer',1);
INSERT INTO `volunteers` (`user_id`,`name`,`age`,`gender`,`contact_number`,`house_no`,`street`,`city`,`district`,`gn_division`) VALUES (675,'Chamari Dissanayake',55,'female','0758473659','60','Garden Ln','Putupaula','Ratnapura District','Putupaula');
INSERT INTO `skills_volunteers` (`user_id`,`skill_id`) VALUES (675,2);
INSERT INTO `skills_volunteers` (`user_id`,`skill_id`) VALUES (675,5);
INSERT INTO `volunteer_preference_volunteers` (`user_id`,`preference_id`) VALUES (675,1);
INSERT INTO `volunteer_preference_volunteers` (`user_id`,`preference_id`) VALUES (675,2);
INSERT INTO `volunteer_preference_volunteers` (`user_id`,`preference_id`) VALUES (675,8);
INSERT INTO `users` (`user_id`,`username`,`password_hash`,`email`,`role`,`active`) VALUES (676,'vol_putupaula_3','$2y$10$iiFpvIL1hfaNBYMBhqKCYuge5zWIk4DisB4TvHrBlzmuo5fjfaKY6','vol.393@resqnet.local','volunteer',1);
INSERT INTO `volunteers` (`user_id`,`name`,`age`,`gender`,`contact_number`,`house_no`,`street`,`city`,`district`,`gn_division`) VALUES (676,'Dinesh Gunasekara',31,'other','0787879653','76','River Rd','Putupaula','Ratnapura District','Putupaula');
INSERT INTO `skills_volunteers` (`user_id`,`skill_id`) VALUES (676,2);
INSERT INTO `skills_volunteers` (`user_id`,`skill_id`) VALUES (676,3);
INSERT INTO `skills_volunteers` (`user_id`,`skill_id`) VALUES (676,5);
INSERT INTO `volunteer_preference_volunteers` (`user_id`,`preference_id`) VALUES (676,1);
INSERT INTO `volunteer_preference_volunteers` (`user_id`,`preference_id`) VALUES (676,2);
INSERT INTO `users` (`user_id`,`username`,`password_hash`,`email`,`role`,`active`) VALUES (677,'vol_putupaula_4','$2y$10$iiFpvIL1hfaNBYMBhqKCYuge5zWIk4DisB4TvHrBlzmuo5fjfaKY6','vol.394@resqnet.local','volunteer',1);
INSERT INTO `volunteers` (`user_id`,`name`,`age`,`gender`,`contact_number`,`house_no`,`street`,`city`,`district`,`gn_division`) VALUES (677,'Amila Mendis',53,'male','0779788877','56','Garden Ln','Putupaula','Ratnapura District','Putupaula');
INSERT INTO `skills_volunteers` (`user_id`,`skill_id`) VALUES (677,4);
INSERT INTO `skills_volunteers` (`user_id`,`skill_id`) VALUES (677,6);
INSERT INTO `volunteer_preference_volunteers` (`user_id`,`preference_id`) VALUES (677,3);
INSERT INTO `users` (`user_id`,`username`,`password_hash`,`email`,`role`,`active`) VALUES (678,'vol_putupaula_5','$2y$10$iiFpvIL1hfaNBYMBhqKCYuge5zWIk4DisB4TvHrBlzmuo5fjfaKY6','vol.395@resqnet.local','volunteer',0);
INSERT INTO `volunteers` (`user_id`,`name`,`age`,`gender`,`contact_number`,`house_no`,`street`,`city`,`district`,`gn_division`) VALUES (678,'Dulani Bandara',18,'female','0712845014','107','Temple Rd','Putupaula','Ratnapura District','Putupaula');
INSERT INTO `skills_volunteers` (`user_id`,`skill_id`) VALUES (678,1);
INSERT INTO `skills_volunteers` (`user_id`,`skill_id`) VALUES (678,2);
INSERT INTO `skills_volunteers` (`user_id`,`skill_id`) VALUES (678,4);
INSERT INTO `volunteer_preference_volunteers` (`user_id`,`preference_id`) VALUES (678,3);
INSERT INTO `volunteer_preference_volunteers` (`user_id`,`preference_id`) VALUES (678,4);
INSERT INTO `volunteer_preference_volunteers` (`user_id`,`preference_id`) VALUES (678,7);
INSERT INTO `users` (`user_id`,`username`,`password_hash`,`email`,`role`,`active`) VALUES (679,'vol_kuruwita_1','$2y$10$iiFpvIL1hfaNBYMBhqKCYuge5zWIk4DisB4TvHrBlzmuo5fjfaKY6','vol.396@resqnet.local','volunteer',1);
INSERT INTO `volunteers` (`user_id`,`name`,`age`,`gender`,`contact_number`,`house_no`,`street`,`city`,`district`,`gn_division`) VALUES (679,'Kamal Jayawardena',31,'other','0764156524','196','Station Rd','Kuruwita','Ratnapura District','Kuruwita');
INSERT INTO `skills_volunteers` (`user_id`,`skill_id`) VALUES (679,3);
INSERT INTO `skills_volunteers` (`user_id`,`skill_id`) VALUES (679,4);
INSERT INTO `skills_volunteers` (`user_id`,`skill_id`) VALUES (679,6);
INSERT INTO `volunteer_preference_volunteers` (`user_id`,`preference_id`) VALUES (679,3);
INSERT INTO `volunteer_preference_volunteers` (`user_id`,`preference_id`) VALUES (679,5);
INSERT INTO `users` (`user_id`,`username`,`password_hash`,`email`,`role`,`active`) VALUES (680,'vol_kuruwita_2','$2y$10$iiFpvIL1hfaNBYMBhqKCYuge5zWIk4DisB4TvHrBlzmuo5fjfaKY6','vol.397@resqnet.local','volunteer',1);
INSERT INTO `volunteers` (`user_id`,`name`,`age`,`gender`,`contact_number`,`house_no`,`street`,`city`,`district`,`gn_division`) VALUES (680,'Amila Mendis',29,'male','0740585479','91','Hill St','Kuruwita','Ratnapura District','Kuruwita');
INSERT INTO `skills_volunteers` (`user_id`,`skill_id`) VALUES (680,3);
INSERT INTO `skills_volunteers` (`user_id`,`skill_id`) VALUES (680,5);
INSERT INTO `volunteer_preference_volunteers` (`user_id`,`preference_id`) VALUES (680,1);
INSERT INTO `volunteer_preference_volunteers` (`user_id`,`preference_id`) VALUES (680,2);
INSERT INTO `volunteer_preference_volunteers` (`user_id`,`preference_id`) VALUES (680,4);
INSERT INTO `users` (`user_id`,`username`,`password_hash`,`email`,`role`,`active`) VALUES (681,'vol_kuruwita_3','$2y$10$iiFpvIL1hfaNBYMBhqKCYuge5zWIk4DisB4TvHrBlzmuo5fjfaKY6','vol.398@resqnet.local','volunteer',1);
INSERT INTO `volunteers` (`user_id`,`name`,`age`,`gender`,`contact_number`,`house_no`,`street`,`city`,`district`,`gn_division`) VALUES (681,'Rashmi Bandara',41,'female','0786607752','5','Main St','Kuruwita','Ratnapura District','Kuruwita');
INSERT INTO `skills_volunteers` (`user_id`,`skill_id`) VALUES (681,3);
INSERT INTO `volunteer_preference_volunteers` (`user_id`,`preference_id`) VALUES (681,2);
INSERT INTO `volunteer_preference_volunteers` (`user_id`,`preference_id`) VALUES (681,8);
INSERT INTO `users` (`user_id`,`username`,`password_hash`,`email`,`role`,`active`) VALUES (682,'vol_kuruwita_4','$2y$10$iiFpvIL1hfaNBYMBhqKCYuge5zWIk4DisB4TvHrBlzmuo5fjfaKY6','vol.399@resqnet.local','volunteer',1);
INSERT INTO `volunteers` (`user_id`,`name`,`age`,`gender`,`contact_number`,`house_no`,`street`,`city`,`district`,`gn_division`) VALUES (682,'Kasun Mendis',36,'other','0791888813','200','River Rd','Kuruwita','Ratnapura District','Kuruwita');
INSERT INTO `skills_volunteers` (`user_id`,`skill_id`) VALUES (682,5);
INSERT INTO `volunteer_preference_volunteers` (`user_id`,`preference_id`) VALUES (682,6);
INSERT INTO `users` (`user_id`,`username`,`password_hash`,`email`,`role`,`active`) VALUES (683,'vol_kuruwita_5','$2y$10$iiFpvIL1hfaNBYMBhqKCYuge5zWIk4DisB4TvHrBlzmuo5fjfaKY6','vol.400@resqnet.local','volunteer',0);
INSERT INTO `volunteers` (`user_id`,`name`,`age`,`gender`,`contact_number`,`house_no`,`street`,`city`,`district`,`gn_division`) VALUES (683,'Roshan Samarasinghe',18,'male','0790879862','124','Lake Rd','Kuruwita','Ratnapura District','Kuruwita');
INSERT INTO `skills_volunteers` (`user_id`,`skill_id`) VALUES (683,5);
INSERT INTO `skills_volunteers` (`user_id`,`skill_id`) VALUES (683,6);
INSERT INTO `volunteer_preference_volunteers` (`user_id`,`preference_id`) VALUES (683,2);
INSERT INTO `volunteer_preference_volunteers` (`user_id`,`preference_id`) VALUES (683,4);
INSERT INTO `volunteer_preference_volunteers` (`user_id`,`preference_id`) VALUES (683,8);
INSERT INTO `users` (`user_id`,`username`,`password_hash`,`email`,`role`,`active`) VALUES (684,'vol_pelmadulla_1','$2y$10$iiFpvIL1hfaNBYMBhqKCYuge5zWIk4DisB4TvHrBlzmuo5fjfaKY6','vol.401@resqnet.local','volunteer',1);
INSERT INTO `volunteers` (`user_id`,`name`,`age`,`gender`,`contact_number`,`house_no`,`street`,`city`,`district`,`gn_division`) VALUES (684,'Tharushi Weerasinghe',47,'female','0797888554','106','Lake Rd','Pelmadulla','Ratnapura District','Pelmadulla');
INSERT INTO `skills_volunteers` (`user_id`,`skill_id`) VALUES (684,5);
INSERT INTO `volunteer_preference_volunteers` (`user_id`,`preference_id`) VALUES (684,6);
INSERT INTO `users` (`user_id`,`username`,`password_hash`,`email`,`role`,`active`) VALUES (685,'vol_pelmadulla_2','$2y$10$iiFpvIL1hfaNBYMBhqKCYuge5zWIk4DisB4TvHrBlzmuo5fjfaKY6','vol.402@resqnet.local','volunteer',1);
INSERT INTO `volunteers` (`user_id`,`name`,`age`,`gender`,`contact_number`,`house_no`,`street`,`city`,`district`,`gn_division`) VALUES (685,'Sunil Cooray',44,'other','0753178286','44','Lake Rd','Pelmadulla','Ratnapura District','Pelmadulla');
INSERT INTO `skills_volunteers` (`user_id`,`skill_id`) VALUES (685,2);
INSERT INTO `skills_volunteers` (`user_id`,`skill_id`) VALUES (685,3);
INSERT INTO `skills_volunteers` (`user_id`,`skill_id`) VALUES (685,4);
INSERT INTO `volunteer_preference_volunteers` (`user_id`,`preference_id`) VALUES (685,3);
INSERT INTO `volunteer_preference_volunteers` (`user_id`,`preference_id`) VALUES (685,6);
INSERT INTO `users` (`user_id`,`username`,`password_hash`,`email`,`role`,`active`) VALUES (686,'vol_pelmadulla_3','$2y$10$iiFpvIL1hfaNBYMBhqKCYuge5zWIk4DisB4TvHrBlzmuo5fjfaKY6','vol.403@resqnet.local','volunteer',1);
INSERT INTO `volunteers` (`user_id`,`name`,`age`,`gender`,`contact_number`,`house_no`,`street`,`city`,`district`,`gn_division`) VALUES (686,'Malith Dissanayake',25,'male','0730707498','125','River Rd','Pelmadulla','Ratnapura District','Pelmadulla');
INSERT INTO `skills_volunteers` (`user_id`,`skill_id`) VALUES (686,1);
INSERT INTO `skills_volunteers` (`user_id`,`skill_id`) VALUES (686,2);
INSERT INTO `skills_volunteers` (`user_id`,`skill_id`) VALUES (686,5);
INSERT INTO `volunteer_preference_volunteers` (`user_id`,`preference_id`) VALUES (686,4);
INSERT INTO `users` (`user_id`,`username`,`password_hash`,`email`,`role`,`active`) VALUES (687,'vol_pelmadulla_4','$2y$10$iiFpvIL1hfaNBYMBhqKCYuge5zWIk4DisB4TvHrBlzmuo5fjfaKY6','vol.404@resqnet.local','volunteer',1);
INSERT INTO `volunteers` (`user_id`,`name`,`age`,`gender`,`contact_number`,`house_no`,`street`,`city`,`district`,`gn_division`) VALUES (687,'Sewwandi Karunaratne',28,'female','0782549329','100','Lake Rd','Pelmadulla','Ratnapura District','Pelmadulla');
INSERT INTO `skills_volunteers` (`user_id`,`skill_id`) VALUES (687,1);
INSERT INTO `skills_volunteers` (`user_id`,`skill_id`) VALUES (687,3);
INSERT INTO `volunteer_preference_volunteers` (`user_id`,`preference_id`) VALUES (687,8);
INSERT INTO `users` (`user_id`,`username`,`password_hash`,`email`,`role`,`active`) VALUES (688,'vol_pelmadulla_5','$2y$10$iiFpvIL1hfaNBYMBhqKCYuge5zWIk4DisB4TvHrBlzmuo5fjfaKY6','vol.405@resqnet.local','volunteer',0);
INSERT INTO `volunteers` (`user_id`,`name`,`age`,`gender`,`contact_number`,`house_no`,`street`,`city`,`district`,`gn_division`) VALUES (688,'Lahiru Herath',34,'other','0734474559','28','Church Rd','Pelmadulla','Ratnapura District','Pelmadulla');
INSERT INTO `skills_volunteers` (`user_id`,`skill_id`) VALUES (688,1);
INSERT INTO `skills_volunteers` (`user_id`,`skill_id`) VALUES (688,4);
INSERT INTO `skills_volunteers` (`user_id`,`skill_id`) VALUES (688,5);
INSERT INTO `volunteer_preference_volunteers` (`user_id`,`preference_id`) VALUES (688,8);
INSERT INTO `users` (`user_id`,`username`,`password_hash`,`email`,`role`,`active`) VALUES (689,'vol_balangoda_1','$2y$10$iiFpvIL1hfaNBYMBhqKCYuge5zWIk4DisB4TvHrBlzmuo5fjfaKY6','vol.406@resqnet.local','volunteer',1);
INSERT INTO `volunteers` (`user_id`,`name`,`age`,`gender`,`contact_number`,`house_no`,`street`,`city`,`district`,`gn_division`) VALUES (689,'Sahan Fernando',40,'male','0766961056','68','River Rd','Balangoda','Ratnapura District','Balangoda');
INSERT INTO `skills_volunteers` (`user_id`,`skill_id`) VALUES (689,2);
INSERT INTO `skills_volunteers` (`user_id`,`skill_id`) VALUES (689,4);
INSERT INTO `skills_volunteers` (`user_id`,`skill_id`) VALUES (689,5);
INSERT INTO `volunteer_preference_volunteers` (`user_id`,`preference_id`) VALUES (689,1);
INSERT INTO `volunteer_preference_volunteers` (`user_id`,`preference_id`) VALUES (689,4);
INSERT INTO `volunteer_preference_volunteers` (`user_id`,`preference_id`) VALUES (689,7);
INSERT INTO `users` (`user_id`,`username`,`password_hash`,`email`,`role`,`active`) VALUES (690,'vol_balangoda_2','$2y$10$iiFpvIL1hfaNBYMBhqKCYuge5zWIk4DisB4TvHrBlzmuo5fjfaKY6','vol.407@resqnet.local','volunteer',1);
INSERT INTO `volunteers` (`user_id`,`name`,`age`,`gender`,`contact_number`,`house_no`,`street`,`city`,`district`,`gn_division`) VALUES (690,'Kavisha Karunaratne',48,'female','0726037805','34','Hill St','Balangoda','Ratnapura District','Balangoda');
INSERT INTO `skills_volunteers` (`user_id`,`skill_id`) VALUES (690,4);
INSERT INTO `skills_volunteers` (`user_id`,`skill_id`) VALUES (690,5);
INSERT INTO `skills_volunteers` (`user_id`,`skill_id`) VALUES (690,6);
INSERT INTO `volunteer_preference_volunteers` (`user_id`,`preference_id`) VALUES (690,1);
INSERT INTO `volunteer_preference_volunteers` (`user_id`,`preference_id`) VALUES (690,3);
INSERT INTO `volunteer_preference_volunteers` (`user_id`,`preference_id`) VALUES (690,5);
INSERT INTO `users` (`user_id`,`username`,`password_hash`,`email`,`role`,`active`) VALUES (691,'vol_balangoda_3','$2y$10$iiFpvIL1hfaNBYMBhqKCYuge5zWIk4DisB4TvHrBlzmuo5fjfaKY6','vol.408@resqnet.local','volunteer',1);
INSERT INTO `volunteers` (`user_id`,`name`,`age`,`gender`,`contact_number`,`house_no`,`street`,`city`,`district`,`gn_division`) VALUES (691,'Dinesh Weerasinghe',32,'other','0711433455','55','Temple Rd','Balangoda','Ratnapura District','Balangoda');
INSERT INTO `skills_volunteers` (`user_id`,`skill_id`) VALUES (691,3);
INSERT INTO `skills_volunteers` (`user_id`,`skill_id`) VALUES (691,5);
INSERT INTO `volunteer_preference_volunteers` (`user_id`,`preference_id`) VALUES (691,2);
INSERT INTO `volunteer_preference_volunteers` (`user_id`,`preference_id`) VALUES (691,7);
INSERT INTO `volunteer_preference_volunteers` (`user_id`,`preference_id`) VALUES (691,8);
INSERT INTO `users` (`user_id`,`username`,`password_hash`,`email`,`role`,`active`) VALUES (692,'vol_balangoda_4','$2y$10$iiFpvIL1hfaNBYMBhqKCYuge5zWIk4DisB4TvHrBlzmuo5fjfaKY6','vol.409@resqnet.local','volunteer',1);
INSERT INTO `volunteers` (`user_id`,`name`,`age`,`gender`,`contact_number`,`house_no`,`street`,`city`,`district`,`gn_division`) VALUES (692,'Amila Ekanayake',28,'male','0742729623','35','School Ln','Balangoda','Ratnapura District','Balangoda');
INSERT INTO `skills_volunteers` (`user_id`,`skill_id`) VALUES (692,3);
INSERT INTO `skills_volunteers` (`user_id`,`skill_id`) VALUES (692,4);
INSERT INTO `skills_volunteers` (`user_id`,`skill_id`) VALUES (692,6);
INSERT INTO `volunteer_preference_volunteers` (`user_id`,`preference_id`) VALUES (692,6);
INSERT INTO `users` (`user_id`,`username`,`password_hash`,`email`,`role`,`active`) VALUES (693,'vol_balangoda_5','$2y$10$iiFpvIL1hfaNBYMBhqKCYuge5zWIk4DisB4TvHrBlzmuo5fjfaKY6','vol.410@resqnet.local','volunteer',0);
INSERT INTO `volunteers` (`user_id`,`name`,`age`,`gender`,`contact_number`,`house_no`,`street`,`city`,`district`,`gn_division`) VALUES (693,'Dilhani Wickramasinghe',20,'female','0737900757','135','Market Rd','Balangoda','Ratnapura District','Balangoda');
INSERT INTO `skills_volunteers` (`user_id`,`skill_id`) VALUES (693,1);
INSERT INTO `skills_volunteers` (`user_id`,`skill_id`) VALUES (693,5);
INSERT INTO `skills_volunteers` (`user_id`,`skill_id`) VALUES (693,6);
INSERT INTO `volunteer_preference_volunteers` (`user_id`,`preference_id`) VALUES (693,8);
INSERT INTO `users` (`user_id`,`username`,`password_hash`,`email`,`role`,`active`) VALUES (694,'vol_eheliyagoda_1','$2y$10$iiFpvIL1hfaNBYMBhqKCYuge5zWIk4DisB4TvHrBlzmuo5fjfaKY6','vol.411@resqnet.local','volunteer',1);
INSERT INTO `volunteers` (`user_id`,`name`,`age`,`gender`,`contact_number`,`house_no`,`street`,`city`,`district`,`gn_division`) VALUES (694,'Pradeep Senanayake',36,'other','0780815757','200','Main St','Eheliyagoda','Ratnapura District','Eheliyagoda');
INSERT INTO `skills_volunteers` (`user_id`,`skill_id`) VALUES (694,1);
INSERT INTO `skills_volunteers` (`user_id`,`skill_id`) VALUES (694,5);
INSERT INTO `skills_volunteers` (`user_id`,`skill_id`) VALUES (694,6);
INSERT INTO `volunteer_preference_volunteers` (`user_id`,`preference_id`) VALUES (694,6);
INSERT INTO `volunteer_preference_volunteers` (`user_id`,`preference_id`) VALUES (694,8);
INSERT INTO `users` (`user_id`,`username`,`password_hash`,`email`,`role`,`active`) VALUES (695,'vol_eheliyagoda_2','$2y$10$iiFpvIL1hfaNBYMBhqKCYuge5zWIk4DisB4TvHrBlzmuo5fjfaKY6','vol.412@resqnet.local','volunteer',1);
INSERT INTO `volunteers` (`user_id`,`name`,`age`,`gender`,`contact_number`,`house_no`,`street`,`city`,`district`,`gn_division`) VALUES (695,'Tharaka Senanayake',40,'male','0794524613','94','Garden Ln','Eheliyagoda','Ratnapura District','Eheliyagoda');
INSERT INTO `skills_volunteers` (`user_id`,`skill_id`) VALUES (695,1);
INSERT INTO `skills_volunteers` (`user_id`,`skill_id`) VALUES (695,4);
INSERT INTO `skills_volunteers` (`user_id`,`skill_id`) VALUES (695,6);
INSERT INTO `volunteer_preference_volunteers` (`user_id`,`preference_id`) VALUES (695,1);
INSERT INTO `volunteer_preference_volunteers` (`user_id`,`preference_id`) VALUES (695,2);
INSERT INTO `volunteer_preference_volunteers` (`user_id`,`preference_id`) VALUES (695,3);
INSERT INTO `users` (`user_id`,`username`,`password_hash`,`email`,`role`,`active`) VALUES (696,'vol_eheliyagoda_3','$2y$10$iiFpvIL1hfaNBYMBhqKCYuge5zWIk4DisB4TvHrBlzmuo5fjfaKY6','vol.413@resqnet.local','volunteer',1);
INSERT INTO `volunteers` (`user_id`,`name`,`age`,`gender`,`contact_number`,`house_no`,`street`,`city`,`district`,`gn_division`) VALUES (696,'Sewwandi Weerasinghe',54,'female','0778912718','181','River Rd','Eheliyagoda','Ratnapura District','Eheliyagoda');
INSERT INTO `skills_volunteers` (`user_id`,`skill_id`) VALUES (696,1);
INSERT INTO `skills_volunteers` (`user_id`,`skill_id`) VALUES (696,4);
INSERT INTO `skills_volunteers` (`user_id`,`skill_id`) VALUES (696,5);
INSERT INTO `volunteer_preference_volunteers` (`user_id`,`preference_id`) VALUES (696,1);
INSERT INTO `volunteer_preference_volunteers` (`user_id`,`preference_id`) VALUES (696,5);
INSERT INTO `volunteer_preference_volunteers` (`user_id`,`preference_id`) VALUES (696,6);
INSERT INTO `users` (`user_id`,`username`,`password_hash`,`email`,`role`,`active`) VALUES (697,'vol_eheliyagoda_4','$2y$10$iiFpvIL1hfaNBYMBhqKCYuge5zWIk4DisB4TvHrBlzmuo5fjfaKY6','vol.414@resqnet.local','volunteer',1);
INSERT INTO `volunteers` (`user_id`,`name`,`age`,`gender`,`contact_number`,`house_no`,`street`,`city`,`district`,`gn_division`) VALUES (697,'Dinesh Liyanage',27,'other','0747633046','100','Temple Rd','Eheliyagoda','Ratnapura District','Eheliyagoda');
INSERT INTO `skills_volunteers` (`user_id`,`skill_id`) VALUES (697,1);
INSERT INTO `skills_volunteers` (`user_id`,`skill_id`) VALUES (697,3);
INSERT INTO `volunteer_preference_volunteers` (`user_id`,`preference_id`) VALUES (697,5);
INSERT INTO `volunteer_preference_volunteers` (`user_id`,`preference_id`) VALUES (697,6);
INSERT INTO `users` (`user_id`,`username`,`password_hash`,`email`,`role`,`active`) VALUES (698,'vol_eheliyagoda_5','$2y$10$iiFpvIL1hfaNBYMBhqKCYuge5zWIk4DisB4TvHrBlzmuo5fjfaKY6','vol.415@resqnet.local','volunteer',0);
INSERT INTO `volunteers` (`user_id`,`name`,`age`,`gender`,`contact_number`,`house_no`,`street`,`city`,`district`,`gn_division`) VALUES (698,'Nimal Bandara',47,'male','0734300209','165','Hill St','Eheliyagoda','Ratnapura District','Eheliyagoda');
INSERT INTO `skills_volunteers` (`user_id`,`skill_id`) VALUES (698,1);
INSERT INTO `skills_volunteers` (`user_id`,`skill_id`) VALUES (698,4);
INSERT INTO `volunteer_preference_volunteers` (`user_id`,`preference_id`) VALUES (698,6);
INSERT INTO `users` (`user_id`,`username`,`password_hash`,`email`,`role`,`active`) VALUES (699,'vol_godakawela_1','$2y$10$iiFpvIL1hfaNBYMBhqKCYuge5zWIk4DisB4TvHrBlzmuo5fjfaKY6','vol.416@resqnet.local','volunteer',1);
INSERT INTO `volunteers` (`user_id`,`name`,`age`,`gender`,`contact_number`,`house_no`,`street`,`city`,`district`,`gn_division`) VALUES (699,'Nadeesha Samarasinghe',50,'female','0784079450','164','Hill St','Godakawela','Ratnapura District','Godakawela');
INSERT INTO `skills_volunteers` (`user_id`,`skill_id`) VALUES (699,1);
INSERT INTO `skills_volunteers` (`user_id`,`skill_id`) VALUES (699,6);
INSERT INTO `volunteer_preference_volunteers` (`user_id`,`preference_id`) VALUES (699,2);
INSERT INTO `volunteer_preference_volunteers` (`user_id`,`preference_id`) VALUES (699,4);
INSERT INTO `volunteer_preference_volunteers` (`user_id`,`preference_id`) VALUES (699,5);
INSERT INTO `users` (`user_id`,`username`,`password_hash`,`email`,`role`,`active`) VALUES (700,'vol_godakawela_2','$2y$10$iiFpvIL1hfaNBYMBhqKCYuge5zWIk4DisB4TvHrBlzmuo5fjfaKY6','vol.417@resqnet.local','volunteer',1);
INSERT INTO `volunteers` (`user_id`,`name`,`age`,`gender`,`contact_number`,`house_no`,`street`,`city`,`district`,`gn_division`) VALUES (700,'Nimal Jayawardena',34,'other','0796399865','15','Temple Rd','Godakawela','Ratnapura District','Godakawela');
INSERT INTO `skills_volunteers` (`user_id`,`skill_id`) VALUES (700,1);
INSERT INTO `skills_volunteers` (`user_id`,`skill_id`) VALUES (700,2);
INSERT INTO `skills_volunteers` (`user_id`,`skill_id`) VALUES (700,3);
INSERT INTO `volunteer_preference_volunteers` (`user_id`,`preference_id`) VALUES (700,2);
INSERT INTO `volunteer_preference_volunteers` (`user_id`,`preference_id`) VALUES (700,5);
INSERT INTO `volunteer_preference_volunteers` (`user_id`,`preference_id`) VALUES (700,7);
INSERT INTO `users` (`user_id`,`username`,`password_hash`,`email`,`role`,`active`) VALUES (701,'vol_godakawela_3','$2y$10$iiFpvIL1hfaNBYMBhqKCYuge5zWIk4DisB4TvHrBlzmuo5fjfaKY6','vol.418@resqnet.local','volunteer',1);
INSERT INTO `volunteers` (`user_id`,`name`,`age`,`gender`,`contact_number`,`house_no`,`street`,`city`,`district`,`gn_division`) VALUES (701,'Dasun Pathirana',37,'male','0782721417','194','Lake Rd','Godakawela','Ratnapura District','Godakawela');
INSERT INTO `skills_volunteers` (`user_id`,`skill_id`) VALUES (701,1);
INSERT INTO `skills_volunteers` (`user_id`,`skill_id`) VALUES (701,2);
INSERT INTO `skills_volunteers` (`user_id`,`skill_id`) VALUES (701,6);
INSERT INTO `volunteer_preference_volunteers` (`user_id`,`preference_id`) VALUES (701,1);
INSERT INTO `volunteer_preference_volunteers` (`user_id`,`preference_id`) VALUES (701,2);
INSERT INTO `volunteer_preference_volunteers` (`user_id`,`preference_id`) VALUES (701,8);
INSERT INTO `users` (`user_id`,`username`,`password_hash`,`email`,`role`,`active`) VALUES (702,'vol_godakawela_4','$2y$10$iiFpvIL1hfaNBYMBhqKCYuge5zWIk4DisB4TvHrBlzmuo5fjfaKY6','vol.419@resqnet.local','volunteer',1);
INSERT INTO `volunteers` (`user_id`,`name`,`age`,`gender`,`contact_number`,`house_no`,`street`,`city`,`district`,`gn_division`) VALUES (702,'Sanduni Wickramasinghe',36,'female','0772308338','150','Garden Ln','Godakawela','Ratnapura District','Godakawela');
INSERT INTO `skills_volunteers` (`user_id`,`skill_id`) VALUES (702,5);
INSERT INTO `skills_volunteers` (`user_id`,`skill_id`) VALUES (702,6);
INSERT INTO `volunteer_preference_volunteers` (`user_id`,`preference_id`) VALUES (702,3);
INSERT INTO `volunteer_preference_volunteers` (`user_id`,`preference_id`) VALUES (702,5);
INSERT INTO `users` (`user_id`,`username`,`password_hash`,`email`,`role`,`active`) VALUES (703,'vol_godakawela_5','$2y$10$iiFpvIL1hfaNBYMBhqKCYuge5zWIk4DisB4TvHrBlzmuo5fjfaKY6','vol.420@resqnet.local','volunteer',0);
INSERT INTO `volunteers` (`user_id`,`name`,`age`,`gender`,`contact_number`,`house_no`,`street`,`city`,`district`,`gn_division`) VALUES (703,'Chathura Wickramasinghe',47,'other','0771682200','120','Lake Rd','Godakawela','Ratnapura District','Godakawela');
INSERT INTO `skills_volunteers` (`user_id`,`skill_id`) VALUES (703,2);
INSERT INTO `skills_volunteers` (`user_id`,`skill_id`) VALUES (703,6);
INSERT INTO `volunteer_preference_volunteers` (`user_id`,`preference_id`) VALUES (703,8);
INSERT INTO `users` (`user_id`,`username`,`password_hash`,`email`,`role`,`active`) VALUES (704,'vol_manampitiya_1','$2y$10$iiFpvIL1hfaNBYMBhqKCYuge5zWIk4DisB4TvHrBlzmuo5fjfaKY6','vol.421@resqnet.local','volunteer',1);
INSERT INTO `volunteers` (`user_id`,`name`,`age`,`gender`,`contact_number`,`house_no`,`street`,`city`,`district`,`gn_division`) VALUES (704,'Sunil Gunasekara',32,'male','0776051580','1','Lake Rd','Manampitiya','Polonnaruwa District','Manampitiya');
INSERT INTO `skills_volunteers` (`user_id`,`skill_id`) VALUES (704,1);
INSERT INTO `skills_volunteers` (`user_id`,`skill_id`) VALUES (704,3);
INSERT INTO `skills_volunteers` (`user_id`,`skill_id`) VALUES (704,6);
INSERT INTO `volunteer_preference_volunteers` (`user_id`,`preference_id`) VALUES (704,1);
INSERT INTO `volunteer_preference_volunteers` (`user_id`,`preference_id`) VALUES (704,3);
INSERT INTO `volunteer_preference_volunteers` (`user_id`,`preference_id`) VALUES (704,6);
INSERT INTO `users` (`user_id`,`username`,`password_hash`,`email`,`role`,`active`) VALUES (705,'vol_manampitiya_2','$2y$10$iiFpvIL1hfaNBYMBhqKCYuge5zWIk4DisB4TvHrBlzmuo5fjfaKY6','vol.422@resqnet.local','volunteer',1);
INSERT INTO `volunteers` (`user_id`,`name`,`age`,`gender`,`contact_number`,`house_no`,`street`,`city`,`district`,`gn_division`) VALUES (705,'Sachini Liyanage',24,'female','0719913314','88','Temple Rd','Manampitiya','Polonnaruwa District','Manampitiya');
INSERT INTO `skills_volunteers` (`user_id`,`skill_id`) VALUES (705,1);
INSERT INTO `skills_volunteers` (`user_id`,`skill_id`) VALUES (705,5);
INSERT INTO `volunteer_preference_volunteers` (`user_id`,`preference_id`) VALUES (705,8);
INSERT INTO `users` (`user_id`,`username`,`password_hash`,`email`,`role`,`active`) VALUES (706,'vol_manampitiya_3','$2y$10$iiFpvIL1hfaNBYMBhqKCYuge5zWIk4DisB4TvHrBlzmuo5fjfaKY6','vol.423@resqnet.local','volunteer',1);
INSERT INTO `volunteers` (`user_id`,`name`,`age`,`gender`,`contact_number`,`house_no`,`street`,`city`,`district`,`gn_division`) VALUES (706,'Dinesh Silva',33,'other','0762456630','140','Market Rd','Manampitiya','Polonnaruwa District','Manampitiya');
INSERT INTO `skills_volunteers` (`user_id`,`skill_id`) VALUES (706,1);
INSERT INTO `skills_volunteers` (`user_id`,`skill_id`) VALUES (706,4);
INSERT INTO `skills_volunteers` (`user_id`,`skill_id`) VALUES (706,6);
INSERT INTO `volunteer_preference_volunteers` (`user_id`,`preference_id`) VALUES (706,4);
INSERT INTO `users` (`user_id`,`username`,`password_hash`,`email`,`role`,`active`) VALUES (707,'vol_manampitiya_4','$2y$10$iiFpvIL1hfaNBYMBhqKCYuge5zWIk4DisB4TvHrBlzmuo5fjfaKY6','vol.424@resqnet.local','volunteer',1);
INSERT INTO `volunteers` (`user_id`,`name`,`age`,`gender`,`contact_number`,`house_no`,`street`,`city`,`district`,`gn_division`) VALUES (707,'Chaminda Dissanayake',46,'male','0785898742','80','Temple Rd','Manampitiya','Polonnaruwa District','Manampitiya');
INSERT INTO `skills_volunteers` (`user_id`,`skill_id`) VALUES (707,2);
INSERT INTO `skills_volunteers` (`user_id`,`skill_id`) VALUES (707,5);
INSERT INTO `volunteer_preference_volunteers` (`user_id`,`preference_id`) VALUES (707,4);
INSERT INTO `volunteer_preference_volunteers` (`user_id`,`preference_id`) VALUES (707,7);
INSERT INTO `users` (`user_id`,`username`,`password_hash`,`email`,`role`,`active`) VALUES (708,'vol_manampitiya_5','$2y$10$iiFpvIL1hfaNBYMBhqKCYuge5zWIk4DisB4TvHrBlzmuo5fjfaKY6','vol.425@resqnet.local','volunteer',0);
INSERT INTO `volunteers` (`user_id`,`name`,`age`,`gender`,`contact_number`,`house_no`,`street`,`city`,`district`,`gn_division`) VALUES (708,'Rashmi Wickramasinghe',47,'female','0713396604','49','Market Rd','Manampitiya','Polonnaruwa District','Manampitiya');
INSERT INTO `skills_volunteers` (`user_id`,`skill_id`) VALUES (708,4);
INSERT INTO `volunteer_preference_volunteers` (`user_id`,`preference_id`) VALUES (708,5);
INSERT INTO `volunteer_preference_volunteers` (`user_id`,`preference_id`) VALUES (708,6);
INSERT INTO `volunteer_preference_volunteers` (`user_id`,`preference_id`) VALUES (708,8);
INSERT INTO `users` (`user_id`,`username`,`password_hash`,`email`,`role`,`active`) VALUES (709,'vol_dimbulagala_1','$2y$10$iiFpvIL1hfaNBYMBhqKCYuge5zWIk4DisB4TvHrBlzmuo5fjfaKY6','vol.426@resqnet.local','volunteer',1);
INSERT INTO `volunteers` (`user_id`,`name`,`age`,`gender`,`contact_number`,`house_no`,`street`,`city`,`district`,`gn_division`) VALUES (709,'Dinesh Pathirana',43,'other','0790027685','87','School Ln','Dimbulagala','Polonnaruwa District','Dimbulagala');
INSERT INTO `skills_volunteers` (`user_id`,`skill_id`) VALUES (709,2);
INSERT INTO `skills_volunteers` (`user_id`,`skill_id`) VALUES (709,6);
INSERT INTO `volunteer_preference_volunteers` (`user_id`,`preference_id`) VALUES (709,6);
INSERT INTO `users` (`user_id`,`username`,`password_hash`,`email`,`role`,`active`) VALUES (710,'vol_dimbulagala_2','$2y$10$iiFpvIL1hfaNBYMBhqKCYuge5zWIk4DisB4TvHrBlzmuo5fjfaKY6','vol.427@resqnet.local','volunteer',1);
INSERT INTO `volunteers` (`user_id`,`name`,`age`,`gender`,`contact_number`,`house_no`,`street`,`city`,`district`,`gn_division`) VALUES (710,'Sampath Gunasekara',36,'male','0765664011','164','School Ln','Dimbulagala','Polonnaruwa District','Dimbulagala');
INSERT INTO `skills_volunteers` (`user_id`,`skill_id`) VALUES (710,3);
INSERT INTO `skills_volunteers` (`user_id`,`skill_id`) VALUES (710,4);
INSERT INTO `skills_volunteers` (`user_id`,`skill_id`) VALUES (710,5);
INSERT INTO `volunteer_preference_volunteers` (`user_id`,`preference_id`) VALUES (710,2);
INSERT INTO `volunteer_preference_volunteers` (`user_id`,`preference_id`) VALUES (710,7);
INSERT INTO `users` (`user_id`,`username`,`password_hash`,`email`,`role`,`active`) VALUES (711,'vol_dimbulagala_3','$2y$10$iiFpvIL1hfaNBYMBhqKCYuge5zWIk4DisB4TvHrBlzmuo5fjfaKY6','vol.428@resqnet.local','volunteer',1);
INSERT INTO `volunteers` (`user_id`,`name`,`age`,`gender`,`contact_number`,`house_no`,`street`,`city`,`district`,`gn_division`) VALUES (711,'Sewwandi Wickramasinghe',18,'female','0757549160','99','Station Rd','Dimbulagala','Polonnaruwa District','Dimbulagala');
INSERT INTO `skills_volunteers` (`user_id`,`skill_id`) VALUES (711,2);
INSERT INTO `skills_volunteers` (`user_id`,`skill_id`) VALUES (711,3);
INSERT INTO `volunteer_preference_volunteers` (`user_id`,`preference_id`) VALUES (711,2);
INSERT INTO `volunteer_preference_volunteers` (`user_id`,`preference_id`) VALUES (711,8);
INSERT INTO `users` (`user_id`,`username`,`password_hash`,`email`,`role`,`active`) VALUES (712,'vol_dimbulagala_4','$2y$10$iiFpvIL1hfaNBYMBhqKCYuge5zWIk4DisB4TvHrBlzmuo5fjfaKY6','vol.429@resqnet.local','volunteer',1);
INSERT INTO `volunteers` (`user_id`,`name`,`age`,`gender`,`contact_number`,`house_no`,`street`,`city`,`district`,`gn_division`) VALUES (712,'Pradeep Karunaratne',34,'other','0781575552','129','River Rd','Dimbulagala','Polonnaruwa District','Dimbulagala');
INSERT INTO `skills_volunteers` (`user_id`,`skill_id`) VALUES (712,6);
INSERT INTO `volunteer_preference_volunteers` (`user_id`,`preference_id`) VALUES (712,3);
INSERT INTO `users` (`user_id`,`username`,`password_hash`,`email`,`role`,`active`) VALUES (713,'vol_dimbulagala_5','$2y$10$iiFpvIL1hfaNBYMBhqKCYuge5zWIk4DisB4TvHrBlzmuo5fjfaKY6','vol.430@resqnet.local','volunteer',0);
INSERT INTO `volunteers` (`user_id`,`name`,`age`,`gender`,`contact_number`,`house_no`,`street`,`city`,`district`,`gn_division`) VALUES (713,'Kamal Perera',23,'male','0770134288','95','Hill St','Dimbulagala','Polonnaruwa District','Dimbulagala');
INSERT INTO `skills_volunteers` (`user_id`,`skill_id`) VALUES (713,1);
INSERT INTO `skills_volunteers` (`user_id`,`skill_id`) VALUES (713,4);
INSERT INTO `skills_volunteers` (`user_id`,`skill_id`) VALUES (713,5);
INSERT INTO `volunteer_preference_volunteers` (`user_id`,`preference_id`) VALUES (713,2);
INSERT INTO `volunteer_preference_volunteers` (`user_id`,`preference_id`) VALUES (713,5);
INSERT INTO `users` (`user_id`,`username`,`password_hash`,`email`,`role`,`active`) VALUES (714,'vol_polonnaruwa_1','$2y$10$iiFpvIL1hfaNBYMBhqKCYuge5zWIk4DisB4TvHrBlzmuo5fjfaKY6','vol.431@resqnet.local','volunteer',1);
INSERT INTO `volunteers` (`user_id`,`name`,`age`,`gender`,`contact_number`,`house_no`,`street`,`city`,`district`,`gn_division`) VALUES (714,'Sanduni Pathirana',26,'female','0776153912','140','Lake Rd','Polonnaruwa','Polonnaruwa District','Polonnaruwa');
INSERT INTO `skills_volunteers` (`user_id`,`skill_id`) VALUES (714,6);
INSERT INTO `volunteer_preference_volunteers` (`user_id`,`preference_id`) VALUES (714,2);
INSERT INTO `volunteer_preference_volunteers` (`user_id`,`preference_id`) VALUES (714,6);
INSERT INTO `users` (`user_id`,`username`,`password_hash`,`email`,`role`,`active`) VALUES (715,'vol_polonnaruwa_2','$2y$10$iiFpvIL1hfaNBYMBhqKCYuge5zWIk4DisB4TvHrBlzmuo5fjfaKY6','vol.432@resqnet.local','volunteer',1);
INSERT INTO `volunteers` (`user_id`,`name`,`age`,`gender`,`contact_number`,`house_no`,`street`,`city`,`district`,`gn_division`) VALUES (715,'Dinesh Weerasinghe',41,'other','0734207868','181','Temple Rd','Polonnaruwa','Polonnaruwa District','Polonnaruwa');
INSERT INTO `skills_volunteers` (`user_id`,`skill_id`) VALUES (715,2);
INSERT INTO `skills_volunteers` (`user_id`,`skill_id`) VALUES (715,3);
INSERT INTO `skills_volunteers` (`user_id`,`skill_id`) VALUES (715,5);
INSERT INTO `volunteer_preference_volunteers` (`user_id`,`preference_id`) VALUES (715,5);
INSERT INTO `volunteer_preference_volunteers` (`user_id`,`preference_id`) VALUES (715,7);
INSERT INTO `volunteer_preference_volunteers` (`user_id`,`preference_id`) VALUES (715,8);
INSERT INTO `users` (`user_id`,`username`,`password_hash`,`email`,`role`,`active`) VALUES (716,'vol_polonnaruwa_3','$2y$10$iiFpvIL1hfaNBYMBhqKCYuge5zWIk4DisB4TvHrBlzmuo5fjfaKY6','vol.433@resqnet.local','volunteer',1);
INSERT INTO `volunteers` (`user_id`,`name`,`age`,`gender`,`contact_number`,`house_no`,`street`,`city`,`district`,`gn_division`) VALUES (716,'Kasun Cooray',33,'male','0798760947','173','Hill St','Polonnaruwa','Polonnaruwa District','Polonnaruwa');
INSERT INTO `skills_volunteers` (`user_id`,`skill_id`) VALUES (716,2);
INSERT INTO `skills_volunteers` (`user_id`,`skill_id`) VALUES (716,4);
INSERT INTO `skills_volunteers` (`user_id`,`skill_id`) VALUES (716,5);
INSERT INTO `volunteer_preference_volunteers` (`user_id`,`preference_id`) VALUES (716,4);
INSERT INTO `volunteer_preference_volunteers` (`user_id`,`preference_id`) VALUES (716,6);
INSERT INTO `users` (`user_id`,`username`,`password_hash`,`email`,`role`,`active`) VALUES (717,'vol_polonnaruwa_4','$2y$10$iiFpvIL1hfaNBYMBhqKCYuge5zWIk4DisB4TvHrBlzmuo5fjfaKY6','vol.434@resqnet.local','volunteer',1);
INSERT INTO `volunteers` (`user_id`,`name`,`age`,`gender`,`contact_number`,`house_no`,`street`,`city`,`district`,`gn_division`) VALUES (717,'Dulani Dissanayake',18,'female','0761644911','15','Lake Rd','Polonnaruwa','Polonnaruwa District','Polonnaruwa');
INSERT INTO `skills_volunteers` (`user_id`,`skill_id`) VALUES (717,2);
INSERT INTO `volunteer_preference_volunteers` (`user_id`,`preference_id`) VALUES (717,2);
INSERT INTO `volunteer_preference_volunteers` (`user_id`,`preference_id`) VALUES (717,6);
INSERT INTO `users` (`user_id`,`username`,`password_hash`,`email`,`role`,`active`) VALUES (718,'vol_polonnaruwa_5','$2y$10$iiFpvIL1hfaNBYMBhqKCYuge5zWIk4DisB4TvHrBlzmuo5fjfaKY6','vol.435@resqnet.local','volunteer',0);
INSERT INTO `volunteers` (`user_id`,`name`,`age`,`gender`,`contact_number`,`house_no`,`street`,`city`,`district`,`gn_division`) VALUES (718,'Ashan Perera',19,'other','0765371097','197','Hill St','Polonnaruwa','Polonnaruwa District','Polonnaruwa');
INSERT INTO `skills_volunteers` (`user_id`,`skill_id`) VALUES (718,2);
INSERT INTO `skills_volunteers` (`user_id`,`skill_id`) VALUES (718,4);
INSERT INTO `skills_volunteers` (`user_id`,`skill_id`) VALUES (718,6);
INSERT INTO `volunteer_preference_volunteers` (`user_id`,`preference_id`) VALUES (718,3);
INSERT INTO `volunteer_preference_volunteers` (`user_id`,`preference_id`) VALUES (718,6);
INSERT INTO `volunteer_preference_volunteers` (`user_id`,`preference_id`) VALUES (718,8);
INSERT INTO `users` (`user_id`,`username`,`password_hash`,`email`,`role`,`active`) VALUES (719,'vol_hingurakgoda_1','$2y$10$iiFpvIL1hfaNBYMBhqKCYuge5zWIk4DisB4TvHrBlzmuo5fjfaKY6','vol.436@resqnet.local','volunteer',1);
INSERT INTO `volunteers` (`user_id`,`name`,`age`,`gender`,`contact_number`,`house_no`,`street`,`city`,`district`,`gn_division`) VALUES (719,'Roshan Cooray',35,'male','0761705989','94','Lake Rd','Hingurakgoda','Polonnaruwa District','Hingurakgoda');
INSERT INTO `skills_volunteers` (`user_id`,`skill_id`) VALUES (719,4);
INSERT INTO `skills_volunteers` (`user_id`,`skill_id`) VALUES (719,5);
INSERT INTO `skills_volunteers` (`user_id`,`skill_id`) VALUES (719,6);
INSERT INTO `volunteer_preference_volunteers` (`user_id`,`preference_id`) VALUES (719,1);
INSERT INTO `users` (`user_id`,`username`,`password_hash`,`email`,`role`,`active`) VALUES (720,'vol_hingurakgoda_2','$2y$10$iiFpvIL1hfaNBYMBhqKCYuge5zWIk4DisB4TvHrBlzmuo5fjfaKY6','vol.437@resqnet.local','volunteer',1);
INSERT INTO `volunteers` (`user_id`,`name`,`age`,`gender`,`contact_number`,`house_no`,`street`,`city`,`district`,`gn_division`) VALUES (720,'Anusha Herath',28,'female','0738961376','125','Station Rd','Hingurakgoda','Polonnaruwa District','Hingurakgoda');
INSERT INTO `skills_volunteers` (`user_id`,`skill_id`) VALUES (720,4);
INSERT INTO `skills_volunteers` (`user_id`,`skill_id`) VALUES (720,6);
INSERT INTO `volunteer_preference_volunteers` (`user_id`,`preference_id`) VALUES (720,1);
INSERT INTO `volunteer_preference_volunteers` (`user_id`,`preference_id`) VALUES (720,6);
INSERT INTO `volunteer_preference_volunteers` (`user_id`,`preference_id`) VALUES (720,7);
INSERT INTO `users` (`user_id`,`username`,`password_hash`,`email`,`role`,`active`) VALUES (721,'vol_hingurakgoda_3','$2y$10$iiFpvIL1hfaNBYMBhqKCYuge5zWIk4DisB4TvHrBlzmuo5fjfaKY6','vol.438@resqnet.local','volunteer',1);
INSERT INTO `volunteers` (`user_id`,`name`,`age`,`gender`,`contact_number`,`house_no`,`street`,`city`,`district`,`gn_division`) VALUES (721,'Lahiru Karunaratne',43,'other','0728816281','165','River Rd','Hingurakgoda','Polonnaruwa District','Hingurakgoda');
INSERT INTO `skills_volunteers` (`user_id`,`skill_id`) VALUES (721,3);
INSERT INTO `skills_volunteers` (`user_id`,`skill_id`) VALUES (721,5);
INSERT INTO `volunteer_preference_volunteers` (`user_id`,`preference_id`) VALUES (721,4);
INSERT INTO `volunteer_preference_volunteers` (`user_id`,`preference_id`) VALUES (721,8);
INSERT INTO `users` (`user_id`,`username`,`password_hash`,`email`,`role`,`active`) VALUES (722,'vol_hingurakgoda_4','$2y$10$iiFpvIL1hfaNBYMBhqKCYuge5zWIk4DisB4TvHrBlzmuo5fjfaKY6','vol.439@resqnet.local','volunteer',1);
INSERT INTO `volunteers` (`user_id`,`name`,`age`,`gender`,`contact_number`,`house_no`,`street`,`city`,`district`,`gn_division`) VALUES (722,'Ashan Cooray',35,'male','0716195507','111','River Rd','Hingurakgoda','Polonnaruwa District','Hingurakgoda');
INSERT INTO `skills_volunteers` (`user_id`,`skill_id`) VALUES (722,1);
INSERT INTO `volunteer_preference_volunteers` (`user_id`,`preference_id`) VALUES (722,4);
INSERT INTO `volunteer_preference_volunteers` (`user_id`,`preference_id`) VALUES (722,8);
INSERT INTO `users` (`user_id`,`username`,`password_hash`,`email`,`role`,`active`) VALUES (723,'vol_hingurakgoda_5','$2y$10$iiFpvIL1hfaNBYMBhqKCYuge5zWIk4DisB4TvHrBlzmuo5fjfaKY6','vol.440@resqnet.local','volunteer',0);
INSERT INTO `volunteers` (`user_id`,`name`,`age`,`gender`,`contact_number`,`house_no`,`street`,`city`,`district`,`gn_division`) VALUES (723,'Kumari Weerasinghe',43,'female','0768056760','74','Market Rd','Hingurakgoda','Polonnaruwa District','Hingurakgoda');
INSERT INTO `skills_volunteers` (`user_id`,`skill_id`) VALUES (723,4);
INSERT INTO `volunteer_preference_volunteers` (`user_id`,`preference_id`) VALUES (723,3);
INSERT INTO `volunteer_preference_volunteers` (`user_id`,`preference_id`) VALUES (723,4);
INSERT INTO `users` (`user_id`,`username`,`password_hash`,`email`,`role`,`active`) VALUES (724,'vol_lankapura_1','$2y$10$iiFpvIL1hfaNBYMBhqKCYuge5zWIk4DisB4TvHrBlzmuo5fjfaKY6','vol.441@resqnet.local','volunteer',1);
INSERT INTO `volunteers` (`user_id`,`name`,`age`,`gender`,`contact_number`,`house_no`,`street`,`city`,`district`,`gn_division`) VALUES (724,'Kasun Weerasinghe',36,'other','0763196965','192','School Ln','Lankapura','Polonnaruwa District','Lankapura');
INSERT INTO `skills_volunteers` (`user_id`,`skill_id`) VALUES (724,3);
INSERT INTO `skills_volunteers` (`user_id`,`skill_id`) VALUES (724,6);
INSERT INTO `volunteer_preference_volunteers` (`user_id`,`preference_id`) VALUES (724,1);
INSERT INTO `volunteer_preference_volunteers` (`user_id`,`preference_id`) VALUES (724,3);
INSERT INTO `volunteer_preference_volunteers` (`user_id`,`preference_id`) VALUES (724,4);
INSERT INTO `users` (`user_id`,`username`,`password_hash`,`email`,`role`,`active`) VALUES (725,'vol_lankapura_2','$2y$10$iiFpvIL1hfaNBYMBhqKCYuge5zWIk4DisB4TvHrBlzmuo5fjfaKY6','vol.442@resqnet.local','volunteer',1);
INSERT INTO `volunteers` (`user_id`,`name`,`age`,`gender`,`contact_number`,`house_no`,`street`,`city`,`district`,`gn_division`) VALUES (725,'Sahan Weerasinghe',42,'male','0772427011','163','Hill St','Lankapura','Polonnaruwa District','Lankapura');
INSERT INTO `skills_volunteers` (`user_id`,`skill_id`) VALUES (725,2);
INSERT INTO `volunteer_preference_volunteers` (`user_id`,`preference_id`) VALUES (725,3);
INSERT INTO `users` (`user_id`,`username`,`password_hash`,`email`,`role`,`active`) VALUES (726,'vol_lankapura_3','$2y$10$iiFpvIL1hfaNBYMBhqKCYuge5zWIk4DisB4TvHrBlzmuo5fjfaKY6','vol.443@resqnet.local','volunteer',1);
INSERT INTO `volunteers` (`user_id`,`name`,`age`,`gender`,`contact_number`,`house_no`,`street`,`city`,`district`,`gn_division`) VALUES (726,'Kavisha Jayawardena',46,'female','0762984767','56','Lake Rd','Lankapura','Polonnaruwa District','Lankapura');
INSERT INTO `skills_volunteers` (`user_id`,`skill_id`) VALUES (726,2);
INSERT INTO `skills_volunteers` (`user_id`,`skill_id`) VALUES (726,4);
INSERT INTO `skills_volunteers` (`user_id`,`skill_id`) VALUES (726,5);
INSERT INTO `volunteer_preference_volunteers` (`user_id`,`preference_id`) VALUES (726,2);
INSERT INTO `volunteer_preference_volunteers` (`user_id`,`preference_id`) VALUES (726,4);
INSERT INTO `users` (`user_id`,`username`,`password_hash`,`email`,`role`,`active`) VALUES (727,'vol_lankapura_4','$2y$10$iiFpvIL1hfaNBYMBhqKCYuge5zWIk4DisB4TvHrBlzmuo5fjfaKY6','vol.444@resqnet.local','volunteer',1);
INSERT INTO `volunteers` (`user_id`,`name`,`age`,`gender`,`contact_number`,`house_no`,`street`,`city`,`district`,`gn_division`) VALUES (727,'Dinesh Wickramasinghe',42,'other','0714486258','58','Main St','Lankapura','Polonnaruwa District','Lankapura');
INSERT INTO `skills_volunteers` (`user_id`,`skill_id`) VALUES (727,2);
INSERT INTO `skills_volunteers` (`user_id`,`skill_id`) VALUES (727,5);
INSERT INTO `volunteer_preference_volunteers` (`user_id`,`preference_id`) VALUES (727,1);
INSERT INTO `users` (`user_id`,`username`,`password_hash`,`email`,`role`,`active`) VALUES (728,'vol_lankapura_5','$2y$10$iiFpvIL1hfaNBYMBhqKCYuge5zWIk4DisB4TvHrBlzmuo5fjfaKY6','vol.445@resqnet.local','volunteer',0);
INSERT INTO `volunteers` (`user_id`,`name`,`age`,`gender`,`contact_number`,`house_no`,`street`,`city`,`district`,`gn_division`) VALUES (728,'Chaminda Senanayake',34,'male','0769750231','140','Hill St','Lankapura','Polonnaruwa District','Lankapura');
INSERT INTO `skills_volunteers` (`user_id`,`skill_id`) VALUES (728,4);
INSERT INTO `skills_volunteers` (`user_id`,`skill_id`) VALUES (728,5);
INSERT INTO `volunteer_preference_volunteers` (`user_id`,`preference_id`) VALUES (728,5);
INSERT INTO `users` (`user_id`,`username`,`password_hash`,`email`,`role`,`active`) VALUES (729,'vol_welikanda_1','$2y$10$iiFpvIL1hfaNBYMBhqKCYuge5zWIk4DisB4TvHrBlzmuo5fjfaKY6','vol.446@resqnet.local','volunteer',1);
INSERT INTO `volunteers` (`user_id`,`name`,`age`,`gender`,`contact_number`,`house_no`,`street`,`city`,`district`,`gn_division`) VALUES (729,'Kumari Pathirana',43,'female','0761878114','130','Station Rd','Welikanda','Polonnaruwa District','Welikanda');
INSERT INTO `skills_volunteers` (`user_id`,`skill_id`) VALUES (729,1);
INSERT INTO `skills_volunteers` (`user_id`,`skill_id`) VALUES (729,2);
INSERT INTO `skills_volunteers` (`user_id`,`skill_id`) VALUES (729,3);
INSERT INTO `volunteer_preference_volunteers` (`user_id`,`preference_id`) VALUES (729,1);
INSERT INTO `volunteer_preference_volunteers` (`user_id`,`preference_id`) VALUES (729,2);
INSERT INTO `users` (`user_id`,`username`,`password_hash`,`email`,`role`,`active`) VALUES (730,'vol_welikanda_2','$2y$10$iiFpvIL1hfaNBYMBhqKCYuge5zWIk4DisB4TvHrBlzmuo5fjfaKY6','vol.447@resqnet.local','volunteer',1);
INSERT INTO `volunteers` (`user_id`,`name`,`age`,`gender`,`contact_number`,`house_no`,`street`,`city`,`district`,`gn_division`) VALUES (730,'Nimal Fernando',52,'other','0791386879','12','Temple Rd','Welikanda','Polonnaruwa District','Welikanda');
INSERT INTO `skills_volunteers` (`user_id`,`skill_id`) VALUES (730,1);
INSERT INTO `skills_volunteers` (`user_id`,`skill_id`) VALUES (730,2);
INSERT INTO `volunteer_preference_volunteers` (`user_id`,`preference_id`) VALUES (730,3);
INSERT INTO `volunteer_preference_volunteers` (`user_id`,`preference_id`) VALUES (730,6);
INSERT INTO `users` (`user_id`,`username`,`password_hash`,`email`,`role`,`active`) VALUES (731,'vol_welikanda_3','$2y$10$iiFpvIL1hfaNBYMBhqKCYuge5zWIk4DisB4TvHrBlzmuo5fjfaKY6','vol.448@resqnet.local','volunteer',1);
INSERT INTO `volunteers` (`user_id`,`name`,`age`,`gender`,`contact_number`,`house_no`,`street`,`city`,`district`,`gn_division`) VALUES (731,'Ashan Perera',22,'male','0776503074','175','Lake Rd','Welikanda','Polonnaruwa District','Welikanda');
INSERT INTO `skills_volunteers` (`user_id`,`skill_id`) VALUES (731,6);
INSERT INTO `volunteer_preference_volunteers` (`user_id`,`preference_id`) VALUES (731,7);
INSERT INTO `volunteer_preference_volunteers` (`user_id`,`preference_id`) VALUES (731,8);
INSERT INTO `users` (`user_id`,`username`,`password_hash`,`email`,`role`,`active`) VALUES (732,'vol_welikanda_4','$2y$10$iiFpvIL1hfaNBYMBhqKCYuge5zWIk4DisB4TvHrBlzmuo5fjfaKY6','vol.449@resqnet.local','volunteer',1);
INSERT INTO `volunteers` (`user_id`,`name`,`age`,`gender`,`contact_number`,`house_no`,`street`,`city`,`district`,`gn_division`) VALUES (732,'Malini Perera',46,'female','0767357789','13','Temple Rd','Welikanda','Polonnaruwa District','Welikanda');
INSERT INTO `skills_volunteers` (`user_id`,`skill_id`) VALUES (732,3);
INSERT INTO `skills_volunteers` (`user_id`,`skill_id`) VALUES (732,4);
INSERT INTO `skills_volunteers` (`user_id`,`skill_id`) VALUES (732,6);
INSERT INTO `volunteer_preference_volunteers` (`user_id`,`preference_id`) VALUES (732,1);
INSERT INTO `volunteer_preference_volunteers` (`user_id`,`preference_id`) VALUES (732,4);
INSERT INTO `volunteer_preference_volunteers` (`user_id`,`preference_id`) VALUES (732,6);
INSERT INTO `users` (`user_id`,`username`,`password_hash`,`email`,`role`,`active`) VALUES (733,'vol_welikanda_5','$2y$10$iiFpvIL1hfaNBYMBhqKCYuge5zWIk4DisB4TvHrBlzmuo5fjfaKY6','vol.450@resqnet.local','volunteer',0);
INSERT INTO `volunteers` (`user_id`,`name`,`age`,`gender`,`contact_number`,`house_no`,`street`,`city`,`district`,`gn_division`) VALUES (733,'Ishan Herath',55,'other','0747400225','63','Church Rd','Welikanda','Polonnaruwa District','Welikanda');
INSERT INTO `skills_volunteers` (`user_id`,`skill_id`) VALUES (733,5);
INSERT INTO `volunteer_preference_volunteers` (`user_id`,`preference_id`) VALUES (733,1);
INSERT INTO `volunteer_preference_volunteers` (`user_id`,`preference_id`) VALUES (733,7);
INSERT INTO `volunteer_preference_volunteers` (`user_id`,`preference_id`) VALUES (733,8);
INSERT INTO `users` (`user_id`,`username`,`password_hash`,`email`,`role`,`active`) VALUES (734,'vol_thaldena_1','$2y$10$iiFpvIL1hfaNBYMBhqKCYuge5zWIk4DisB4TvHrBlzmuo5fjfaKY6','vol.451@resqnet.local','volunteer',1);
INSERT INTO `volunteers` (`user_id`,`name`,`age`,`gender`,`contact_number`,`house_no`,`street`,`city`,`district`,`gn_division`) VALUES (734,'Dinesh Bandara',20,'male','0724604537','69','Temple Rd','Thaldena','Badulla District','Thaldena');
INSERT INTO `skills_volunteers` (`user_id`,`skill_id`) VALUES (734,1);
INSERT INTO `skills_volunteers` (`user_id`,`skill_id`) VALUES (734,2);
INSERT INTO `skills_volunteers` (`user_id`,`skill_id`) VALUES (734,4);
INSERT INTO `volunteer_preference_volunteers` (`user_id`,`preference_id`) VALUES (734,2);
INSERT INTO `users` (`user_id`,`username`,`password_hash`,`email`,`role`,`active`) VALUES (735,'vol_thaldena_2','$2y$10$iiFpvIL1hfaNBYMBhqKCYuge5zWIk4DisB4TvHrBlzmuo5fjfaKY6','vol.452@resqnet.local','volunteer',1);
INSERT INTO `volunteers` (`user_id`,`name`,`age`,`gender`,`contact_number`,`house_no`,`street`,`city`,`district`,`gn_division`) VALUES (735,'Rashmi Wijesinghe',32,'female','0793183464','161','School Ln','Thaldena','Badulla District','Thaldena');
INSERT INTO `skills_volunteers` (`user_id`,`skill_id`) VALUES (735,3);
INSERT INTO `skills_volunteers` (`user_id`,`skill_id`) VALUES (735,4);
INSERT INTO `skills_volunteers` (`user_id`,`skill_id`) VALUES (735,5);
INSERT INTO `volunteer_preference_volunteers` (`user_id`,`preference_id`) VALUES (735,1);
INSERT INTO `users` (`user_id`,`username`,`password_hash`,`email`,`role`,`active`) VALUES (736,'vol_thaldena_3','$2y$10$iiFpvIL1hfaNBYMBhqKCYuge5zWIk4DisB4TvHrBlzmuo5fjfaKY6','vol.453@resqnet.local','volunteer',1);
INSERT INTO `volunteers` (`user_id`,`name`,`age`,`gender`,`contact_number`,`house_no`,`street`,`city`,`district`,`gn_division`) VALUES (736,'Dinesh Fernando',26,'other','0754762372','158','Church Rd','Thaldena','Badulla District','Thaldena');
INSERT INTO `skills_volunteers` (`user_id`,`skill_id`) VALUES (736,3);
INSERT INTO `skills_volunteers` (`user_id`,`skill_id`) VALUES (736,4);
INSERT INTO `volunteer_preference_volunteers` (`user_id`,`preference_id`) VALUES (736,2);
INSERT INTO `volunteer_preference_volunteers` (`user_id`,`preference_id`) VALUES (736,7);
INSERT INTO `users` (`user_id`,`username`,`password_hash`,`email`,`role`,`active`) VALUES (737,'vol_thaldena_4','$2y$10$iiFpvIL1hfaNBYMBhqKCYuge5zWIk4DisB4TvHrBlzmuo5fjfaKY6','vol.454@resqnet.local','volunteer',1);
INSERT INTO `volunteers` (`user_id`,`name`,`age`,`gender`,`contact_number`,`house_no`,`street`,`city`,`district`,`gn_division`) VALUES (737,'Tharaka Jayawardena',39,'male','0754080888','106','Station Rd','Thaldena','Badulla District','Thaldena');
INSERT INTO `skills_volunteers` (`user_id`,`skill_id`) VALUES (737,1);
INSERT INTO `skills_volunteers` (`user_id`,`skill_id`) VALUES (737,2);
INSERT INTO `volunteer_preference_volunteers` (`user_id`,`preference_id`) VALUES (737,4);
INSERT INTO `volunteer_preference_volunteers` (`user_id`,`preference_id`) VALUES (737,7);
INSERT INTO `users` (`user_id`,`username`,`password_hash`,`email`,`role`,`active`) VALUES (738,'vol_thaldena_5','$2y$10$iiFpvIL1hfaNBYMBhqKCYuge5zWIk4DisB4TvHrBlzmuo5fjfaKY6','vol.455@resqnet.local','volunteer',0);
INSERT INTO `volunteers` (`user_id`,`name`,`age`,`gender`,`contact_number`,`house_no`,`street`,`city`,`district`,`gn_division`) VALUES (738,'Dilhani Senanayake',36,'female','0789924531','166','Market Rd','Thaldena','Badulla District','Thaldena');
INSERT INTO `skills_volunteers` (`user_id`,`skill_id`) VALUES (738,1);
INSERT INTO `skills_volunteers` (`user_id`,`skill_id`) VALUES (738,3);
INSERT INTO `volunteer_preference_volunteers` (`user_id`,`preference_id`) VALUES (738,3);
INSERT INTO `volunteer_preference_volunteers` (`user_id`,`preference_id`) VALUES (738,5);
INSERT INTO `users` (`user_id`,`username`,`password_hash`,`email`,`role`,`active`) VALUES (739,'vol_welimada_1','$2y$10$iiFpvIL1hfaNBYMBhqKCYuge5zWIk4DisB4TvHrBlzmuo5fjfaKY6','vol.456@resqnet.local','volunteer',1);
INSERT INTO `volunteers` (`user_id`,`name`,`age`,`gender`,`contact_number`,`house_no`,`street`,`city`,`district`,`gn_division`) VALUES (739,'Amila Jayawardena',22,'other','0713038544','198','Lake Rd','Welimada','Badulla District','Welimada');
INSERT INTO `skills_volunteers` (`user_id`,`skill_id`) VALUES (739,5);
INSERT INTO `volunteer_preference_volunteers` (`user_id`,`preference_id`) VALUES (739,4);
INSERT INTO `users` (`user_id`,`username`,`password_hash`,`email`,`role`,`active`) VALUES (740,'vol_welimada_2','$2y$10$iiFpvIL1hfaNBYMBhqKCYuge5zWIk4DisB4TvHrBlzmuo5fjfaKY6','vol.457@resqnet.local','volunteer',1);
INSERT INTO `volunteers` (`user_id`,`name`,`age`,`gender`,`contact_number`,`house_no`,`street`,`city`,`district`,`gn_division`) VALUES (740,'Chaminda Liyanage',38,'male','0743098206','161','Market Rd','Welimada','Badulla District','Welimada');
INSERT INTO `skills_volunteers` (`user_id`,`skill_id`) VALUES (740,1);
INSERT INTO `skills_volunteers` (`user_id`,`skill_id`) VALUES (740,6);
INSERT INTO `volunteer_preference_volunteers` (`user_id`,`preference_id`) VALUES (740,1);
INSERT INTO `volunteer_preference_volunteers` (`user_id`,`preference_id`) VALUES (740,6);
INSERT INTO `users` (`user_id`,`username`,`password_hash`,`email`,`role`,`active`) VALUES (741,'vol_welimada_3','$2y$10$iiFpvIL1hfaNBYMBhqKCYuge5zWIk4DisB4TvHrBlzmuo5fjfaKY6','vol.458@resqnet.local','volunteer',1);
INSERT INTO `volunteers` (`user_id`,`name`,`age`,`gender`,`contact_number`,`house_no`,`street`,`city`,`district`,`gn_division`) VALUES (741,'Gayani Dissanayake',35,'female','0788887983','130','Lake Rd','Welimada','Badulla District','Welimada');
INSERT INTO `skills_volunteers` (`user_id`,`skill_id`) VALUES (741,2);
INSERT INTO `skills_volunteers` (`user_id`,`skill_id`) VALUES (741,5);
INSERT INTO `volunteer_preference_volunteers` (`user_id`,`preference_id`) VALUES (741,5);
INSERT INTO `volunteer_preference_volunteers` (`user_id`,`preference_id`) VALUES (741,7);
INSERT INTO `users` (`user_id`,`username`,`password_hash`,`email`,`role`,`active`) VALUES (742,'vol_welimada_4','$2y$10$iiFpvIL1hfaNBYMBhqKCYuge5zWIk4DisB4TvHrBlzmuo5fjfaKY6','vol.459@resqnet.local','volunteer',1);
INSERT INTO `volunteers` (`user_id`,`name`,`age`,`gender`,`contact_number`,`house_no`,`street`,`city`,`district`,`gn_division`) VALUES (742,'Amila Cooray',53,'other','0784774333','178','Lake Rd','Welimada','Badulla District','Welimada');
INSERT INTO `skills_volunteers` (`user_id`,`skill_id`) VALUES (742,2);
INSERT INTO `skills_volunteers` (`user_id`,`skill_id`) VALUES (742,4);
INSERT INTO `volunteer_preference_volunteers` (`user_id`,`preference_id`) VALUES (742,1);
INSERT INTO `users` (`user_id`,`username`,`password_hash`,`email`,`role`,`active`) VALUES (743,'vol_welimada_5','$2y$10$iiFpvIL1hfaNBYMBhqKCYuge5zWIk4DisB4TvHrBlzmuo5fjfaKY6','vol.460@resqnet.local','volunteer',0);
INSERT INTO `volunteers` (`user_id`,`name`,`age`,`gender`,`contact_number`,`house_no`,`street`,`city`,`district`,`gn_division`) VALUES (743,'Dasun Silva',30,'male','0723792330','7','Station Rd','Welimada','Badulla District','Welimada');
INSERT INTO `skills_volunteers` (`user_id`,`skill_id`) VALUES (743,6);
INSERT INTO `volunteer_preference_volunteers` (`user_id`,`preference_id`) VALUES (743,3);
INSERT INTO `users` (`user_id`,`username`,`password_hash`,`email`,`role`,`active`) VALUES (744,'vol_badulla_1','$2y$10$iiFpvIL1hfaNBYMBhqKCYuge5zWIk4DisB4TvHrBlzmuo5fjfaKY6','vol.461@resqnet.local','volunteer',1);
INSERT INTO `volunteers` (`user_id`,`name`,`age`,`gender`,`contact_number`,`house_no`,`street`,`city`,`district`,`gn_division`) VALUES (744,'Gayani Gunasekara',50,'female','0762848897','72','Main St','Badulla','Badulla District','Badulla');
INSERT INTO `skills_volunteers` (`user_id`,`skill_id`) VALUES (744,1);
INSERT INTO `skills_volunteers` (`user_id`,`skill_id`) VALUES (744,2);
INSERT INTO `skills_volunteers` (`user_id`,`skill_id`) VALUES (744,5);
INSERT INTO `volunteer_preference_volunteers` (`user_id`,`preference_id`) VALUES (744,1);
INSERT INTO `volunteer_preference_volunteers` (`user_id`,`preference_id`) VALUES (744,2);
INSERT INTO `users` (`user_id`,`username`,`password_hash`,`email`,`role`,`active`) VALUES (745,'vol_badulla_2','$2y$10$iiFpvIL1hfaNBYMBhqKCYuge5zWIk4DisB4TvHrBlzmuo5fjfaKY6','vol.462@resqnet.local','volunteer',1);
INSERT INTO `volunteers` (`user_id`,`name`,`age`,`gender`,`contact_number`,`house_no`,`street`,`city`,`district`,`gn_division`) VALUES (745,'Chaminda Bandara',28,'other','0770350670','113','School Ln','Badulla','Badulla District','Badulla');
INSERT INTO `skills_volunteers` (`user_id`,`skill_id`) VALUES (745,4);
INSERT INTO `skills_volunteers` (`user_id`,`skill_id`) VALUES (745,6);
INSERT INTO `volunteer_preference_volunteers` (`user_id`,`preference_id`) VALUES (745,1);
INSERT INTO `volunteer_preference_volunteers` (`user_id`,`preference_id`) VALUES (745,4);
INSERT INTO `users` (`user_id`,`username`,`password_hash`,`email`,`role`,`active`) VALUES (746,'vol_badulla_3','$2y$10$iiFpvIL1hfaNBYMBhqKCYuge5zWIk4DisB4TvHrBlzmuo5fjfaKY6','vol.463@resqnet.local','volunteer',1);
INSERT INTO `volunteers` (`user_id`,`name`,`age`,`gender`,`contact_number`,`house_no`,`street`,`city`,`district`,`gn_division`) VALUES (746,'Dasun Liyanage',20,'male','0779704281','116','School Ln','Badulla','Badulla District','Badulla');
INSERT INTO `skills_volunteers` (`user_id`,`skill_id`) VALUES (746,4);
INSERT INTO `volunteer_preference_volunteers` (`user_id`,`preference_id`) VALUES (746,8);
INSERT INTO `users` (`user_id`,`username`,`password_hash`,`email`,`role`,`active`) VALUES (747,'vol_badulla_4','$2y$10$iiFpvIL1hfaNBYMBhqKCYuge5zWIk4DisB4TvHrBlzmuo5fjfaKY6','vol.464@resqnet.local','volunteer',1);
INSERT INTO `volunteers` (`user_id`,`name`,`age`,`gender`,`contact_number`,`house_no`,`street`,`city`,`district`,`gn_division`) VALUES (747,'Dilhani Liyanage',48,'female','0720334161','42','School Ln','Badulla','Badulla District','Badulla');
INSERT INTO `skills_volunteers` (`user_id`,`skill_id`) VALUES (747,2);
INSERT INTO `skills_volunteers` (`user_id`,`skill_id`) VALUES (747,6);
INSERT INTO `volunteer_preference_volunteers` (`user_id`,`preference_id`) VALUES (747,3);
INSERT INTO `volunteer_preference_volunteers` (`user_id`,`preference_id`) VALUES (747,6);
INSERT INTO `volunteer_preference_volunteers` (`user_id`,`preference_id`) VALUES (747,8);
INSERT INTO `users` (`user_id`,`username`,`password_hash`,`email`,`role`,`active`) VALUES (748,'vol_badulla_5','$2y$10$iiFpvIL1hfaNBYMBhqKCYuge5zWIk4DisB4TvHrBlzmuo5fjfaKY6','vol.465@resqnet.local','volunteer',0);
INSERT INTO `volunteers` (`user_id`,`name`,`age`,`gender`,`contact_number`,`house_no`,`street`,`city`,`district`,`gn_division`) VALUES (748,'Chaminda Cooray',37,'other','0736797910','5','River Rd','Badulla','Badulla District','Badulla');
INSERT INTO `skills_volunteers` (`user_id`,`skill_id`) VALUES (748,2);
INSERT INTO `skills_volunteers` (`user_id`,`skill_id`) VALUES (748,5);
INSERT INTO `skills_volunteers` (`user_id`,`skill_id`) VALUES (748,6);
INSERT INTO `volunteer_preference_volunteers` (`user_id`,`preference_id`) VALUES (748,7);
INSERT INTO `users` (`user_id`,`username`,`password_hash`,`email`,`role`,`active`) VALUES (749,'vol_passara_1','$2y$10$iiFpvIL1hfaNBYMBhqKCYuge5zWIk4DisB4TvHrBlzmuo5fjfaKY6','vol.466@resqnet.local','volunteer',1);
INSERT INTO `volunteers` (`user_id`,`name`,`age`,`gender`,`contact_number`,`house_no`,`street`,`city`,`district`,`gn_division`) VALUES (749,'Pradeep Samarasinghe',34,'male','0796410869','128','Station Rd','Passara','Badulla District','Passara');
INSERT INTO `skills_volunteers` (`user_id`,`skill_id`) VALUES (749,4);
INSERT INTO `skills_volunteers` (`user_id`,`skill_id`) VALUES (749,5);
INSERT INTO `volunteer_preference_volunteers` (`user_id`,`preference_id`) VALUES (749,6);
INSERT INTO `volunteer_preference_volunteers` (`user_id`,`preference_id`) VALUES (749,8);
INSERT INTO `users` (`user_id`,`username`,`password_hash`,`email`,`role`,`active`) VALUES (750,'vol_passara_2','$2y$10$iiFpvIL1hfaNBYMBhqKCYuge5zWIk4DisB4TvHrBlzmuo5fjfaKY6','vol.467@resqnet.local','volunteer',1);
INSERT INTO `volunteers` (`user_id`,`name`,`age`,`gender`,`contact_number`,`house_no`,`street`,`city`,`district`,`gn_division`) VALUES (750,'Hiruni Wijesinghe',25,'female','0791542149','112','Temple Rd','Passara','Badulla District','Passara');
INSERT INTO `skills_volunteers` (`user_id`,`skill_id`) VALUES (750,1);
INSERT INTO `skills_volunteers` (`user_id`,`skill_id`) VALUES (750,2);
INSERT INTO `volunteer_preference_volunteers` (`user_id`,`preference_id`) VALUES (750,7);
INSERT INTO `users` (`user_id`,`username`,`password_hash`,`email`,`role`,`active`) VALUES (751,'vol_passara_3','$2y$10$iiFpvIL1hfaNBYMBhqKCYuge5zWIk4DisB4TvHrBlzmuo5fjfaKY6','vol.468@resqnet.local','volunteer',1);
INSERT INTO `volunteers` (`user_id`,`name`,`age`,`gender`,`contact_number`,`house_no`,`street`,`city`,`district`,`gn_division`) VALUES (751,'Dasun Mendis',30,'other','0725941184','120','Market Rd','Passara','Badulla District','Passara');
INSERT INTO `skills_volunteers` (`user_id`,`skill_id`) VALUES (751,4);
INSERT INTO `skills_volunteers` (`user_id`,`skill_id`) VALUES (751,6);
INSERT INTO `volunteer_preference_volunteers` (`user_id`,`preference_id`) VALUES (751,6);
INSERT INTO `users` (`user_id`,`username`,`password_hash`,`email`,`role`,`active`) VALUES (752,'vol_passara_4','$2y$10$iiFpvIL1hfaNBYMBhqKCYuge5zWIk4DisB4TvHrBlzmuo5fjfaKY6','vol.469@resqnet.local','volunteer',1);
INSERT INTO `volunteers` (`user_id`,`name`,`age`,`gender`,`contact_number`,`house_no`,`street`,`city`,`district`,`gn_division`) VALUES (752,'Roshan Senanayake',47,'male','0726641578','74','Station Rd','Passara','Badulla District','Passara');
INSERT INTO `skills_volunteers` (`user_id`,`skill_id`) VALUES (752,1);
INSERT INTO `skills_volunteers` (`user_id`,`skill_id`) VALUES (752,3);
INSERT INTO `skills_volunteers` (`user_id`,`skill_id`) VALUES (752,6);
INSERT INTO `volunteer_preference_volunteers` (`user_id`,`preference_id`) VALUES (752,3);
INSERT INTO `users` (`user_id`,`username`,`password_hash`,`email`,`role`,`active`) VALUES (753,'vol_passara_5','$2y$10$iiFpvIL1hfaNBYMBhqKCYuge5zWIk4DisB4TvHrBlzmuo5fjfaKY6','vol.470@resqnet.local','volunteer',0);
INSERT INTO `volunteers` (`user_id`,`name`,`age`,`gender`,`contact_number`,`house_no`,`street`,`city`,`district`,`gn_division`) VALUES (753,'Chamari Dissanayake',27,'female','0712260275','49','Station Rd','Passara','Badulla District','Passara');
INSERT INTO `skills_volunteers` (`user_id`,`skill_id`) VALUES (753,2);
INSERT INTO `skills_volunteers` (`user_id`,`skill_id`) VALUES (753,5);
INSERT INTO `skills_volunteers` (`user_id`,`skill_id`) VALUES (753,6);
INSERT INTO `volunteer_preference_volunteers` (`user_id`,`preference_id`) VALUES (753,4);
INSERT INTO `volunteer_preference_volunteers` (`user_id`,`preference_id`) VALUES (753,5);
INSERT INTO `users` (`user_id`,`username`,`password_hash`,`email`,`role`,`active`) VALUES (754,'vol_bandarawela_1','$2y$10$iiFpvIL1hfaNBYMBhqKCYuge5zWIk4DisB4TvHrBlzmuo5fjfaKY6','vol.471@resqnet.local','volunteer',1);
INSERT INTO `volunteers` (`user_id`,`name`,`age`,`gender`,`contact_number`,`house_no`,`street`,`city`,`district`,`gn_division`) VALUES (754,'Sunil Dissanayake',49,'other','0794388909','109','Hill St','Bandarawela','Badulla District','Bandarawela');
INSERT INTO `skills_volunteers` (`user_id`,`skill_id`) VALUES (754,3);
INSERT INTO `skills_volunteers` (`user_id`,`skill_id`) VALUES (754,4);
INSERT INTO `volunteer_preference_volunteers` (`user_id`,`preference_id`) VALUES (754,1);
INSERT INTO `volunteer_preference_volunteers` (`user_id`,`preference_id`) VALUES (754,2);
INSERT INTO `volunteer_preference_volunteers` (`user_id`,`preference_id`) VALUES (754,7);
INSERT INTO `users` (`user_id`,`username`,`password_hash`,`email`,`role`,`active`) VALUES (755,'vol_bandarawela_2','$2y$10$iiFpvIL1hfaNBYMBhqKCYuge5zWIk4DisB4TvHrBlzmuo5fjfaKY6','vol.472@resqnet.local','volunteer',1);
INSERT INTO `volunteers` (`user_id`,`name`,`age`,`gender`,`contact_number`,`house_no`,`street`,`city`,`district`,`gn_division`) VALUES (755,'Amila Rathnayake',32,'male','0721811321','45','Garden Ln','Bandarawela','Badulla District','Bandarawela');
INSERT INTO `skills_volunteers` (`user_id`,`skill_id`) VALUES (755,3);
INSERT INTO `volunteer_preference_volunteers` (`user_id`,`preference_id`) VALUES (755,2);
INSERT INTO `volunteer_preference_volunteers` (`user_id`,`preference_id`) VALUES (755,3);
INSERT INTO `volunteer_preference_volunteers` (`user_id`,`preference_id`) VALUES (755,8);
INSERT INTO `users` (`user_id`,`username`,`password_hash`,`email`,`role`,`active`) VALUES (756,'vol_bandarawela_3','$2y$10$iiFpvIL1hfaNBYMBhqKCYuge5zWIk4DisB4TvHrBlzmuo5fjfaKY6','vol.473@resqnet.local','volunteer',1);
INSERT INTO `volunteers` (`user_id`,`name`,`age`,`gender`,`contact_number`,`house_no`,`street`,`city`,`district`,`gn_division`) VALUES (756,'Malini Jayawardena',24,'female','0728203262','194','Hill St','Bandarawela','Badulla District','Bandarawela');
INSERT INTO `skills_volunteers` (`user_id`,`skill_id`) VALUES (756,4);
INSERT INTO `volunteer_preference_volunteers` (`user_id`,`preference_id`) VALUES (756,2);
INSERT INTO `volunteer_preference_volunteers` (`user_id`,`preference_id`) VALUES (756,5);
INSERT INTO `volunteer_preference_volunteers` (`user_id`,`preference_id`) VALUES (756,8);
INSERT INTO `users` (`user_id`,`username`,`password_hash`,`email`,`role`,`active`) VALUES (757,'vol_bandarawela_4','$2y$10$iiFpvIL1hfaNBYMBhqKCYuge5zWIk4DisB4TvHrBlzmuo5fjfaKY6','vol.474@resqnet.local','volunteer',1);
INSERT INTO `volunteers` (`user_id`,`name`,`age`,`gender`,`contact_number`,`house_no`,`street`,`city`,`district`,`gn_division`) VALUES (757,'Ashan Ekanayake',47,'other','0730848912','43','Lake Rd','Bandarawela','Badulla District','Bandarawela');
INSERT INTO `skills_volunteers` (`user_id`,`skill_id`) VALUES (757,3);
INSERT INTO `skills_volunteers` (`user_id`,`skill_id`) VALUES (757,5);
INSERT INTO `volunteer_preference_volunteers` (`user_id`,`preference_id`) VALUES (757,6);
INSERT INTO `users` (`user_id`,`username`,`password_hash`,`email`,`role`,`active`) VALUES (758,'vol_bandarawela_5','$2y$10$iiFpvIL1hfaNBYMBhqKCYuge5zWIk4DisB4TvHrBlzmuo5fjfaKY6','vol.475@resqnet.local','volunteer',0);
INSERT INTO `volunteers` (`user_id`,`name`,`age`,`gender`,`contact_number`,`house_no`,`street`,`city`,`district`,`gn_division`) VALUES (758,'Dasun Karunaratne',38,'male','0743768433','49','Station Rd','Bandarawela','Badulla District','Bandarawela');
INSERT INTO `skills_volunteers` (`user_id`,`skill_id`) VALUES (758,2);
INSERT INTO `skills_volunteers` (`user_id`,`skill_id`) VALUES (758,3);
INSERT INTO `volunteer_preference_volunteers` (`user_id`,`preference_id`) VALUES (758,5);
INSERT INTO `users` (`user_id`,`username`,`password_hash`,`email`,`role`,`active`) VALUES (759,'vol_hali_ela_1','$2y$10$iiFpvIL1hfaNBYMBhqKCYuge5zWIk4DisB4TvHrBlzmuo5fjfaKY6','vol.476@resqnet.local','volunteer',1);
INSERT INTO `volunteers` (`user_id`,`name`,`age`,`gender`,`contact_number`,`house_no`,`street`,`city`,`district`,`gn_division`) VALUES (759,'Dilhani Wijesinghe',43,'female','0718122911','192','School Ln','Hali-Ela','Badulla District','Hali-Ela');
INSERT INTO `skills_volunteers` (`user_id`,`skill_id`) VALUES (759,6);
INSERT INTO `volunteer_preference_volunteers` (`user_id`,`preference_id`) VALUES (759,4);
INSERT INTO `volunteer_preference_volunteers` (`user_id`,`preference_id`) VALUES (759,5);
INSERT INTO `volunteer_preference_volunteers` (`user_id`,`preference_id`) VALUES (759,6);
INSERT INTO `users` (`user_id`,`username`,`password_hash`,`email`,`role`,`active`) VALUES (760,'vol_hali_ela_2','$2y$10$iiFpvIL1hfaNBYMBhqKCYuge5zWIk4DisB4TvHrBlzmuo5fjfaKY6','vol.477@resqnet.local','volunteer',1);
INSERT INTO `volunteers` (`user_id`,`name`,`age`,`gender`,`contact_number`,`house_no`,`street`,`city`,`district`,`gn_division`) VALUES (760,'Sahan Karunaratne',32,'other','0735590290','180','Temple Rd','Hali-Ela','Badulla District','Hali-Ela');
INSERT INTO `skills_volunteers` (`user_id`,`skill_id`) VALUES (760,1);
INSERT INTO `skills_volunteers` (`user_id`,`skill_id`) VALUES (760,3);
INSERT INTO `skills_volunteers` (`user_id`,`skill_id`) VALUES (760,5);
INSERT INTO `volunteer_preference_volunteers` (`user_id`,`preference_id`) VALUES (760,3);
INSERT INTO `volunteer_preference_volunteers` (`user_id`,`preference_id`) VALUES (760,4);
INSERT INTO `volunteer_preference_volunteers` (`user_id`,`preference_id`) VALUES (760,7);
INSERT INTO `users` (`user_id`,`username`,`password_hash`,`email`,`role`,`active`) VALUES (761,'vol_hali_ela_3','$2y$10$iiFpvIL1hfaNBYMBhqKCYuge5zWIk4DisB4TvHrBlzmuo5fjfaKY6','vol.478@resqnet.local','volunteer',1);
INSERT INTO `volunteers` (`user_id`,`name`,`age`,`gender`,`contact_number`,`house_no`,`street`,`city`,`district`,`gn_division`) VALUES (761,'Malith Fernando',41,'male','0746770263','71','River Rd','Hali-Ela','Badulla District','Hali-Ela');
INSERT INTO `skills_volunteers` (`user_id`,`skill_id`) VALUES (761,2);
INSERT INTO `skills_volunteers` (`user_id`,`skill_id`) VALUES (761,3);
INSERT INTO `skills_volunteers` (`user_id`,`skill_id`) VALUES (761,6);
INSERT INTO `volunteer_preference_volunteers` (`user_id`,`preference_id`) VALUES (761,2);
INSERT INTO `volunteer_preference_volunteers` (`user_id`,`preference_id`) VALUES (761,4);
INSERT INTO `users` (`user_id`,`username`,`password_hash`,`email`,`role`,`active`) VALUES (762,'vol_hali_ela_4','$2y$10$iiFpvIL1hfaNBYMBhqKCYuge5zWIk4DisB4TvHrBlzmuo5fjfaKY6','vol.479@resqnet.local','volunteer',1);
INSERT INTO `volunteers` (`user_id`,`name`,`age`,`gender`,`contact_number`,`house_no`,`street`,`city`,`district`,`gn_division`) VALUES (762,'Tharushi Dissanayake',20,'female','0765807543','40','Garden Ln','Hali-Ela','Badulla District','Hali-Ela');
INSERT INTO `skills_volunteers` (`user_id`,`skill_id`) VALUES (762,1);
INSERT INTO `skills_volunteers` (`user_id`,`skill_id`) VALUES (762,3);
INSERT INTO `skills_volunteers` (`user_id`,`skill_id`) VALUES (762,5);
INSERT INTO `volunteer_preference_volunteers` (`user_id`,`preference_id`) VALUES (762,1);
INSERT INTO `volunteer_preference_volunteers` (`user_id`,`preference_id`) VALUES (762,6);
INSERT INTO `users` (`user_id`,`username`,`password_hash`,`email`,`role`,`active`) VALUES (763,'vol_hali_ela_5','$2y$10$iiFpvIL1hfaNBYMBhqKCYuge5zWIk4DisB4TvHrBlzmuo5fjfaKY6','vol.480@resqnet.local','volunteer',0);
INSERT INTO `volunteers` (`user_id`,`name`,`age`,`gender`,`contact_number`,`house_no`,`street`,`city`,`district`,`gn_division`) VALUES (763,'Ranjith Cooray',41,'other','0723269156','41','School Ln','Hali-Ela','Badulla District','Hali-Ela');
INSERT INTO `skills_volunteers` (`user_id`,`skill_id`) VALUES (763,2);
INSERT INTO `volunteer_preference_volunteers` (`user_id`,`preference_id`) VALUES (763,7);
INSERT INTO `users` (`user_id`,`username`,`password_hash`,`email`,`role`,`active`) VALUES (764,'vol_bentota_1','$2y$10$iiFpvIL1hfaNBYMBhqKCYuge5zWIk4DisB4TvHrBlzmuo5fjfaKY6','vol.481@resqnet.local','volunteer',1);
INSERT INTO `volunteers` (`user_id`,`name`,`age`,`gender`,`contact_number`,`house_no`,`street`,`city`,`district`,`gn_division`) VALUES (764,'Nimal Weerasinghe',19,'male','0766590570','162','Temple Rd','Bentota','Galle District','Bentota');
INSERT INTO `skills_volunteers` (`user_id`,`skill_id`) VALUES (764,2);
INSERT INTO `volunteer_preference_volunteers` (`user_id`,`preference_id`) VALUES (764,1);
INSERT INTO `volunteer_preference_volunteers` (`user_id`,`preference_id`) VALUES (764,7);
INSERT INTO `users` (`user_id`,`username`,`password_hash`,`email`,`role`,`active`) VALUES (765,'vol_bentota_2','$2y$10$iiFpvIL1hfaNBYMBhqKCYuge5zWIk4DisB4TvHrBlzmuo5fjfaKY6','vol.482@resqnet.local','volunteer',1);
INSERT INTO `volunteers` (`user_id`,`name`,`age`,`gender`,`contact_number`,`house_no`,`street`,`city`,`district`,`gn_division`) VALUES (765,'Chamari Fernando',28,'female','0710865525','37','Church Rd','Bentota','Galle District','Bentota');
INSERT INTO `skills_volunteers` (`user_id`,`skill_id`) VALUES (765,1);
INSERT INTO `skills_volunteers` (`user_id`,`skill_id`) VALUES (765,3);
INSERT INTO `volunteer_preference_volunteers` (`user_id`,`preference_id`) VALUES (765,2);
INSERT INTO `volunteer_preference_volunteers` (`user_id`,`preference_id`) VALUES (765,4);
INSERT INTO `volunteer_preference_volunteers` (`user_id`,`preference_id`) VALUES (765,5);
INSERT INTO `users` (`user_id`,`username`,`password_hash`,`email`,`role`,`active`) VALUES (766,'vol_bentota_3','$2y$10$iiFpvIL1hfaNBYMBhqKCYuge5zWIk4DisB4TvHrBlzmuo5fjfaKY6','vol.483@resqnet.local','volunteer',1);
INSERT INTO `volunteers` (`user_id`,`name`,`age`,`gender`,`contact_number`,`house_no`,`street`,`city`,`district`,`gn_division`) VALUES (766,'Chathura Perera',34,'other','0770624681','119','Main St','Bentota','Galle District','Bentota');
INSERT INTO `skills_volunteers` (`user_id`,`skill_id`) VALUES (766,4);
INSERT INTO `volunteer_preference_volunteers` (`user_id`,`preference_id`) VALUES (766,4);
INSERT INTO `volunteer_preference_volunteers` (`user_id`,`preference_id`) VALUES (766,5);
INSERT INTO `volunteer_preference_volunteers` (`user_id`,`preference_id`) VALUES (766,8);
INSERT INTO `users` (`user_id`,`username`,`password_hash`,`email`,`role`,`active`) VALUES (767,'vol_bentota_4','$2y$10$iiFpvIL1hfaNBYMBhqKCYuge5zWIk4DisB4TvHrBlzmuo5fjfaKY6','vol.484@resqnet.local','volunteer',1);
INSERT INTO `volunteers` (`user_id`,`name`,`age`,`gender`,`contact_number`,`house_no`,`street`,`city`,`district`,`gn_division`) VALUES (767,'Sahan Bandara',31,'male','0718685915','105','Hill St','Bentota','Galle District','Bentota');
INSERT INTO `skills_volunteers` (`user_id`,`skill_id`) VALUES (767,1);
INSERT INTO `volunteer_preference_volunteers` (`user_id`,`preference_id`) VALUES (767,2);
INSERT INTO `users` (`user_id`,`username`,`password_hash`,`email`,`role`,`active`) VALUES (768,'vol_bentota_5','$2y$10$iiFpvIL1hfaNBYMBhqKCYuge5zWIk4DisB4TvHrBlzmuo5fjfaKY6','vol.485@resqnet.local','volunteer',0);
INSERT INTO `volunteers` (`user_id`,`name`,`age`,`gender`,`contact_number`,`house_no`,`street`,`city`,`district`,`gn_division`) VALUES (768,'Pavithra Rathnayake',29,'female','0742917733','44','Garden Ln','Bentota','Galle District','Bentota');
INSERT INTO `skills_volunteers` (`user_id`,`skill_id`) VALUES (768,5);
INSERT INTO `skills_volunteers` (`user_id`,`skill_id`) VALUES (768,6);
INSERT INTO `volunteer_preference_volunteers` (`user_id`,`preference_id`) VALUES (768,3);
INSERT INTO `volunteer_preference_volunteers` (`user_id`,`preference_id`) VALUES (768,5);
INSERT INTO `volunteer_preference_volunteers` (`user_id`,`preference_id`) VALUES (768,6);
INSERT INTO `users` (`user_id`,`username`,`password_hash`,`email`,`role`,`active`) VALUES (769,'vol_balapitiya_1','$2y$10$iiFpvIL1hfaNBYMBhqKCYuge5zWIk4DisB4TvHrBlzmuo5fjfaKY6','vol.486@resqnet.local','volunteer',1);
INSERT INTO `volunteers` (`user_id`,`name`,`age`,`gender`,`contact_number`,`house_no`,`street`,`city`,`district`,`gn_division`) VALUES (769,'Nimal Pathirana',24,'other','0754821458','152','School Ln','Balapitiya','Galle District','Balapitiya');
INSERT INTO `skills_volunteers` (`user_id`,`skill_id`) VALUES (769,3);
INSERT INTO `skills_volunteers` (`user_id`,`skill_id`) VALUES (769,5);
INSERT INTO `skills_volunteers` (`user_id`,`skill_id`) VALUES (769,6);
INSERT INTO `volunteer_preference_volunteers` (`user_id`,`preference_id`) VALUES (769,2);
INSERT INTO `volunteer_preference_volunteers` (`user_id`,`preference_id`) VALUES (769,3);
INSERT INTO `volunteer_preference_volunteers` (`user_id`,`preference_id`) VALUES (769,7);
INSERT INTO `users` (`user_id`,`username`,`password_hash`,`email`,`role`,`active`) VALUES (770,'vol_balapitiya_2','$2y$10$iiFpvIL1hfaNBYMBhqKCYuge5zWIk4DisB4TvHrBlzmuo5fjfaKY6','vol.487@resqnet.local','volunteer',1);
INSERT INTO `volunteers` (`user_id`,`name`,`age`,`gender`,`contact_number`,`house_no`,`street`,`city`,`district`,`gn_division`) VALUES (770,'Roshan Bandara',41,'male','0726699660','93','Lake Rd','Balapitiya','Galle District','Balapitiya');
INSERT INTO `skills_volunteers` (`user_id`,`skill_id`) VALUES (770,1);
INSERT INTO `skills_volunteers` (`user_id`,`skill_id`) VALUES (770,3);
INSERT INTO `skills_volunteers` (`user_id`,`skill_id`) VALUES (770,5);
INSERT INTO `volunteer_preference_volunteers` (`user_id`,`preference_id`) VALUES (770,3);
INSERT INTO `volunteer_preference_volunteers` (`user_id`,`preference_id`) VALUES (770,6);
INSERT INTO `users` (`user_id`,`username`,`password_hash`,`email`,`role`,`active`) VALUES (771,'vol_balapitiya_3','$2y$10$iiFpvIL1hfaNBYMBhqKCYuge5zWIk4DisB4TvHrBlzmuo5fjfaKY6','vol.488@resqnet.local','volunteer',1);
INSERT INTO `volunteers` (`user_id`,`name`,`age`,`gender`,`contact_number`,`house_no`,`street`,`city`,`district`,`gn_division`) VALUES (771,'Tharushi Fernando',50,'female','0754961602','23','River Rd','Balapitiya','Galle District','Balapitiya');
INSERT INTO `skills_volunteers` (`user_id`,`skill_id`) VALUES (771,1);
INSERT INTO `skills_volunteers` (`user_id`,`skill_id`) VALUES (771,5);
INSERT INTO `volunteer_preference_volunteers` (`user_id`,`preference_id`) VALUES (771,1);
INSERT INTO `volunteer_preference_volunteers` (`user_id`,`preference_id`) VALUES (771,4);
INSERT INTO `volunteer_preference_volunteers` (`user_id`,`preference_id`) VALUES (771,7);
INSERT INTO `users` (`user_id`,`username`,`password_hash`,`email`,`role`,`active`) VALUES (772,'vol_balapitiya_4','$2y$10$iiFpvIL1hfaNBYMBhqKCYuge5zWIk4DisB4TvHrBlzmuo5fjfaKY6','vol.489@resqnet.local','volunteer',1);
INSERT INTO `volunteers` (`user_id`,`name`,`age`,`gender`,`contact_number`,`house_no`,`street`,`city`,`district`,`gn_division`) VALUES (772,'Ishan Herath',39,'other','0774657226','199','Hill St','Balapitiya','Galle District','Balapitiya');
INSERT INTO `skills_volunteers` (`user_id`,`skill_id`) VALUES (772,1);
INSERT INTO `skills_volunteers` (`user_id`,`skill_id`) VALUES (772,2);
INSERT INTO `skills_volunteers` (`user_id`,`skill_id`) VALUES (772,3);
INSERT INTO `volunteer_preference_volunteers` (`user_id`,`preference_id`) VALUES (772,8);
INSERT INTO `users` (`user_id`,`username`,`password_hash`,`email`,`role`,`active`) VALUES (773,'vol_balapitiya_5','$2y$10$iiFpvIL1hfaNBYMBhqKCYuge5zWIk4DisB4TvHrBlzmuo5fjfaKY6','vol.490@resqnet.local','volunteer',0);
INSERT INTO `volunteers` (`user_id`,`name`,`age`,`gender`,`contact_number`,`house_no`,`street`,`city`,`district`,`gn_division`) VALUES (773,'Ashan Bandara',25,'male','0758087797','57','Church Rd','Balapitiya','Galle District','Balapitiya');
INSERT INTO `skills_volunteers` (`user_id`,`skill_id`) VALUES (773,3);
INSERT INTO `skills_volunteers` (`user_id`,`skill_id`) VALUES (773,5);
INSERT INTO `volunteer_preference_volunteers` (`user_id`,`preference_id`) VALUES (773,1);
INSERT INTO `volunteer_preference_volunteers` (`user_id`,`preference_id`) VALUES (773,5);
INSERT INTO `volunteer_preference_volunteers` (`user_id`,`preference_id`) VALUES (773,8);
INSERT INTO `users` (`user_id`,`username`,`password_hash`,`email`,`role`,`active`) VALUES (774,'vol_karandeniya_1','$2y$10$iiFpvIL1hfaNBYMBhqKCYuge5zWIk4DisB4TvHrBlzmuo5fjfaKY6','vol.491@resqnet.local','volunteer',1);
INSERT INTO `volunteers` (`user_id`,`name`,`age`,`gender`,`contact_number`,`house_no`,`street`,`city`,`district`,`gn_division`) VALUES (774,'Nadeesha Wijesinghe',42,'female','0787213044','40','Market Rd','Karandeniya','Galle District','Karandeniya');
INSERT INTO `skills_volunteers` (`user_id`,`skill_id`) VALUES (774,3);
INSERT INTO `volunteer_preference_volunteers` (`user_id`,`preference_id`) VALUES (774,6);
INSERT INTO `users` (`user_id`,`username`,`password_hash`,`email`,`role`,`active`) VALUES (775,'vol_karandeniya_2','$2y$10$iiFpvIL1hfaNBYMBhqKCYuge5zWIk4DisB4TvHrBlzmuo5fjfaKY6','vol.492@resqnet.local','volunteer',1);
INSERT INTO `volunteers` (`user_id`,`name`,`age`,`gender`,`contact_number`,`house_no`,`street`,`city`,`district`,`gn_division`) VALUES (775,'Sahan Karunaratne',28,'other','0762187233','146','Hill St','Karandeniya','Galle District','Karandeniya');
INSERT INTO `skills_volunteers` (`user_id`,`skill_id`) VALUES (775,2);
INSERT INTO `volunteer_preference_volunteers` (`user_id`,`preference_id`) VALUES (775,4);
INSERT INTO `users` (`user_id`,`username`,`password_hash`,`email`,`role`,`active`) VALUES (776,'vol_karandeniya_3','$2y$10$iiFpvIL1hfaNBYMBhqKCYuge5zWIk4DisB4TvHrBlzmuo5fjfaKY6','vol.493@resqnet.local','volunteer',1);
INSERT INTO `volunteers` (`user_id`,`name`,`age`,`gender`,`contact_number`,`house_no`,`street`,`city`,`district`,`gn_division`) VALUES (776,'Kamal Samarasinghe',33,'male','0743759258','59','Market Rd','Karandeniya','Galle District','Karandeniya');
INSERT INTO `skills_volunteers` (`user_id`,`skill_id`) VALUES (776,4);
INSERT INTO `volunteer_preference_volunteers` (`user_id`,`preference_id`) VALUES (776,1);
INSERT INTO `volunteer_preference_volunteers` (`user_id`,`preference_id`) VALUES (776,2);
INSERT INTO `users` (`user_id`,`username`,`password_hash`,`email`,`role`,`active`) VALUES (777,'vol_karandeniya_4','$2y$10$iiFpvIL1hfaNBYMBhqKCYuge5zWIk4DisB4TvHrBlzmuo5fjfaKY6','vol.494@resqnet.local','volunteer',1);
INSERT INTO `volunteers` (`user_id`,`name`,`age`,`gender`,`contact_number`,`house_no`,`street`,`city`,`district`,`gn_division`) VALUES (777,'Dulani Pathirana',42,'female','0751360886','32','Station Rd','Karandeniya','Galle District','Karandeniya');
INSERT INTO `skills_volunteers` (`user_id`,`skill_id`) VALUES (777,5);
INSERT INTO `volunteer_preference_volunteers` (`user_id`,`preference_id`) VALUES (777,4);
INSERT INTO `users` (`user_id`,`username`,`password_hash`,`email`,`role`,`active`) VALUES (778,'vol_karandeniya_5','$2y$10$iiFpvIL1hfaNBYMBhqKCYuge5zWIk4DisB4TvHrBlzmuo5fjfaKY6','vol.495@resqnet.local','volunteer',0);
INSERT INTO `volunteers` (`user_id`,`name`,`age`,`gender`,`contact_number`,`house_no`,`street`,`city`,`district`,`gn_division`) VALUES (778,'Dasun Cooray',20,'other','0792576123','158','Temple Rd','Karandeniya','Galle District','Karandeniya');
INSERT INTO `skills_volunteers` (`user_id`,`skill_id`) VALUES (778,1);
INSERT INTO `skills_volunteers` (`user_id`,`skill_id`) VALUES (778,5);
INSERT INTO `volunteer_preference_volunteers` (`user_id`,`preference_id`) VALUES (778,3);
INSERT INTO `volunteer_preference_volunteers` (`user_id`,`preference_id`) VALUES (778,5);
INSERT INTO `users` (`user_id`,`username`,`password_hash`,`email`,`role`,`active`) VALUES (779,'vol_elpitiya_1','$2y$10$iiFpvIL1hfaNBYMBhqKCYuge5zWIk4DisB4TvHrBlzmuo5fjfaKY6','vol.496@resqnet.local','volunteer',1);
INSERT INTO `volunteers` (`user_id`,`name`,`age`,`gender`,`contact_number`,`house_no`,`street`,`city`,`district`,`gn_division`) VALUES (779,'Dasun Liyanage',42,'male','0790230227','105','River Rd','Elpitiya','Galle District','Elpitiya');
INSERT INTO `skills_volunteers` (`user_id`,`skill_id`) VALUES (779,1);
INSERT INTO `skills_volunteers` (`user_id`,`skill_id`) VALUES (779,2);
INSERT INTO `skills_volunteers` (`user_id`,`skill_id`) VALUES (779,6);
INSERT INTO `volunteer_preference_volunteers` (`user_id`,`preference_id`) VALUES (779,3);
INSERT INTO `volunteer_preference_volunteers` (`user_id`,`preference_id`) VALUES (779,7);
INSERT INTO `users` (`user_id`,`username`,`password_hash`,`email`,`role`,`active`) VALUES (780,'vol_elpitiya_2','$2y$10$iiFpvIL1hfaNBYMBhqKCYuge5zWIk4DisB4TvHrBlzmuo5fjfaKY6','vol.497@resqnet.local','volunteer',1);
INSERT INTO `volunteers` (`user_id`,`name`,`age`,`gender`,`contact_number`,`house_no`,`street`,`city`,`district`,`gn_division`) VALUES (780,'Sanduni Bandara',51,'female','0712266947','164','Main St','Elpitiya','Galle District','Elpitiya');
INSERT INTO `skills_volunteers` (`user_id`,`skill_id`) VALUES (780,3);
INSERT INTO `skills_volunteers` (`user_id`,`skill_id`) VALUES (780,5);
INSERT INTO `volunteer_preference_volunteers` (`user_id`,`preference_id`) VALUES (780,3);
INSERT INTO `volunteer_preference_volunteers` (`user_id`,`preference_id`) VALUES (780,4);
INSERT INTO `volunteer_preference_volunteers` (`user_id`,`preference_id`) VALUES (780,6);
INSERT INTO `users` (`user_id`,`username`,`password_hash`,`email`,`role`,`active`) VALUES (781,'vol_elpitiya_3','$2y$10$iiFpvIL1hfaNBYMBhqKCYuge5zWIk4DisB4TvHrBlzmuo5fjfaKY6','vol.498@resqnet.local','volunteer',1);
INSERT INTO `volunteers` (`user_id`,`name`,`age`,`gender`,`contact_number`,`house_no`,`street`,`city`,`district`,`gn_division`) VALUES (781,'Dasun Ekanayake',32,'other','0766689757','77','Temple Rd','Elpitiya','Galle District','Elpitiya');
INSERT INTO `skills_volunteers` (`user_id`,`skill_id`) VALUES (781,6);
INSERT INTO `volunteer_preference_volunteers` (`user_id`,`preference_id`) VALUES (781,3);
INSERT INTO `users` (`user_id`,`username`,`password_hash`,`email`,`role`,`active`) VALUES (782,'vol_elpitiya_4','$2y$10$iiFpvIL1hfaNBYMBhqKCYuge5zWIk4DisB4TvHrBlzmuo5fjfaKY6','vol.499@resqnet.local','volunteer',1);
INSERT INTO `volunteers` (`user_id`,`name`,`age`,`gender`,`contact_number`,`house_no`,`street`,`city`,`district`,`gn_division`) VALUES (782,'Chaminda Wijesinghe',18,'male','0752508037','104','Lake Rd','Elpitiya','Galle District','Elpitiya');
INSERT INTO `skills_volunteers` (`user_id`,`skill_id`) VALUES (782,4);
INSERT INTO `skills_volunteers` (`user_id`,`skill_id`) VALUES (782,5);
INSERT INTO `volunteer_preference_volunteers` (`user_id`,`preference_id`) VALUES (782,2);
INSERT INTO `volunteer_preference_volunteers` (`user_id`,`preference_id`) VALUES (782,8);
INSERT INTO `users` (`user_id`,`username`,`password_hash`,`email`,`role`,`active`) VALUES (783,'vol_elpitiya_5','$2y$10$iiFpvIL1hfaNBYMBhqKCYuge5zWIk4DisB4TvHrBlzmuo5fjfaKY6','vol.500@resqnet.local','volunteer',0);
INSERT INTO `volunteers` (`user_id`,`name`,`age`,`gender`,`contact_number`,`house_no`,`street`,`city`,`district`,`gn_division`) VALUES (783,'Pavithra Pathirana',55,'female','0755017651','98','River Rd','Elpitiya','Galle District','Elpitiya');
INSERT INTO `skills_volunteers` (`user_id`,`skill_id`) VALUES (783,2);
INSERT INTO `skills_volunteers` (`user_id`,`skill_id`) VALUES (783,3);
INSERT INTO `volunteer_preference_volunteers` (`user_id`,`preference_id`) VALUES (783,1);
INSERT INTO `volunteer_preference_volunteers` (`user_id`,`preference_id`) VALUES (783,4);
INSERT INTO `volunteer_preference_volunteers` (`user_id`,`preference_id`) VALUES (783,5);
INSERT INTO `users` (`user_id`,`username`,`password_hash`,`email`,`role`,`active`) VALUES (784,'vol_talape_1','$2y$10$iiFpvIL1hfaNBYMBhqKCYuge5zWIk4DisB4TvHrBlzmuo5fjfaKY6','vol.501@resqnet.local','volunteer',1);
INSERT INTO `volunteers` (`user_id`,`name`,`age`,`gender`,`contact_number`,`house_no`,`street`,`city`,`district`,`gn_division`) VALUES (784,'Ishan Liyanage',29,'other','0790551179','84','Station Rd','Talape','Galle District','Talape');
INSERT INTO `skills_volunteers` (`user_id`,`skill_id`) VALUES (784,2);
INSERT INTO `skills_volunteers` (`user_id`,`skill_id`) VALUES (784,3);
INSERT INTO `skills_volunteers` (`user_id`,`skill_id`) VALUES (784,5);
INSERT INTO `volunteer_preference_volunteers` (`user_id`,`preference_id`) VALUES (784,1);
INSERT INTO `volunteer_preference_volunteers` (`user_id`,`preference_id`) VALUES (784,4);
INSERT INTO `volunteer_preference_volunteers` (`user_id`,`preference_id`) VALUES (784,5);
INSERT INTO `users` (`user_id`,`username`,`password_hash`,`email`,`role`,`active`) VALUES (785,'vol_talape_2','$2y$10$iiFpvIL1hfaNBYMBhqKCYuge5zWIk4DisB4TvHrBlzmuo5fjfaKY6','vol.502@resqnet.local','volunteer',1);
INSERT INTO `volunteers` (`user_id`,`name`,`age`,`gender`,`contact_number`,`house_no`,`street`,`city`,`district`,`gn_division`) VALUES (785,'Sunil Gunasekara',20,'male','0749204934','13','Lake Rd','Talape','Galle District','Talape');
INSERT INTO `skills_volunteers` (`user_id`,`skill_id`) VALUES (785,1);
INSERT INTO `skills_volunteers` (`user_id`,`skill_id`) VALUES (785,3);
INSERT INTO `volunteer_preference_volunteers` (`user_id`,`preference_id`) VALUES (785,1);
INSERT INTO `volunteer_preference_volunteers` (`user_id`,`preference_id`) VALUES (785,2);
INSERT INTO `volunteer_preference_volunteers` (`user_id`,`preference_id`) VALUES (785,7);
INSERT INTO `users` (`user_id`,`username`,`password_hash`,`email`,`role`,`active`) VALUES (786,'vol_talape_3','$2y$10$iiFpvIL1hfaNBYMBhqKCYuge5zWIk4DisB4TvHrBlzmuo5fjfaKY6','vol.503@resqnet.local','volunteer',1);
INSERT INTO `volunteers` (`user_id`,`name`,`age`,`gender`,`contact_number`,`house_no`,`street`,`city`,`district`,`gn_division`) VALUES (786,'Dulani Wickramasinghe',34,'female','0767083898','185','Main St','Talape','Galle District','Talape');
INSERT INTO `skills_volunteers` (`user_id`,`skill_id`) VALUES (786,2);
INSERT INTO `skills_volunteers` (`user_id`,`skill_id`) VALUES (786,3);
INSERT INTO `volunteer_preference_volunteers` (`user_id`,`preference_id`) VALUES (786,1);
INSERT INTO `users` (`user_id`,`username`,`password_hash`,`email`,`role`,`active`) VALUES (787,'vol_talape_4','$2y$10$iiFpvIL1hfaNBYMBhqKCYuge5zWIk4DisB4TvHrBlzmuo5fjfaKY6','vol.504@resqnet.local','volunteer',1);
INSERT INTO `volunteers` (`user_id`,`name`,`age`,`gender`,`contact_number`,`house_no`,`street`,`city`,`district`,`gn_division`) VALUES (787,'Ranjith Pathirana',21,'other','0788869686','20','Temple Rd','Talape','Galle District','Talape');
INSERT INTO `skills_volunteers` (`user_id`,`skill_id`) VALUES (787,1);
INSERT INTO `skills_volunteers` (`user_id`,`skill_id`) VALUES (787,2);
INSERT INTO `skills_volunteers` (`user_id`,`skill_id`) VALUES (787,3);
INSERT INTO `volunteer_preference_volunteers` (`user_id`,`preference_id`) VALUES (787,5);
INSERT INTO `users` (`user_id`,`username`,`password_hash`,`email`,`role`,`active`) VALUES (788,'vol_talape_5','$2y$10$iiFpvIL1hfaNBYMBhqKCYuge5zWIk4DisB4TvHrBlzmuo5fjfaKY6','vol.505@resqnet.local','volunteer',0);
INSERT INTO `volunteers` (`user_id`,`name`,`age`,`gender`,`contact_number`,`house_no`,`street`,`city`,`district`,`gn_division`) VALUES (788,'Pradeep Mendis',32,'male','0775577879','194','Station Rd','Talape','Galle District','Talape');
INSERT INTO `skills_volunteers` (`user_id`,`skill_id`) VALUES (788,1);
INSERT INTO `skills_volunteers` (`user_id`,`skill_id`) VALUES (788,6);
INSERT INTO `volunteer_preference_volunteers` (`user_id`,`preference_id`) VALUES (788,6);
INSERT INTO `users` (`user_id`,`username`,`password_hash`,`email`,`role`,`active`) VALUES (789,'vol_galle_four_gravets_1','$2y$10$iiFpvIL1hfaNBYMBhqKCYuge5zWIk4DisB4TvHrBlzmuo5fjfaKY6','vol.506@resqnet.local','volunteer',1);
INSERT INTO `volunteers` (`user_id`,`name`,`age`,`gender`,`contact_number`,`house_no`,`street`,`city`,`district`,`gn_division`) VALUES (789,'Iresha Wijesinghe',48,'female','0777586235','69','Church Rd','Galle Four Gravets','Galle District','Galle Four Gravets');
INSERT INTO `skills_volunteers` (`user_id`,`skill_id`) VALUES (789,2);
INSERT INTO `skills_volunteers` (`user_id`,`skill_id`) VALUES (789,6);
INSERT INTO `volunteer_preference_volunteers` (`user_id`,`preference_id`) VALUES (789,2);
INSERT INTO `volunteer_preference_volunteers` (`user_id`,`preference_id`) VALUES (789,8);
INSERT INTO `users` (`user_id`,`username`,`password_hash`,`email`,`role`,`active`) VALUES (790,'vol_galle_four_gravets_2','$2y$10$iiFpvIL1hfaNBYMBhqKCYuge5zWIk4DisB4TvHrBlzmuo5fjfaKY6','vol.507@resqnet.local','volunteer',1);
INSERT INTO `volunteers` (`user_id`,`name`,`age`,`gender`,`contact_number`,`house_no`,`street`,`city`,`district`,`gn_division`) VALUES (790,'Ishan Senanayake',43,'other','0742550017','169','Temple Rd','Galle Four Gravets','Galle District','Galle Four Gravets');
INSERT INTO `skills_volunteers` (`user_id`,`skill_id`) VALUES (790,1);
INSERT INTO `skills_volunteers` (`user_id`,`skill_id`) VALUES (790,4);
INSERT INTO `volunteer_preference_volunteers` (`user_id`,`preference_id`) VALUES (790,5);
INSERT INTO `users` (`user_id`,`username`,`password_hash`,`email`,`role`,`active`) VALUES (791,'vol_galle_four_gravets_3','$2y$10$iiFpvIL1hfaNBYMBhqKCYuge5zWIk4DisB4TvHrBlzmuo5fjfaKY6','vol.508@resqnet.local','volunteer',1);
INSERT INTO `volunteers` (`user_id`,`name`,`age`,`gender`,`contact_number`,`house_no`,`street`,`city`,`district`,`gn_division`) VALUES (791,'Chaminda Silva',34,'male','0754296697','53','Hill St','Galle Four Gravets','Galle District','Galle Four Gravets');
INSERT INTO `skills_volunteers` (`user_id`,`skill_id`) VALUES (791,2);
INSERT INTO `skills_volunteers` (`user_id`,`skill_id`) VALUES (791,4);
INSERT INTO `volunteer_preference_volunteers` (`user_id`,`preference_id`) VALUES (791,2);
INSERT INTO `volunteer_preference_volunteers` (`user_id`,`preference_id`) VALUES (791,6);
INSERT INTO `users` (`user_id`,`username`,`password_hash`,`email`,`role`,`active`) VALUES (792,'vol_galle_four_gravets_4','$2y$10$iiFpvIL1hfaNBYMBhqKCYuge5zWIk4DisB4TvHrBlzmuo5fjfaKY6','vol.509@resqnet.local','volunteer',1);
INSERT INTO `volunteers` (`user_id`,`name`,`age`,`gender`,`contact_number`,`house_no`,`street`,`city`,`district`,`gn_division`) VALUES (792,'Sanduni Bandara',24,'female','0745494444','164','Station Rd','Galle Four Gravets','Galle District','Galle Four Gravets');
INSERT INTO `skills_volunteers` (`user_id`,`skill_id`) VALUES (792,4);
INSERT INTO `skills_volunteers` (`user_id`,`skill_id`) VALUES (792,6);
INSERT INTO `volunteer_preference_volunteers` (`user_id`,`preference_id`) VALUES (792,3);
INSERT INTO `volunteer_preference_volunteers` (`user_id`,`preference_id`) VALUES (792,5);
INSERT INTO `volunteer_preference_volunteers` (`user_id`,`preference_id`) VALUES (792,8);
INSERT INTO `users` (`user_id`,`username`,`password_hash`,`email`,`role`,`active`) VALUES (793,'vol_galle_four_gravets_5','$2y$10$iiFpvIL1hfaNBYMBhqKCYuge5zWIk4DisB4TvHrBlzmuo5fjfaKY6','vol.510@resqnet.local','volunteer',0);
INSERT INTO `volunteers` (`user_id`,`name`,`age`,`gender`,`contact_number`,`house_no`,`street`,`city`,`district`,`gn_division`) VALUES (793,'Dasun Ekanayake',53,'other','0795005469','131','Station Rd','Galle Four Gravets','Galle District','Galle Four Gravets');
INSERT INTO `skills_volunteers` (`user_id`,`skill_id`) VALUES (793,4);
INSERT INTO `volunteer_preference_volunteers` (`user_id`,`preference_id`) VALUES (793,5);
INSERT INTO `users` (`user_id`,`username`,`password_hash`,`email`,`role`,`active`) VALUES (794,'vol_bope_poddala_1','$2y$10$iiFpvIL1hfaNBYMBhqKCYuge5zWIk4DisB4TvHrBlzmuo5fjfaKY6','vol.511@resqnet.local','volunteer',1);
INSERT INTO `volunteers` (`user_id`,`name`,`age`,`gender`,`contact_number`,`house_no`,`street`,`city`,`district`,`gn_division`) VALUES (794,'Kamal Mendis',47,'male','0795297432','47','Station Rd','Bope-Poddala','Galle District','Bope-Poddala');
INSERT INTO `skills_volunteers` (`user_id`,`skill_id`) VALUES (794,2);
INSERT INTO `volunteer_preference_volunteers` (`user_id`,`preference_id`) VALUES (794,7);
INSERT INTO `users` (`user_id`,`username`,`password_hash`,`email`,`role`,`active`) VALUES (795,'vol_bope_poddala_2','$2y$10$iiFpvIL1hfaNBYMBhqKCYuge5zWIk4DisB4TvHrBlzmuo5fjfaKY6','vol.512@resqnet.local','volunteer',1);
INSERT INTO `volunteers` (`user_id`,`name`,`age`,`gender`,`contact_number`,`house_no`,`street`,`city`,`district`,`gn_division`) VALUES (795,'Gayani Liyanage',52,'female','0787160450','36','Church Rd','Bope-Poddala','Galle District','Bope-Poddala');
INSERT INTO `skills_volunteers` (`user_id`,`skill_id`) VALUES (795,3);
INSERT INTO `volunteer_preference_volunteers` (`user_id`,`preference_id`) VALUES (795,1);
INSERT INTO `volunteer_preference_volunteers` (`user_id`,`preference_id`) VALUES (795,2);
INSERT INTO `users` (`user_id`,`username`,`password_hash`,`email`,`role`,`active`) VALUES (796,'vol_bope_poddala_3','$2y$10$iiFpvIL1hfaNBYMBhqKCYuge5zWIk4DisB4TvHrBlzmuo5fjfaKY6','vol.513@resqnet.local','volunteer',1);
INSERT INTO `volunteers` (`user_id`,`name`,`age`,`gender`,`contact_number`,`house_no`,`street`,`city`,`district`,`gn_division`) VALUES (796,'Amila Pathirana',49,'other','0711787229','169','School Ln','Bope-Poddala','Galle District','Bope-Poddala');
INSERT INTO `skills_volunteers` (`user_id`,`skill_id`) VALUES (796,4);
INSERT INTO `volunteer_preference_volunteers` (`user_id`,`preference_id`) VALUES (796,3);
INSERT INTO `volunteer_preference_volunteers` (`user_id`,`preference_id`) VALUES (796,5);
INSERT INTO `volunteer_preference_volunteers` (`user_id`,`preference_id`) VALUES (796,8);
INSERT INTO `users` (`user_id`,`username`,`password_hash`,`email`,`role`,`active`) VALUES (797,'vol_bope_poddala_4','$2y$10$iiFpvIL1hfaNBYMBhqKCYuge5zWIk4DisB4TvHrBlzmuo5fjfaKY6','vol.514@resqnet.local','volunteer',1);
INSERT INTO `volunteers` (`user_id`,`name`,`age`,`gender`,`contact_number`,`house_no`,`street`,`city`,`district`,`gn_division`) VALUES (797,'Lahiru Dissanayake',46,'male','0782812103','156','River Rd','Bope-Poddala','Galle District','Bope-Poddala');
INSERT INTO `skills_volunteers` (`user_id`,`skill_id`) VALUES (797,1);
INSERT INTO `skills_volunteers` (`user_id`,`skill_id`) VALUES (797,4);
INSERT INTO `volunteer_preference_volunteers` (`user_id`,`preference_id`) VALUES (797,3);
INSERT INTO `volunteer_preference_volunteers` (`user_id`,`preference_id`) VALUES (797,5);
INSERT INTO `users` (`user_id`,`username`,`password_hash`,`email`,`role`,`active`) VALUES (798,'vol_bope_poddala_5','$2y$10$iiFpvIL1hfaNBYMBhqKCYuge5zWIk4DisB4TvHrBlzmuo5fjfaKY6','vol.515@resqnet.local','volunteer',0);
INSERT INTO `volunteers` (`user_id`,`name`,`age`,`gender`,`contact_number`,`house_no`,`street`,`city`,`district`,`gn_division`) VALUES (798,'Gayani Pathirana',34,'female','0777621306','186','River Rd','Bope-Poddala','Galle District','Bope-Poddala');
INSERT INTO `skills_volunteers` (`user_id`,`skill_id`) VALUES (798,1);
INSERT INTO `skills_volunteers` (`user_id`,`skill_id`) VALUES (798,4);
INSERT INTO `volunteer_preference_volunteers` (`user_id`,`preference_id`) VALUES (798,7);
INSERT INTO `users` (`user_id`,`username`,`password_hash`,`email`,`role`,`active`) VALUES (799,'vol_akmeemana_1','$2y$10$iiFpvIL1hfaNBYMBhqKCYuge5zWIk4DisB4TvHrBlzmuo5fjfaKY6','vol.516@resqnet.local','volunteer',1);
INSERT INTO `volunteers` (`user_id`,`name`,`age`,`gender`,`contact_number`,`house_no`,`street`,`city`,`district`,`gn_division`) VALUES (799,'Ishan Silva',20,'other','0720414984','71','River Rd','Akmeemana','Galle District','Akmeemana');
INSERT INTO `skills_volunteers` (`user_id`,`skill_id`) VALUES (799,1);
INSERT INTO `skills_volunteers` (`user_id`,`skill_id`) VALUES (799,2);
INSERT INTO `skills_volunteers` (`user_id`,`skill_id`) VALUES (799,3);
INSERT INTO `volunteer_preference_volunteers` (`user_id`,`preference_id`) VALUES (799,1);
INSERT INTO `volunteer_preference_volunteers` (`user_id`,`preference_id`) VALUES (799,6);
INSERT INTO `users` (`user_id`,`username`,`password_hash`,`email`,`role`,`active`) VALUES (800,'vol_akmeemana_2','$2y$10$iiFpvIL1hfaNBYMBhqKCYuge5zWIk4DisB4TvHrBlzmuo5fjfaKY6','vol.517@resqnet.local','volunteer',1);
INSERT INTO `volunteers` (`user_id`,`name`,`age`,`gender`,`contact_number`,`house_no`,`street`,`city`,`district`,`gn_division`) VALUES (800,'Tharaka Pathirana',20,'male','0764602985','46','Station Rd','Akmeemana','Galle District','Akmeemana');
INSERT INTO `skills_volunteers` (`user_id`,`skill_id`) VALUES (800,3);
INSERT INTO `volunteer_preference_volunteers` (`user_id`,`preference_id`) VALUES (800,2);
INSERT INTO `users` (`user_id`,`username`,`password_hash`,`email`,`role`,`active`) VALUES (801,'vol_akmeemana_3','$2y$10$iiFpvIL1hfaNBYMBhqKCYuge5zWIk4DisB4TvHrBlzmuo5fjfaKY6','vol.518@resqnet.local','volunteer',1);
INSERT INTO `volunteers` (`user_id`,`name`,`age`,`gender`,`contact_number`,`house_no`,`street`,`city`,`district`,`gn_division`) VALUES (801,'Kavisha Dissanayake',48,'female','0793195527','101','Lake Rd','Akmeemana','Galle District','Akmeemana');
INSERT INTO `skills_volunteers` (`user_id`,`skill_id`) VALUES (801,4);
INSERT INTO `skills_volunteers` (`user_id`,`skill_id`) VALUES (801,5);
INSERT INTO `volunteer_preference_volunteers` (`user_id`,`preference_id`) VALUES (801,4);
INSERT INTO `volunteer_preference_volunteers` (`user_id`,`preference_id`) VALUES (801,5);
INSERT INTO `volunteer_preference_volunteers` (`user_id`,`preference_id`) VALUES (801,7);
INSERT INTO `users` (`user_id`,`username`,`password_hash`,`email`,`role`,`active`) VALUES (802,'vol_akmeemana_4','$2y$10$iiFpvIL1hfaNBYMBhqKCYuge5zWIk4DisB4TvHrBlzmuo5fjfaKY6','vol.519@resqnet.local','volunteer',1);
INSERT INTO `volunteers` (`user_id`,`name`,`age`,`gender`,`contact_number`,`house_no`,`street`,`city`,`district`,`gn_division`) VALUES (802,'Pradeep Karunaratne',40,'other','0724266882','49','Market Rd','Akmeemana','Galle District','Akmeemana');
INSERT INTO `skills_volunteers` (`user_id`,`skill_id`) VALUES (802,3);
INSERT INTO `skills_volunteers` (`user_id`,`skill_id`) VALUES (802,4);
INSERT INTO `volunteer_preference_volunteers` (`user_id`,`preference_id`) VALUES (802,6);
INSERT INTO `users` (`user_id`,`username`,`password_hash`,`email`,`role`,`active`) VALUES (803,'vol_akmeemana_5','$2y$10$iiFpvIL1hfaNBYMBhqKCYuge5zWIk4DisB4TvHrBlzmuo5fjfaKY6','vol.520@resqnet.local','volunteer',0);
INSERT INTO `volunteers` (`user_id`,`name`,`age`,`gender`,`contact_number`,`house_no`,`street`,`city`,`district`,`gn_division`) VALUES (803,'Nimal Perera',33,'male','0727376828','55','River Rd','Akmeemana','Galle District','Akmeemana');
INSERT INTO `skills_volunteers` (`user_id`,`skill_id`) VALUES (803,1);
INSERT INTO `skills_volunteers` (`user_id`,`skill_id`) VALUES (803,3);
INSERT INTO `skills_volunteers` (`user_id`,`skill_id`) VALUES (803,5);
INSERT INTO `volunteer_preference_volunteers` (`user_id`,`preference_id`) VALUES (803,4);
INSERT INTO `volunteer_preference_volunteers` (`user_id`,`preference_id`) VALUES (803,6);
INSERT INTO `users` (`user_id`,`username`,`password_hash`,`email`,`role`,`active`) VALUES (804,'vol_yakkalamulla_1','$2y$10$iiFpvIL1hfaNBYMBhqKCYuge5zWIk4DisB4TvHrBlzmuo5fjfaKY6','vol.521@resqnet.local','volunteer',1);
INSERT INTO `volunteers` (`user_id`,`name`,`age`,`gender`,`contact_number`,`house_no`,`street`,`city`,`district`,`gn_division`) VALUES (804,'Kumari Mendis',47,'female','0798725633','99','Hill St','Yakkalamulla','Galle District','Yakkalamulla');
INSERT INTO `skills_volunteers` (`user_id`,`skill_id`) VALUES (804,1);
INSERT INTO `skills_volunteers` (`user_id`,`skill_id`) VALUES (804,5);
INSERT INTO `volunteer_preference_volunteers` (`user_id`,`preference_id`) VALUES (804,2);
INSERT INTO `volunteer_preference_volunteers` (`user_id`,`preference_id`) VALUES (804,6);
INSERT INTO `users` (`user_id`,`username`,`password_hash`,`email`,`role`,`active`) VALUES (805,'vol_yakkalamulla_2','$2y$10$iiFpvIL1hfaNBYMBhqKCYuge5zWIk4DisB4TvHrBlzmuo5fjfaKY6','vol.522@resqnet.local','volunteer',1);
INSERT INTO `volunteers` (`user_id`,`name`,`age`,`gender`,`contact_number`,`house_no`,`street`,`city`,`district`,`gn_division`) VALUES (805,'Malith Jayawardena',39,'other','0710623453','70','Garden Ln','Yakkalamulla','Galle District','Yakkalamulla');
INSERT INTO `skills_volunteers` (`user_id`,`skill_id`) VALUES (805,1);
INSERT INTO `skills_volunteers` (`user_id`,`skill_id`) VALUES (805,4);
INSERT INTO `skills_volunteers` (`user_id`,`skill_id`) VALUES (805,6);
INSERT INTO `volunteer_preference_volunteers` (`user_id`,`preference_id`) VALUES (805,2);
INSERT INTO `volunteer_preference_volunteers` (`user_id`,`preference_id`) VALUES (805,8);
INSERT INTO `users` (`user_id`,`username`,`password_hash`,`email`,`role`,`active`) VALUES (806,'vol_yakkalamulla_3','$2y$10$iiFpvIL1hfaNBYMBhqKCYuge5zWIk4DisB4TvHrBlzmuo5fjfaKY6','vol.523@resqnet.local','volunteer',1);
INSERT INTO `volunteers` (`user_id`,`name`,`age`,`gender`,`contact_number`,`house_no`,`street`,`city`,`district`,`gn_division`) VALUES (806,'Dinesh Weerasinghe',31,'male','0764595351','124','School Ln','Yakkalamulla','Galle District','Yakkalamulla');
INSERT INTO `skills_volunteers` (`user_id`,`skill_id`) VALUES (806,2);
INSERT INTO `skills_volunteers` (`user_id`,`skill_id`) VALUES (806,4);
INSERT INTO `volunteer_preference_volunteers` (`user_id`,`preference_id`) VALUES (806,7);
INSERT INTO `users` (`user_id`,`username`,`password_hash`,`email`,`role`,`active`) VALUES (807,'vol_yakkalamulla_4','$2y$10$iiFpvIL1hfaNBYMBhqKCYuge5zWIk4DisB4TvHrBlzmuo5fjfaKY6','vol.524@resqnet.local','volunteer',1);
INSERT INTO `volunteers` (`user_id`,`name`,`age`,`gender`,`contact_number`,`house_no`,`street`,`city`,`district`,`gn_division`) VALUES (807,'Malini Jayawardena',35,'female','0739353890','101','Station Rd','Yakkalamulla','Galle District','Yakkalamulla');
INSERT INTO `skills_volunteers` (`user_id`,`skill_id`) VALUES (807,2);
INSERT INTO `volunteer_preference_volunteers` (`user_id`,`preference_id`) VALUES (807,3);
INSERT INTO `volunteer_preference_volunteers` (`user_id`,`preference_id`) VALUES (807,6);
INSERT INTO `volunteer_preference_volunteers` (`user_id`,`preference_id`) VALUES (807,8);
INSERT INTO `users` (`user_id`,`username`,`password_hash`,`email`,`role`,`active`) VALUES (808,'vol_yakkalamulla_5','$2y$10$iiFpvIL1hfaNBYMBhqKCYuge5zWIk4DisB4TvHrBlzmuo5fjfaKY6','vol.525@resqnet.local','volunteer',0);
INSERT INTO `volunteers` (`user_id`,`name`,`age`,`gender`,`contact_number`,`house_no`,`street`,`city`,`district`,`gn_division`) VALUES (808,'Nuwan Gunasekara',48,'other','0733870128','62','Hill St','Yakkalamulla','Galle District','Yakkalamulla');
INSERT INTO `skills_volunteers` (`user_id`,`skill_id`) VALUES (808,2);
INSERT INTO `skills_volunteers` (`user_id`,`skill_id`) VALUES (808,3);
INSERT INTO `skills_volunteers` (`user_id`,`skill_id`) VALUES (808,6);
INSERT INTO `volunteer_preference_volunteers` (`user_id`,`preference_id`) VALUES (808,1);
INSERT INTO `volunteer_preference_volunteers` (`user_id`,`preference_id`) VALUES (808,2);
INSERT INTO `users` (`user_id`,`username`,`password_hash`,`email`,`role`,`active`) VALUES (809,'vol_imaduwa_1','$2y$10$iiFpvIL1hfaNBYMBhqKCYuge5zWIk4DisB4TvHrBlzmuo5fjfaKY6','vol.526@resqnet.local','volunteer',1);
INSERT INTO `volunteers` (`user_id`,`name`,`age`,`gender`,`contact_number`,`house_no`,`street`,`city`,`district`,`gn_division`) VALUES (809,'Pradeep Ekanayake',34,'male','0799887769','56','Church Rd','Imaduwa','Galle District','Imaduwa');
INSERT INTO `skills_volunteers` (`user_id`,`skill_id`) VALUES (809,3);
INSERT INTO `skills_volunteers` (`user_id`,`skill_id`) VALUES (809,6);
INSERT INTO `volunteer_preference_volunteers` (`user_id`,`preference_id`) VALUES (809,3);
INSERT INTO `volunteer_preference_volunteers` (`user_id`,`preference_id`) VALUES (809,4);
INSERT INTO `users` (`user_id`,`username`,`password_hash`,`email`,`role`,`active`) VALUES (810,'vol_imaduwa_2','$2y$10$iiFpvIL1hfaNBYMBhqKCYuge5zWIk4DisB4TvHrBlzmuo5fjfaKY6','vol.527@resqnet.local','volunteer',1);
INSERT INTO `volunteers` (`user_id`,`name`,`age`,`gender`,`contact_number`,`house_no`,`street`,`city`,`district`,`gn_division`) VALUES (810,'Kavisha Silva',45,'female','0786172939','92','Lake Rd','Imaduwa','Galle District','Imaduwa');
INSERT INTO `skills_volunteers` (`user_id`,`skill_id`) VALUES (810,3);
INSERT INTO `skills_volunteers` (`user_id`,`skill_id`) VALUES (810,4);
INSERT INTO `volunteer_preference_volunteers` (`user_id`,`preference_id`) VALUES (810,2);
INSERT INTO `volunteer_preference_volunteers` (`user_id`,`preference_id`) VALUES (810,3);
INSERT INTO `volunteer_preference_volunteers` (`user_id`,`preference_id`) VALUES (810,7);
INSERT INTO `users` (`user_id`,`username`,`password_hash`,`email`,`role`,`active`) VALUES (811,'vol_imaduwa_3','$2y$10$iiFpvIL1hfaNBYMBhqKCYuge5zWIk4DisB4TvHrBlzmuo5fjfaKY6','vol.528@resqnet.local','volunteer',1);
INSERT INTO `volunteers` (`user_id`,`name`,`age`,`gender`,`contact_number`,`house_no`,`street`,`city`,`district`,`gn_division`) VALUES (811,'Tharaka Jayawardena',19,'other','0777020413','15','Main St','Imaduwa','Galle District','Imaduwa');
INSERT INTO `skills_volunteers` (`user_id`,`skill_id`) VALUES (811,6);
INSERT INTO `volunteer_preference_volunteers` (`user_id`,`preference_id`) VALUES (811,4);
INSERT INTO `volunteer_preference_volunteers` (`user_id`,`preference_id`) VALUES (811,5);
INSERT INTO `volunteer_preference_volunteers` (`user_id`,`preference_id`) VALUES (811,6);
INSERT INTO `users` (`user_id`,`username`,`password_hash`,`email`,`role`,`active`) VALUES (812,'vol_imaduwa_4','$2y$10$iiFpvIL1hfaNBYMBhqKCYuge5zWIk4DisB4TvHrBlzmuo5fjfaKY6','vol.529@resqnet.local','volunteer',1);
INSERT INTO `volunteers` (`user_id`,`name`,`age`,`gender`,`contact_number`,`house_no`,`street`,`city`,`district`,`gn_division`) VALUES (812,'Ashan Jayawardena',52,'male','0774207562','110','Market Rd','Imaduwa','Galle District','Imaduwa');
INSERT INTO `skills_volunteers` (`user_id`,`skill_id`) VALUES (812,5);
INSERT INTO `volunteer_preference_volunteers` (`user_id`,`preference_id`) VALUES (812,5);
INSERT INTO `volunteer_preference_volunteers` (`user_id`,`preference_id`) VALUES (812,7);
INSERT INTO `users` (`user_id`,`username`,`password_hash`,`email`,`role`,`active`) VALUES (813,'vol_imaduwa_5','$2y$10$iiFpvIL1hfaNBYMBhqKCYuge5zWIk4DisB4TvHrBlzmuo5fjfaKY6','vol.530@resqnet.local','volunteer',0);
INSERT INTO `volunteers` (`user_id`,`name`,`age`,`gender`,`contact_number`,`house_no`,`street`,`city`,`district`,`gn_division`) VALUES (813,'Nimali Wijesinghe',26,'female','0753747820','17','Main St','Imaduwa','Galle District','Imaduwa');
INSERT INTO `skills_volunteers` (`user_id`,`skill_id`) VALUES (813,1);
INSERT INTO `skills_volunteers` (`user_id`,`skill_id`) VALUES (813,4);
INSERT INTO `skills_volunteers` (`user_id`,`skill_id`) VALUES (813,6);
INSERT INTO `volunteer_preference_volunteers` (`user_id`,`preference_id`) VALUES (813,2);
INSERT INTO `users` (`user_id`,`username`,`password_hash`,`email`,`role`,`active`) VALUES (814,'vol_habaraduwa_1','$2y$10$iiFpvIL1hfaNBYMBhqKCYuge5zWIk4DisB4TvHrBlzmuo5fjfaKY6','vol.531@resqnet.local','volunteer',1);
INSERT INTO `volunteers` (`user_id`,`name`,`age`,`gender`,`contact_number`,`house_no`,`street`,`city`,`district`,`gn_division`) VALUES (814,'Sampath Silva',37,'other','0799663096','190','River Rd','Habaraduwa','Galle District','Habaraduwa');
INSERT INTO `skills_volunteers` (`user_id`,`skill_id`) VALUES (814,1);
INSERT INTO `skills_volunteers` (`user_id`,`skill_id`) VALUES (814,5);
INSERT INTO `skills_volunteers` (`user_id`,`skill_id`) VALUES (814,6);
INSERT INTO `volunteer_preference_volunteers` (`user_id`,`preference_id`) VALUES (814,3);
INSERT INTO `volunteer_preference_volunteers` (`user_id`,`preference_id`) VALUES (814,5);
INSERT INTO `users` (`user_id`,`username`,`password_hash`,`email`,`role`,`active`) VALUES (815,'vol_habaraduwa_2','$2y$10$iiFpvIL1hfaNBYMBhqKCYuge5zWIk4DisB4TvHrBlzmuo5fjfaKY6','vol.532@resqnet.local','volunteer',1);
INSERT INTO `volunteers` (`user_id`,`name`,`age`,`gender`,`contact_number`,`house_no`,`street`,`city`,`district`,`gn_division`) VALUES (815,'Chaminda Herath',47,'male','0759561880','17','Lake Rd','Habaraduwa','Galle District','Habaraduwa');
INSERT INTO `skills_volunteers` (`user_id`,`skill_id`) VALUES (815,1);
INSERT INTO `volunteer_preference_volunteers` (`user_id`,`preference_id`) VALUES (815,4);
INSERT INTO `volunteer_preference_volunteers` (`user_id`,`preference_id`) VALUES (815,6);
INSERT INTO `users` (`user_id`,`username`,`password_hash`,`email`,`role`,`active`) VALUES (816,'vol_habaraduwa_3','$2y$10$iiFpvIL1hfaNBYMBhqKCYuge5zWIk4DisB4TvHrBlzmuo5fjfaKY6','vol.533@resqnet.local','volunteer',1);
INSERT INTO `volunteers` (`user_id`,`name`,`age`,`gender`,`contact_number`,`house_no`,`street`,`city`,`district`,`gn_division`) VALUES (816,'Sachini Weerasinghe',51,'female','0763620861','125','Hill St','Habaraduwa','Galle District','Habaraduwa');
INSERT INTO `skills_volunteers` (`user_id`,`skill_id`) VALUES (816,5);
INSERT INTO `skills_volunteers` (`user_id`,`skill_id`) VALUES (816,6);
INSERT INTO `volunteer_preference_volunteers` (`user_id`,`preference_id`) VALUES (816,1);
INSERT INTO `volunteer_preference_volunteers` (`user_id`,`preference_id`) VALUES (816,6);
INSERT INTO `volunteer_preference_volunteers` (`user_id`,`preference_id`) VALUES (816,7);
INSERT INTO `users` (`user_id`,`username`,`password_hash`,`email`,`role`,`active`) VALUES (817,'vol_habaraduwa_4','$2y$10$iiFpvIL1hfaNBYMBhqKCYuge5zWIk4DisB4TvHrBlzmuo5fjfaKY6','vol.534@resqnet.local','volunteer',1);
INSERT INTO `volunteers` (`user_id`,`name`,`age`,`gender`,`contact_number`,`house_no`,`street`,`city`,`district`,`gn_division`) VALUES (817,'Roshan Liyanage',33,'other','0787373430','14','Main St','Habaraduwa','Galle District','Habaraduwa');
INSERT INTO `skills_volunteers` (`user_id`,`skill_id`) VALUES (817,4);
INSERT INTO `volunteer_preference_volunteers` (`user_id`,`preference_id`) VALUES (817,2);
INSERT INTO `volunteer_preference_volunteers` (`user_id`,`preference_id`) VALUES (817,3);
INSERT INTO `users` (`user_id`,`username`,`password_hash`,`email`,`role`,`active`) VALUES (818,'vol_habaraduwa_5','$2y$10$iiFpvIL1hfaNBYMBhqKCYuge5zWIk4DisB4TvHrBlzmuo5fjfaKY6','vol.535@resqnet.local','volunteer',0);
INSERT INTO `volunteers` (`user_id`,`name`,`age`,`gender`,`contact_number`,`house_no`,`street`,`city`,`district`,`gn_division`) VALUES (818,'Dasun Pathirana',36,'male','0751478082','140','Lake Rd','Habaraduwa','Galle District','Habaraduwa');
INSERT INTO `skills_volunteers` (`user_id`,`skill_id`) VALUES (818,2);
INSERT INTO `skills_volunteers` (`user_id`,`skill_id`) VALUES (818,4);
INSERT INTO `volunteer_preference_volunteers` (`user_id`,`preference_id`) VALUES (818,5);
INSERT INTO `volunteer_preference_volunteers` (`user_id`,`preference_id`) VALUES (818,6);
INSERT INTO `users` (`user_id`,`username`,`password_hash`,`email`,`role`,`active`) VALUES (819,'vol_baddegama_1','$2y$10$iiFpvIL1hfaNBYMBhqKCYuge5zWIk4DisB4TvHrBlzmuo5fjfaKY6','vol.536@resqnet.local','volunteer',1);
INSERT INTO `volunteers` (`user_id`,`name`,`age`,`gender`,`contact_number`,`house_no`,`street`,`city`,`district`,`gn_division`) VALUES (819,'Tharushi Senanayake',37,'female','0745173609','176','Hill St','Baddegama','Galle District','Baddegama');
INSERT INTO `skills_volunteers` (`user_id`,`skill_id`) VALUES (819,6);
INSERT INTO `volunteer_preference_volunteers` (`user_id`,`preference_id`) VALUES (819,1);
INSERT INTO `volunteer_preference_volunteers` (`user_id`,`preference_id`) VALUES (819,7);
INSERT INTO `volunteer_preference_volunteers` (`user_id`,`preference_id`) VALUES (819,8);
INSERT INTO `users` (`user_id`,`username`,`password_hash`,`email`,`role`,`active`) VALUES (820,'vol_baddegama_2','$2y$10$iiFpvIL1hfaNBYMBhqKCYuge5zWIk4DisB4TvHrBlzmuo5fjfaKY6','vol.537@resqnet.local','volunteer',1);
INSERT INTO `volunteers` (`user_id`,`name`,`age`,`gender`,`contact_number`,`house_no`,`street`,`city`,`district`,`gn_division`) VALUES (820,'Tharaka Mendis',45,'other','0775331563','19','Hill St','Baddegama','Galle District','Baddegama');
INSERT INTO `skills_volunteers` (`user_id`,`skill_id`) VALUES (820,4);
INSERT INTO `volunteer_preference_volunteers` (`user_id`,`preference_id`) VALUES (820,2);
INSERT INTO `users` (`user_id`,`username`,`password_hash`,`email`,`role`,`active`) VALUES (821,'vol_baddegama_3','$2y$10$iiFpvIL1hfaNBYMBhqKCYuge5zWIk4DisB4TvHrBlzmuo5fjfaKY6','vol.538@resqnet.local','volunteer',1);
INSERT INTO `volunteers` (`user_id`,`name`,`age`,`gender`,`contact_number`,`house_no`,`street`,`city`,`district`,`gn_division`) VALUES (821,'Sahan Weerasinghe',49,'male','0743032145','23','Market Rd','Baddegama','Galle District','Baddegama');
INSERT INTO `skills_volunteers` (`user_id`,`skill_id`) VALUES (821,1);
INSERT INTO `volunteer_preference_volunteers` (`user_id`,`preference_id`) VALUES (821,4);
INSERT INTO `users` (`user_id`,`username`,`password_hash`,`email`,`role`,`active`) VALUES (822,'vol_baddegama_4','$2y$10$iiFpvIL1hfaNBYMBhqKCYuge5zWIk4DisB4TvHrBlzmuo5fjfaKY6','vol.539@resqnet.local','volunteer',1);
INSERT INTO `volunteers` (`user_id`,`name`,`age`,`gender`,`contact_number`,`house_no`,`street`,`city`,`district`,`gn_division`) VALUES (822,'Nethmi Wijesinghe',42,'female','0718966999','121','Station Rd','Baddegama','Galle District','Baddegama');
INSERT INTO `skills_volunteers` (`user_id`,`skill_id`) VALUES (822,1);
INSERT INTO `skills_volunteers` (`user_id`,`skill_id`) VALUES (822,5);
INSERT INTO `volunteer_preference_volunteers` (`user_id`,`preference_id`) VALUES (822,4);
INSERT INTO `users` (`user_id`,`username`,`password_hash`,`email`,`role`,`active`) VALUES (823,'vol_baddegama_5','$2y$10$iiFpvIL1hfaNBYMBhqKCYuge5zWIk4DisB4TvHrBlzmuo5fjfaKY6','vol.540@resqnet.local','volunteer',0);
INSERT INTO `volunteers` (`user_id`,`name`,`age`,`gender`,`contact_number`,`house_no`,`street`,`city`,`district`,`gn_division`) VALUES (823,'Dinesh Silva',35,'other','0756471887','41','River Rd','Baddegama','Galle District','Baddegama');
INSERT INTO `skills_volunteers` (`user_id`,`skill_id`) VALUES (823,1);
INSERT INTO `volunteer_preference_volunteers` (`user_id`,`preference_id`) VALUES (823,7);
INSERT INTO `users` (`user_id`,`username`,`password_hash`,`email`,`role`,`active`) VALUES (824,'vol_nagoda_1','$2y$10$iiFpvIL1hfaNBYMBhqKCYuge5zWIk4DisB4TvHrBlzmuo5fjfaKY6','vol.541@resqnet.local','volunteer',1);
INSERT INTO `volunteers` (`user_id`,`name`,`age`,`gender`,`contact_number`,`house_no`,`street`,`city`,`district`,`gn_division`) VALUES (824,'Chathura Senanayake',47,'male','0757510298','8','River Rd','Nagoda','Galle District','Nagoda');
INSERT INTO `skills_volunteers` (`user_id`,`skill_id`) VALUES (824,1);
INSERT INTO `skills_volunteers` (`user_id`,`skill_id`) VALUES (824,4);
INSERT INTO `volunteer_preference_volunteers` (`user_id`,`preference_id`) VALUES (824,1);
INSERT INTO `users` (`user_id`,`username`,`password_hash`,`email`,`role`,`active`) VALUES (825,'vol_nagoda_2','$2y$10$iiFpvIL1hfaNBYMBhqKCYuge5zWIk4DisB4TvHrBlzmuo5fjfaKY6','vol.542@resqnet.local','volunteer',1);
INSERT INTO `volunteers` (`user_id`,`name`,`age`,`gender`,`contact_number`,`house_no`,`street`,`city`,`district`,`gn_division`) VALUES (825,'Nimali Jayawardena',47,'female','0779481331','117','Lake Rd','Nagoda','Galle District','Nagoda');
INSERT INTO `skills_volunteers` (`user_id`,`skill_id`) VALUES (825,3);
INSERT INTO `volunteer_preference_volunteers` (`user_id`,`preference_id`) VALUES (825,1);
INSERT INTO `volunteer_preference_volunteers` (`user_id`,`preference_id`) VALUES (825,4);
INSERT INTO `volunteer_preference_volunteers` (`user_id`,`preference_id`) VALUES (825,8);
INSERT INTO `users` (`user_id`,`username`,`password_hash`,`email`,`role`,`active`) VALUES (826,'vol_nagoda_3','$2y$10$iiFpvIL1hfaNBYMBhqKCYuge5zWIk4DisB4TvHrBlzmuo5fjfaKY6','vol.543@resqnet.local','volunteer',1);
INSERT INTO `volunteers` (`user_id`,`name`,`age`,`gender`,`contact_number`,`house_no`,`street`,`city`,`district`,`gn_division`) VALUES (826,'Lahiru Fernando',54,'other','0729368471','64','Main St','Nagoda','Galle District','Nagoda');
INSERT INTO `skills_volunteers` (`user_id`,`skill_id`) VALUES (826,2);
INSERT INTO `skills_volunteers` (`user_id`,`skill_id`) VALUES (826,4);
INSERT INTO `volunteer_preference_volunteers` (`user_id`,`preference_id`) VALUES (826,1);
INSERT INTO `users` (`user_id`,`username`,`password_hash`,`email`,`role`,`active`) VALUES (827,'vol_nagoda_4','$2y$10$iiFpvIL1hfaNBYMBhqKCYuge5zWIk4DisB4TvHrBlzmuo5fjfaKY6','vol.544@resqnet.local','volunteer',1);
INSERT INTO `volunteers` (`user_id`,`name`,`age`,`gender`,`contact_number`,`house_no`,`street`,`city`,`district`,`gn_division`) VALUES (827,'Amila Silva',27,'male','0722035458','27','Market Rd','Nagoda','Galle District','Nagoda');
INSERT INTO `skills_volunteers` (`user_id`,`skill_id`) VALUES (827,3);
INSERT INTO `volunteer_preference_volunteers` (`user_id`,`preference_id`) VALUES (827,3);
INSERT INTO `volunteer_preference_volunteers` (`user_id`,`preference_id`) VALUES (827,4);
INSERT INTO `volunteer_preference_volunteers` (`user_id`,`preference_id`) VALUES (827,7);
INSERT INTO `users` (`user_id`,`username`,`password_hash`,`email`,`role`,`active`) VALUES (828,'vol_nagoda_5','$2y$10$iiFpvIL1hfaNBYMBhqKCYuge5zWIk4DisB4TvHrBlzmuo5fjfaKY6','vol.545@resqnet.local','volunteer',0);
INSERT INTO `volunteers` (`user_id`,`name`,`age`,`gender`,`contact_number`,`house_no`,`street`,`city`,`district`,`gn_division`) VALUES (828,'Dulani Senanayake',49,'female','0760006937','173','Church Rd','Nagoda','Galle District','Nagoda');
INSERT INTO `skills_volunteers` (`user_id`,`skill_id`) VALUES (828,1);
INSERT INTO `skills_volunteers` (`user_id`,`skill_id`) VALUES (828,5);
INSERT INTO `skills_volunteers` (`user_id`,`skill_id`) VALUES (828,6);
INSERT INTO `volunteer_preference_volunteers` (`user_id`,`preference_id`) VALUES (828,7);
INSERT INTO `users` (`user_id`,`username`,`password_hash`,`email`,`role`,`active`) VALUES (829,'vol_neluwa_1','$2y$10$iiFpvIL1hfaNBYMBhqKCYuge5zWIk4DisB4TvHrBlzmuo5fjfaKY6','vol.546@resqnet.local','volunteer',1);
INSERT INTO `volunteers` (`user_id`,`name`,`age`,`gender`,`contact_number`,`house_no`,`street`,`city`,`district`,`gn_division`) VALUES (829,'Sahan Samarasinghe',30,'other','0716639437','25','Main St','Neluwa','Galle District','Neluwa');
INSERT INTO `skills_volunteers` (`user_id`,`skill_id`) VALUES (829,5);
INSERT INTO `volunteer_preference_volunteers` (`user_id`,`preference_id`) VALUES (829,5);
INSERT INTO `volunteer_preference_volunteers` (`user_id`,`preference_id`) VALUES (829,7);
INSERT INTO `users` (`user_id`,`username`,`password_hash`,`email`,`role`,`active`) VALUES (830,'vol_neluwa_2','$2y$10$iiFpvIL1hfaNBYMBhqKCYuge5zWIk4DisB4TvHrBlzmuo5fjfaKY6','vol.547@resqnet.local','volunteer',1);
INSERT INTO `volunteers` (`user_id`,`name`,`age`,`gender`,`contact_number`,`house_no`,`street`,`city`,`district`,`gn_division`) VALUES (830,'Chathura Ekanayake',31,'male','0732100930','192','Garden Ln','Neluwa','Galle District','Neluwa');
INSERT INTO `skills_volunteers` (`user_id`,`skill_id`) VALUES (830,1);
INSERT INTO `skills_volunteers` (`user_id`,`skill_id`) VALUES (830,5);
INSERT INTO `skills_volunteers` (`user_id`,`skill_id`) VALUES (830,6);
INSERT INTO `volunteer_preference_volunteers` (`user_id`,`preference_id`) VALUES (830,1);
INSERT INTO `volunteer_preference_volunteers` (`user_id`,`preference_id`) VALUES (830,2);
INSERT INTO `volunteer_preference_volunteers` (`user_id`,`preference_id`) VALUES (830,4);
INSERT INTO `users` (`user_id`,`username`,`password_hash`,`email`,`role`,`active`) VALUES (831,'vol_neluwa_3','$2y$10$iiFpvIL1hfaNBYMBhqKCYuge5zWIk4DisB4TvHrBlzmuo5fjfaKY6','vol.548@resqnet.local','volunteer',1);
INSERT INTO `volunteers` (`user_id`,`name`,`age`,`gender`,`contact_number`,`house_no`,`street`,`city`,`district`,`gn_division`) VALUES (831,'Nimali Samarasinghe',44,'female','0794470583','150','Temple Rd','Neluwa','Galle District','Neluwa');
INSERT INTO `skills_volunteers` (`user_id`,`skill_id`) VALUES (831,1);
INSERT INTO `skills_volunteers` (`user_id`,`skill_id`) VALUES (831,2);
INSERT INTO `skills_volunteers` (`user_id`,`skill_id`) VALUES (831,6);
INSERT INTO `volunteer_preference_volunteers` (`user_id`,`preference_id`) VALUES (831,2);
INSERT INTO `volunteer_preference_volunteers` (`user_id`,`preference_id`) VALUES (831,7);
INSERT INTO `users` (`user_id`,`username`,`password_hash`,`email`,`role`,`active`) VALUES (832,'vol_neluwa_4','$2y$10$iiFpvIL1hfaNBYMBhqKCYuge5zWIk4DisB4TvHrBlzmuo5fjfaKY6','vol.549@resqnet.local','volunteer',1);
INSERT INTO `volunteers` (`user_id`,`name`,`age`,`gender`,`contact_number`,`house_no`,`street`,`city`,`district`,`gn_division`) VALUES (832,'Kamal Liyanage',30,'other','0741875174','120','Lake Rd','Neluwa','Galle District','Neluwa');
INSERT INTO `skills_volunteers` (`user_id`,`skill_id`) VALUES (832,4);
INSERT INTO `volunteer_preference_volunteers` (`user_id`,`preference_id`) VALUES (832,1);
INSERT INTO `volunteer_preference_volunteers` (`user_id`,`preference_id`) VALUES (832,8);
INSERT INTO `users` (`user_id`,`username`,`password_hash`,`email`,`role`,`active`) VALUES (833,'vol_neluwa_5','$2y$10$iiFpvIL1hfaNBYMBhqKCYuge5zWIk4DisB4TvHrBlzmuo5fjfaKY6','vol.550@resqnet.local','volunteer',0);
INSERT INTO `volunteers` (`user_id`,`name`,`age`,`gender`,`contact_number`,`house_no`,`street`,`city`,`district`,`gn_division`) VALUES (833,'Kamal Samarasinghe',32,'male','0745809447','169','Main St','Neluwa','Galle District','Neluwa');
INSERT INTO `skills_volunteers` (`user_id`,`skill_id`) VALUES (833,1);
INSERT INTO `skills_volunteers` (`user_id`,`skill_id`) VALUES (833,4);
INSERT INTO `skills_volunteers` (`user_id`,`skill_id`) VALUES (833,6);
INSERT INTO `volunteer_preference_volunteers` (`user_id`,`preference_id`) VALUES (833,5);
INSERT INTO `volunteer_preference_volunteers` (`user_id`,`preference_id`) VALUES (833,8);
INSERT INTO `users` (`user_id`,`username`,`password_hash`,`email`,`role`,`active`) VALUES (834,'vol_thawalama_1','$2y$10$iiFpvIL1hfaNBYMBhqKCYuge5zWIk4DisB4TvHrBlzmuo5fjfaKY6','vol.551@resqnet.local','volunteer',1);
INSERT INTO `volunteers` (`user_id`,`name`,`age`,`gender`,`contact_number`,`house_no`,`street`,`city`,`district`,`gn_division`) VALUES (834,'Nimali Wickramasinghe',38,'female','0741752829','125','Lake Rd','Thawalama','Galle District','Thawalama');
INSERT INTO `skills_volunteers` (`user_id`,`skill_id`) VALUES (834,4);
INSERT INTO `volunteer_preference_volunteers` (`user_id`,`preference_id`) VALUES (834,6);
INSERT INTO `volunteer_preference_volunteers` (`user_id`,`preference_id`) VALUES (834,8);
INSERT INTO `users` (`user_id`,`username`,`password_hash`,`email`,`role`,`active`) VALUES (835,'vol_thawalama_2','$2y$10$iiFpvIL1hfaNBYMBhqKCYuge5zWIk4DisB4TvHrBlzmuo5fjfaKY6','vol.552@resqnet.local','volunteer',1);
INSERT INTO `volunteers` (`user_id`,`name`,`age`,`gender`,`contact_number`,`house_no`,`street`,`city`,`district`,`gn_division`) VALUES (835,'Ishan Karunaratne',23,'other','0714012425','74','Garden Ln','Thawalama','Galle District','Thawalama');
INSERT INTO `skills_volunteers` (`user_id`,`skill_id`) VALUES (835,1);
INSERT INTO `volunteer_preference_volunteers` (`user_id`,`preference_id`) VALUES (835,2);
INSERT INTO `volunteer_preference_volunteers` (`user_id`,`preference_id`) VALUES (835,4);
INSERT INTO `users` (`user_id`,`username`,`password_hash`,`email`,`role`,`active`) VALUES (836,'vol_thawalama_3','$2y$10$iiFpvIL1hfaNBYMBhqKCYuge5zWIk4DisB4TvHrBlzmuo5fjfaKY6','vol.553@resqnet.local','volunteer',1);
INSERT INTO `volunteers` (`user_id`,`name`,`age`,`gender`,`contact_number`,`house_no`,`street`,`city`,`district`,`gn_division`) VALUES (836,'Ranjith Ekanayake',53,'male','0711534746','137','Lake Rd','Thawalama','Galle District','Thawalama');
INSERT INTO `skills_volunteers` (`user_id`,`skill_id`) VALUES (836,3);
INSERT INTO `skills_volunteers` (`user_id`,`skill_id`) VALUES (836,4);
INSERT INTO `skills_volunteers` (`user_id`,`skill_id`) VALUES (836,6);
INSERT INTO `volunteer_preference_volunteers` (`user_id`,`preference_id`) VALUES (836,1);
INSERT INTO `volunteer_preference_volunteers` (`user_id`,`preference_id`) VALUES (836,5);
INSERT INTO `users` (`user_id`,`username`,`password_hash`,`email`,`role`,`active`) VALUES (837,'vol_thawalama_4','$2y$10$iiFpvIL1hfaNBYMBhqKCYuge5zWIk4DisB4TvHrBlzmuo5fjfaKY6','vol.554@resqnet.local','volunteer',1);
INSERT INTO `volunteers` (`user_id`,`name`,`age`,`gender`,`contact_number`,`house_no`,`street`,`city`,`district`,`gn_division`) VALUES (837,'Nadeesha Cooray',33,'female','0718021691','115','Hill St','Thawalama','Galle District','Thawalama');
INSERT INTO `skills_volunteers` (`user_id`,`skill_id`) VALUES (837,1);
INSERT INTO `skills_volunteers` (`user_id`,`skill_id`) VALUES (837,2);
INSERT INTO `volunteer_preference_volunteers` (`user_id`,`preference_id`) VALUES (837,6);
INSERT INTO `volunteer_preference_volunteers` (`user_id`,`preference_id`) VALUES (837,8);
INSERT INTO `users` (`user_id`,`username`,`password_hash`,`email`,`role`,`active`) VALUES (838,'vol_thawalama_5','$2y$10$iiFpvIL1hfaNBYMBhqKCYuge5zWIk4DisB4TvHrBlzmuo5fjfaKY6','vol.555@resqnet.local','volunteer',0);
INSERT INTO `volunteers` (`user_id`,`name`,`age`,`gender`,`contact_number`,`house_no`,`street`,`city`,`district`,`gn_division`) VALUES (838,'Lahiru Weerasinghe',27,'other','0743907525','28','Main St','Thawalama','Galle District','Thawalama');
INSERT INTO `skills_volunteers` (`user_id`,`skill_id`) VALUES (838,6);
INSERT INTO `volunteer_preference_volunteers` (`user_id`,`preference_id`) VALUES (838,1);
INSERT INTO `volunteer_preference_volunteers` (`user_id`,`preference_id`) VALUES (838,2);
INSERT INTO `users` (`user_id`,`username`,`password_hash`,`email`,`role`,`active`) VALUES (839,'vol_welivitiya_divithura_1','$2y$10$iiFpvIL1hfaNBYMBhqKCYuge5zWIk4DisB4TvHrBlzmuo5fjfaKY6','vol.556@resqnet.local','volunteer',1);
INSERT INTO `volunteers` (`user_id`,`name`,`age`,`gender`,`contact_number`,`house_no`,`street`,`city`,`district`,`gn_division`) VALUES (839,'Malith Fernando',36,'male','0759368561','46','River Rd','Welivitiya-Divithura','Galle District','Welivitiya-Divithura');
INSERT INTO `skills_volunteers` (`user_id`,`skill_id`) VALUES (839,2);
INSERT INTO `volunteer_preference_volunteers` (`user_id`,`preference_id`) VALUES (839,1);
INSERT INTO `volunteer_preference_volunteers` (`user_id`,`preference_id`) VALUES (839,2);
INSERT INTO `volunteer_preference_volunteers` (`user_id`,`preference_id`) VALUES (839,4);
INSERT INTO `users` (`user_id`,`username`,`password_hash`,`email`,`role`,`active`) VALUES (840,'vol_welivitiya_divithura_2','$2y$10$iiFpvIL1hfaNBYMBhqKCYuge5zWIk4DisB4TvHrBlzmuo5fjfaKY6','vol.557@resqnet.local','volunteer',1);
INSERT INTO `volunteers` (`user_id`,`name`,`age`,`gender`,`contact_number`,`house_no`,`street`,`city`,`district`,`gn_division`) VALUES (840,'Iresha Weerasinghe',32,'female','0778760464','13','River Rd','Welivitiya-Divithura','Galle District','Welivitiya-Divithura');
INSERT INTO `skills_volunteers` (`user_id`,`skill_id`) VALUES (840,2);
INSERT INTO `skills_volunteers` (`user_id`,`skill_id`) VALUES (840,3);
INSERT INTO `skills_volunteers` (`user_id`,`skill_id`) VALUES (840,6);
INSERT INTO `volunteer_preference_volunteers` (`user_id`,`preference_id`) VALUES (840,4);
INSERT INTO `volunteer_preference_volunteers` (`user_id`,`preference_id`) VALUES (840,5);
INSERT INTO `volunteer_preference_volunteers` (`user_id`,`preference_id`) VALUES (840,6);
INSERT INTO `users` (`user_id`,`username`,`password_hash`,`email`,`role`,`active`) VALUES (841,'vol_welivitiya_divithura_3','$2y$10$iiFpvIL1hfaNBYMBhqKCYuge5zWIk4DisB4TvHrBlzmuo5fjfaKY6','vol.558@resqnet.local','volunteer',1);
INSERT INTO `volunteers` (`user_id`,`name`,`age`,`gender`,`contact_number`,`house_no`,`street`,`city`,`district`,`gn_division`) VALUES (841,'Roshan Gunasekara',23,'other','0791479471','131','Main St','Welivitiya-Divithura','Galle District','Welivitiya-Divithura');
INSERT INTO `skills_volunteers` (`user_id`,`skill_id`) VALUES (841,3);
INSERT INTO `skills_volunteers` (`user_id`,`skill_id`) VALUES (841,6);
INSERT INTO `volunteer_preference_volunteers` (`user_id`,`preference_id`) VALUES (841,2);
INSERT INTO `volunteer_preference_volunteers` (`user_id`,`preference_id`) VALUES (841,6);
INSERT INTO `volunteer_preference_volunteers` (`user_id`,`preference_id`) VALUES (841,7);
INSERT INTO `users` (`user_id`,`username`,`password_hash`,`email`,`role`,`active`) VALUES (842,'vol_welivitiya_divithura_4','$2y$10$iiFpvIL1hfaNBYMBhqKCYuge5zWIk4DisB4TvHrBlzmuo5fjfaKY6','vol.559@resqnet.local','volunteer',1);
INSERT INTO `volunteers` (`user_id`,`name`,`age`,`gender`,`contact_number`,`house_no`,`street`,`city`,`district`,`gn_division`) VALUES (842,'Dasun Herath',27,'male','0721436970','156','Temple Rd','Welivitiya-Divithura','Galle District','Welivitiya-Divithura');
INSERT INTO `skills_volunteers` (`user_id`,`skill_id`) VALUES (842,1);
INSERT INTO `skills_volunteers` (`user_id`,`skill_id`) VALUES (842,5);
INSERT INTO `skills_volunteers` (`user_id`,`skill_id`) VALUES (842,6);
INSERT INTO `volunteer_preference_volunteers` (`user_id`,`preference_id`) VALUES (842,1);
INSERT INTO `volunteer_preference_volunteers` (`user_id`,`preference_id`) VALUES (842,3);
INSERT INTO `users` (`user_id`,`username`,`password_hash`,`email`,`role`,`active`) VALUES (843,'vol_welivitiya_divithura_5','$2y$10$iiFpvIL1hfaNBYMBhqKCYuge5zWIk4DisB4TvHrBlzmuo5fjfaKY6','vol.560@resqnet.local','volunteer',0);
INSERT INTO `volunteers` (`user_id`,`name`,`age`,`gender`,`contact_number`,`house_no`,`street`,`city`,`district`,`gn_division`) VALUES (843,'Malini Karunaratne',20,'female','0738445008','114','Temple Rd','Welivitiya-Divithura','Galle District','Welivitiya-Divithura');
INSERT INTO `skills_volunteers` (`user_id`,`skill_id`) VALUES (843,3);
INSERT INTO `volunteer_preference_volunteers` (`user_id`,`preference_id`) VALUES (843,5);
INSERT INTO `users` (`user_id`,`username`,`password_hash`,`email`,`role`,`active`) VALUES (844,'vol_ambalangoda_1','$2y$10$iiFpvIL1hfaNBYMBhqKCYuge5zWIk4DisB4TvHrBlzmuo5fjfaKY6','vol.561@resqnet.local','volunteer',1);
INSERT INTO `volunteers` (`user_id`,`name`,`age`,`gender`,`contact_number`,`house_no`,`street`,`city`,`district`,`gn_division`) VALUES (844,'Malith Fernando',50,'other','0797103107','196','Garden Ln','Ambalangoda','Galle District','Ambalangoda');
INSERT INTO `skills_volunteers` (`user_id`,`skill_id`) VALUES (844,3);
INSERT INTO `skills_volunteers` (`user_id`,`skill_id`) VALUES (844,5);
INSERT INTO `skills_volunteers` (`user_id`,`skill_id`) VALUES (844,6);
INSERT INTO `volunteer_preference_volunteers` (`user_id`,`preference_id`) VALUES (844,1);
INSERT INTO `volunteer_preference_volunteers` (`user_id`,`preference_id`) VALUES (844,7);
INSERT INTO `volunteer_preference_volunteers` (`user_id`,`preference_id`) VALUES (844,8);
INSERT INTO `users` (`user_id`,`username`,`password_hash`,`email`,`role`,`active`) VALUES (845,'vol_ambalangoda_2','$2y$10$iiFpvIL1hfaNBYMBhqKCYuge5zWIk4DisB4TvHrBlzmuo5fjfaKY6','vol.562@resqnet.local','volunteer',1);
INSERT INTO `volunteers` (`user_id`,`name`,`age`,`gender`,`contact_number`,`house_no`,`street`,`city`,`district`,`gn_division`) VALUES (845,'Ishan Jayawardena',38,'male','0776954562','94','Hill St','Ambalangoda','Galle District','Ambalangoda');
INSERT INTO `skills_volunteers` (`user_id`,`skill_id`) VALUES (845,2);
INSERT INTO `skills_volunteers` (`user_id`,`skill_id`) VALUES (845,3);
INSERT INTO `skills_volunteers` (`user_id`,`skill_id`) VALUES (845,6);
INSERT INTO `volunteer_preference_volunteers` (`user_id`,`preference_id`) VALUES (845,8);
INSERT INTO `users` (`user_id`,`username`,`password_hash`,`email`,`role`,`active`) VALUES (846,'vol_ambalangoda_3','$2y$10$iiFpvIL1hfaNBYMBhqKCYuge5zWIk4DisB4TvHrBlzmuo5fjfaKY6','vol.563@resqnet.local','volunteer',1);
INSERT INTO `volunteers` (`user_id`,`name`,`age`,`gender`,`contact_number`,`house_no`,`street`,`city`,`district`,`gn_division`) VALUES (846,'Hiruni Perera',32,'female','0746579400','56','Station Rd','Ambalangoda','Galle District','Ambalangoda');
INSERT INTO `skills_volunteers` (`user_id`,`skill_id`) VALUES (846,2);
INSERT INTO `skills_volunteers` (`user_id`,`skill_id`) VALUES (846,5);
INSERT INTO `volunteer_preference_volunteers` (`user_id`,`preference_id`) VALUES (846,2);
INSERT INTO `volunteer_preference_volunteers` (`user_id`,`preference_id`) VALUES (846,4);
INSERT INTO `users` (`user_id`,`username`,`password_hash`,`email`,`role`,`active`) VALUES (847,'vol_ambalangoda_4','$2y$10$iiFpvIL1hfaNBYMBhqKCYuge5zWIk4DisB4TvHrBlzmuo5fjfaKY6','vol.564@resqnet.local','volunteer',1);
INSERT INTO `volunteers` (`user_id`,`name`,`age`,`gender`,`contact_number`,`house_no`,`street`,`city`,`district`,`gn_division`) VALUES (847,'Chathura Herath',52,'other','0768321138','80','Main St','Ambalangoda','Galle District','Ambalangoda');
INSERT INTO `skills_volunteers` (`user_id`,`skill_id`) VALUES (847,2);
INSERT INTO `skills_volunteers` (`user_id`,`skill_id`) VALUES (847,3);
INSERT INTO `volunteer_preference_volunteers` (`user_id`,`preference_id`) VALUES (847,2);
INSERT INTO `volunteer_preference_volunteers` (`user_id`,`preference_id`) VALUES (847,5);
INSERT INTO `volunteer_preference_volunteers` (`user_id`,`preference_id`) VALUES (847,8);
INSERT INTO `users` (`user_id`,`username`,`password_hash`,`email`,`role`,`active`) VALUES (848,'vol_ambalangoda_5','$2y$10$iiFpvIL1hfaNBYMBhqKCYuge5zWIk4DisB4TvHrBlzmuo5fjfaKY6','vol.565@resqnet.local','volunteer',0);
INSERT INTO `volunteers` (`user_id`,`name`,`age`,`gender`,`contact_number`,`house_no`,`street`,`city`,`district`,`gn_division`) VALUES (848,'Ashan Karunaratne',43,'male','0730755115','134','River Rd','Ambalangoda','Galle District','Ambalangoda');
INSERT INTO `skills_volunteers` (`user_id`,`skill_id`) VALUES (848,1);
INSERT INTO `skills_volunteers` (`user_id`,`skill_id`) VALUES (848,2);
INSERT INTO `volunteer_preference_volunteers` (`user_id`,`preference_id`) VALUES (848,5);
INSERT INTO `volunteer_preference_volunteers` (`user_id`,`preference_id`) VALUES (848,6);
INSERT INTO `volunteer_preference_volunteers` (`user_id`,`preference_id`) VALUES (848,8);
INSERT INTO `users` (`user_id`,`username`,`password_hash`,`email`,`role`,`active`) VALUES (849,'vol_hikkaduwa_1','$2y$10$iiFpvIL1hfaNBYMBhqKCYuge5zWIk4DisB4TvHrBlzmuo5fjfaKY6','vol.566@resqnet.local','volunteer',1);
INSERT INTO `volunteers` (`user_id`,`name`,`age`,`gender`,`contact_number`,`house_no`,`street`,`city`,`district`,`gn_division`) VALUES (849,'Tharushi Cooray',34,'female','0773043808','168','Lake Rd','Hikkaduwa','Galle District','Hikkaduwa');
INSERT INTO `skills_volunteers` (`user_id`,`skill_id`) VALUES (849,2);
INSERT INTO `skills_volunteers` (`user_id`,`skill_id`) VALUES (849,3);
INSERT INTO `skills_volunteers` (`user_id`,`skill_id`) VALUES (849,5);
INSERT INTO `volunteer_preference_volunteers` (`user_id`,`preference_id`) VALUES (849,4);
INSERT INTO `users` (`user_id`,`username`,`password_hash`,`email`,`role`,`active`) VALUES (850,'vol_hikkaduwa_2','$2y$10$iiFpvIL1hfaNBYMBhqKCYuge5zWIk4DisB4TvHrBlzmuo5fjfaKY6','vol.567@resqnet.local','volunteer',1);
INSERT INTO `volunteers` (`user_id`,`name`,`age`,`gender`,`contact_number`,`house_no`,`street`,`city`,`district`,`gn_division`) VALUES (850,'Lahiru Wijesinghe',25,'other','0787518016','90','Lake Rd','Hikkaduwa','Galle District','Hikkaduwa');
INSERT INTO `skills_volunteers` (`user_id`,`skill_id`) VALUES (850,1);
INSERT INTO `skills_volunteers` (`user_id`,`skill_id`) VALUES (850,4);
INSERT INTO `skills_volunteers` (`user_id`,`skill_id`) VALUES (850,6);
INSERT INTO `volunteer_preference_volunteers` (`user_id`,`preference_id`) VALUES (850,3);
INSERT INTO `users` (`user_id`,`username`,`password_hash`,`email`,`role`,`active`) VALUES (851,'vol_hikkaduwa_3','$2y$10$iiFpvIL1hfaNBYMBhqKCYuge5zWIk4DisB4TvHrBlzmuo5fjfaKY6','vol.568@resqnet.local','volunteer',1);
INSERT INTO `volunteers` (`user_id`,`name`,`age`,`gender`,`contact_number`,`house_no`,`street`,`city`,`district`,`gn_division`) VALUES (851,'Tharaka Karunaratne',26,'male','0750130537','60','Station Rd','Hikkaduwa','Galle District','Hikkaduwa');
INSERT INTO `skills_volunteers` (`user_id`,`skill_id`) VALUES (851,2);
INSERT INTO `skills_volunteers` (`user_id`,`skill_id`) VALUES (851,4);
INSERT INTO `volunteer_preference_volunteers` (`user_id`,`preference_id`) VALUES (851,1);
INSERT INTO `volunteer_preference_volunteers` (`user_id`,`preference_id`) VALUES (851,8);
INSERT INTO `users` (`user_id`,`username`,`password_hash`,`email`,`role`,`active`) VALUES (852,'vol_hikkaduwa_4','$2y$10$iiFpvIL1hfaNBYMBhqKCYuge5zWIk4DisB4TvHrBlzmuo5fjfaKY6','vol.569@resqnet.local','volunteer',1);
INSERT INTO `volunteers` (`user_id`,`name`,`age`,`gender`,`contact_number`,`house_no`,`street`,`city`,`district`,`gn_division`) VALUES (852,'Dilhani Samarasinghe',31,'female','0757473527','188','Market Rd','Hikkaduwa','Galle District','Hikkaduwa');
INSERT INTO `skills_volunteers` (`user_id`,`skill_id`) VALUES (852,1);
INSERT INTO `skills_volunteers` (`user_id`,`skill_id`) VALUES (852,3);
INSERT INTO `volunteer_preference_volunteers` (`user_id`,`preference_id`) VALUES (852,6);
INSERT INTO `users` (`user_id`,`username`,`password_hash`,`email`,`role`,`active`) VALUES (853,'vol_hikkaduwa_5','$2y$10$iiFpvIL1hfaNBYMBhqKCYuge5zWIk4DisB4TvHrBlzmuo5fjfaKY6','vol.570@resqnet.local','volunteer',0);
INSERT INTO `volunteers` (`user_id`,`name`,`age`,`gender`,`contact_number`,`house_no`,`street`,`city`,`district`,`gn_division`) VALUES (853,'Ishan Mendis',25,'other','0799896188','78','Station Rd','Hikkaduwa','Galle District','Hikkaduwa');
INSERT INTO `skills_volunteers` (`user_id`,`skill_id`) VALUES (853,3);
INSERT INTO `skills_volunteers` (`user_id`,`skill_id`) VALUES (853,5);
INSERT INTO `volunteer_preference_volunteers` (`user_id`,`preference_id`) VALUES (853,3);
INSERT INTO `users` (`user_id`,`username`,`password_hash`,`email`,`role`,`active`) VALUES (854,'vol_gonapinuwala_1','$2y$10$iiFpvIL1hfaNBYMBhqKCYuge5zWIk4DisB4TvHrBlzmuo5fjfaKY6','vol.571@resqnet.local','volunteer',1);
INSERT INTO `volunteers` (`user_id`,`name`,`age`,`gender`,`contact_number`,`house_no`,`street`,`city`,`district`,`gn_division`) VALUES (854,'Nimal Senanayake',18,'male','0773616455','91','Garden Ln','Gonapinuwala','Galle District','Gonapinuwala');
INSERT INTO `skills_volunteers` (`user_id`,`skill_id`) VALUES (854,2);
INSERT INTO `volunteer_preference_volunteers` (`user_id`,`preference_id`) VALUES (854,2);
INSERT INTO `users` (`user_id`,`username`,`password_hash`,`email`,`role`,`active`) VALUES (855,'vol_gonapinuwala_2','$2y$10$iiFpvIL1hfaNBYMBhqKCYuge5zWIk4DisB4TvHrBlzmuo5fjfaKY6','vol.572@resqnet.local','volunteer',1);
INSERT INTO `volunteers` (`user_id`,`name`,`age`,`gender`,`contact_number`,`house_no`,`street`,`city`,`district`,`gn_division`) VALUES (855,'Rashmi Herath',52,'female','0794227754','112','Market Rd','Gonapinuwala','Galle District','Gonapinuwala');
INSERT INTO `skills_volunteers` (`user_id`,`skill_id`) VALUES (855,1);
INSERT INTO `skills_volunteers` (`user_id`,`skill_id`) VALUES (855,6);
INSERT INTO `volunteer_preference_volunteers` (`user_id`,`preference_id`) VALUES (855,3);
INSERT INTO `users` (`user_id`,`username`,`password_hash`,`email`,`role`,`active`) VALUES (856,'vol_gonapinuwala_3','$2y$10$iiFpvIL1hfaNBYMBhqKCYuge5zWIk4DisB4TvHrBlzmuo5fjfaKY6','vol.573@resqnet.local','volunteer',1);
INSERT INTO `volunteers` (`user_id`,`name`,`age`,`gender`,`contact_number`,`house_no`,`street`,`city`,`district`,`gn_division`) VALUES (856,'Amila Pathirana',31,'other','0764405190','181','Market Rd','Gonapinuwala','Galle District','Gonapinuwala');
INSERT INTO `skills_volunteers` (`user_id`,`skill_id`) VALUES (856,1);
INSERT INTO `skills_volunteers` (`user_id`,`skill_id`) VALUES (856,2);
INSERT INTO `skills_volunteers` (`user_id`,`skill_id`) VALUES (856,3);
INSERT INTO `volunteer_preference_volunteers` (`user_id`,`preference_id`) VALUES (856,1);
INSERT INTO `volunteer_preference_volunteers` (`user_id`,`preference_id`) VALUES (856,8);
INSERT INTO `users` (`user_id`,`username`,`password_hash`,`email`,`role`,`active`) VALUES (857,'vol_gonapinuwala_4','$2y$10$iiFpvIL1hfaNBYMBhqKCYuge5zWIk4DisB4TvHrBlzmuo5fjfaKY6','vol.574@resqnet.local','volunteer',1);
INSERT INTO `volunteers` (`user_id`,`name`,`age`,`gender`,`contact_number`,`house_no`,`street`,`city`,`district`,`gn_division`) VALUES (857,'Kamal Samarasinghe',20,'male','0774141678','188','School Ln','Gonapinuwala','Galle District','Gonapinuwala');
INSERT INTO `skills_volunteers` (`user_id`,`skill_id`) VALUES (857,2);
INSERT INTO `skills_volunteers` (`user_id`,`skill_id`) VALUES (857,4);
INSERT INTO `skills_volunteers` (`user_id`,`skill_id`) VALUES (857,5);
INSERT INTO `volunteer_preference_volunteers` (`user_id`,`preference_id`) VALUES (857,3);
INSERT INTO `volunteer_preference_volunteers` (`user_id`,`preference_id`) VALUES (857,5);
INSERT INTO `users` (`user_id`,`username`,`password_hash`,`email`,`role`,`active`) VALUES (858,'vol_gonapinuwala_5','$2y$10$iiFpvIL1hfaNBYMBhqKCYuge5zWIk4DisB4TvHrBlzmuo5fjfaKY6','vol.575@resqnet.local','volunteer',0);
INSERT INTO `volunteers` (`user_id`,`name`,`age`,`gender`,`contact_number`,`house_no`,`street`,`city`,`district`,`gn_division`) VALUES (858,'Sanduni Ekanayake',50,'female','0738495414','117','Lake Rd','Gonapinuwala','Galle District','Gonapinuwala');
INSERT INTO `skills_volunteers` (`user_id`,`skill_id`) VALUES (858,2);
INSERT INTO `skills_volunteers` (`user_id`,`skill_id`) VALUES (858,4);
INSERT INTO `volunteer_preference_volunteers` (`user_id`,`preference_id`) VALUES (858,5);
INSERT INTO `users` (`user_id`,`username`,`password_hash`,`email`,`role`,`active`) VALUES (859,'vol_pitabeddara_1','$2y$10$iiFpvIL1hfaNBYMBhqKCYuge5zWIk4DisB4TvHrBlzmuo5fjfaKY6','vol.576@resqnet.local','volunteer',1);
INSERT INTO `volunteers` (`user_id`,`name`,`age`,`gender`,`contact_number`,`house_no`,`street`,`city`,`district`,`gn_division`) VALUES (859,'Sahan Mendis',49,'other','0734321061','187','Temple Rd','Pitabeddara','Matara District','Pitabeddara');
INSERT INTO `skills_volunteers` (`user_id`,`skill_id`) VALUES (859,1);
INSERT INTO `skills_volunteers` (`user_id`,`skill_id`) VALUES (859,4);
INSERT INTO `volunteer_preference_volunteers` (`user_id`,`preference_id`) VALUES (859,2);
INSERT INTO `volunteer_preference_volunteers` (`user_id`,`preference_id`) VALUES (859,3);
INSERT INTO `volunteer_preference_volunteers` (`user_id`,`preference_id`) VALUES (859,7);
INSERT INTO `users` (`user_id`,`username`,`password_hash`,`email`,`role`,`active`) VALUES (860,'vol_pitabeddara_2','$2y$10$iiFpvIL1hfaNBYMBhqKCYuge5zWIk4DisB4TvHrBlzmuo5fjfaKY6','vol.577@resqnet.local','volunteer',1);
INSERT INTO `volunteers` (`user_id`,`name`,`age`,`gender`,`contact_number`,`house_no`,`street`,`city`,`district`,`gn_division`) VALUES (860,'Sampath Samarasinghe',34,'male','0717899808','13','Market Rd','Pitabeddara','Matara District','Pitabeddara');
INSERT INTO `skills_volunteers` (`user_id`,`skill_id`) VALUES (860,1);
INSERT INTO `skills_volunteers` (`user_id`,`skill_id`) VALUES (860,3);
INSERT INTO `volunteer_preference_volunteers` (`user_id`,`preference_id`) VALUES (860,3);
INSERT INTO `users` (`user_id`,`username`,`password_hash`,`email`,`role`,`active`) VALUES (861,'vol_pitabeddara_3','$2y$10$iiFpvIL1hfaNBYMBhqKCYuge5zWIk4DisB4TvHrBlzmuo5fjfaKY6','vol.578@resqnet.local','volunteer',1);
INSERT INTO `volunteers` (`user_id`,`name`,`age`,`gender`,`contact_number`,`house_no`,`street`,`city`,`district`,`gn_division`) VALUES (861,'Hiruni Herath',21,'female','0740393438','61','School Ln','Pitabeddara','Matara District','Pitabeddara');
INSERT INTO `skills_volunteers` (`user_id`,`skill_id`) VALUES (861,1);
INSERT INTO `skills_volunteers` (`user_id`,`skill_id`) VALUES (861,3);
INSERT INTO `skills_volunteers` (`user_id`,`skill_id`) VALUES (861,6);
INSERT INTO `volunteer_preference_volunteers` (`user_id`,`preference_id`) VALUES (861,1);
INSERT INTO `volunteer_preference_volunteers` (`user_id`,`preference_id`) VALUES (861,3);
INSERT INTO `volunteer_preference_volunteers` (`user_id`,`preference_id`) VALUES (861,4);
INSERT INTO `users` (`user_id`,`username`,`password_hash`,`email`,`role`,`active`) VALUES (862,'vol_pitabeddara_4','$2y$10$iiFpvIL1hfaNBYMBhqKCYuge5zWIk4DisB4TvHrBlzmuo5fjfaKY6','vol.579@resqnet.local','volunteer',1);
INSERT INTO `volunteers` (`user_id`,`name`,`age`,`gender`,`contact_number`,`house_no`,`street`,`city`,`district`,`gn_division`) VALUES (862,'Nuwan Rathnayake',54,'other','0779739707','35','Garden Ln','Pitabeddara','Matara District','Pitabeddara');
INSERT INTO `skills_volunteers` (`user_id`,`skill_id`) VALUES (862,1);
INSERT INTO `skills_volunteers` (`user_id`,`skill_id`) VALUES (862,2);
INSERT INTO `skills_volunteers` (`user_id`,`skill_id`) VALUES (862,5);
INSERT INTO `volunteer_preference_volunteers` (`user_id`,`preference_id`) VALUES (862,6);
INSERT INTO `users` (`user_id`,`username`,`password_hash`,`email`,`role`,`active`) VALUES (863,'vol_pitabeddara_5','$2y$10$iiFpvIL1hfaNBYMBhqKCYuge5zWIk4DisB4TvHrBlzmuo5fjfaKY6','vol.580@resqnet.local','volunteer',0);
INSERT INTO `volunteers` (`user_id`,`name`,`age`,`gender`,`contact_number`,`house_no`,`street`,`city`,`district`,`gn_division`) VALUES (863,'Sunil Rathnayake',30,'male','0779477539','4','Church Rd','Pitabeddara','Matara District','Pitabeddara');
INSERT INTO `skills_volunteers` (`user_id`,`skill_id`) VALUES (863,1);
INSERT INTO `skills_volunteers` (`user_id`,`skill_id`) VALUES (863,2);
INSERT INTO `skills_volunteers` (`user_id`,`skill_id`) VALUES (863,6);
INSERT INTO `volunteer_preference_volunteers` (`user_id`,`preference_id`) VALUES (863,2);
INSERT INTO `users` (`user_id`,`username`,`password_hash`,`email`,`role`,`active`) VALUES (864,'vol_kotapola_1','$2y$10$iiFpvIL1hfaNBYMBhqKCYuge5zWIk4DisB4TvHrBlzmuo5fjfaKY6','vol.581@resqnet.local','volunteer',1);
INSERT INTO `volunteers` (`user_id`,`name`,`age`,`gender`,`contact_number`,`house_no`,`street`,`city`,`district`,`gn_division`) VALUES (864,'Dilhani Bandara',42,'female','0762006660','36','Main St','Kotapola','Matara District','Kotapola');
INSERT INTO `skills_volunteers` (`user_id`,`skill_id`) VALUES (864,2);
INSERT INTO `skills_volunteers` (`user_id`,`skill_id`) VALUES (864,5);
INSERT INTO `skills_volunteers` (`user_id`,`skill_id`) VALUES (864,6);
INSERT INTO `volunteer_preference_volunteers` (`user_id`,`preference_id`) VALUES (864,2);
INSERT INTO `volunteer_preference_volunteers` (`user_id`,`preference_id`) VALUES (864,4);
INSERT INTO `volunteer_preference_volunteers` (`user_id`,`preference_id`) VALUES (864,7);
INSERT INTO `users` (`user_id`,`username`,`password_hash`,`email`,`role`,`active`) VALUES (865,'vol_kotapola_2','$2y$10$iiFpvIL1hfaNBYMBhqKCYuge5zWIk4DisB4TvHrBlzmuo5fjfaKY6','vol.582@resqnet.local','volunteer',1);
INSERT INTO `volunteers` (`user_id`,`name`,`age`,`gender`,`contact_number`,`house_no`,`street`,`city`,`district`,`gn_division`) VALUES (865,'Kamal Cooray',53,'other','0739496245','171','Market Rd','Kotapola','Matara District','Kotapola');
INSERT INTO `skills_volunteers` (`user_id`,`skill_id`) VALUES (865,5);
INSERT INTO `volunteer_preference_volunteers` (`user_id`,`preference_id`) VALUES (865,5);
INSERT INTO `volunteer_preference_volunteers` (`user_id`,`preference_id`) VALUES (865,6);
INSERT INTO `volunteer_preference_volunteers` (`user_id`,`preference_id`) VALUES (865,8);
INSERT INTO `users` (`user_id`,`username`,`password_hash`,`email`,`role`,`active`) VALUES (866,'vol_kotapola_3','$2y$10$iiFpvIL1hfaNBYMBhqKCYuge5zWIk4DisB4TvHrBlzmuo5fjfaKY6','vol.583@resqnet.local','volunteer',1);
INSERT INTO `volunteers` (`user_id`,`name`,`age`,`gender`,`contact_number`,`house_no`,`street`,`city`,`district`,`gn_division`) VALUES (866,'Ishan Senanayake',23,'male','0780549988','188','Temple Rd','Kotapola','Matara District','Kotapola');
INSERT INTO `skills_volunteers` (`user_id`,`skill_id`) VALUES (866,3);
INSERT INTO `skills_volunteers` (`user_id`,`skill_id`) VALUES (866,6);
INSERT INTO `volunteer_preference_volunteers` (`user_id`,`preference_id`) VALUES (866,7);
INSERT INTO `volunteer_preference_volunteers` (`user_id`,`preference_id`) VALUES (866,8);
INSERT INTO `users` (`user_id`,`username`,`password_hash`,`email`,`role`,`active`) VALUES (867,'vol_kotapola_4','$2y$10$iiFpvIL1hfaNBYMBhqKCYuge5zWIk4DisB4TvHrBlzmuo5fjfaKY6','vol.584@resqnet.local','volunteer',1);
INSERT INTO `volunteers` (`user_id`,`name`,`age`,`gender`,`contact_number`,`house_no`,`street`,`city`,`district`,`gn_division`) VALUES (867,'Sewwandi Karunaratne',23,'female','0787054902','165','Temple Rd','Kotapola','Matara District','Kotapola');
INSERT INTO `skills_volunteers` (`user_id`,`skill_id`) VALUES (867,2);
INSERT INTO `volunteer_preference_volunteers` (`user_id`,`preference_id`) VALUES (867,2);
INSERT INTO `users` (`user_id`,`username`,`password_hash`,`email`,`role`,`active`) VALUES (868,'vol_kotapola_5','$2y$10$iiFpvIL1hfaNBYMBhqKCYuge5zWIk4DisB4TvHrBlzmuo5fjfaKY6','vol.585@resqnet.local','volunteer',0);
INSERT INTO `volunteers` (`user_id`,`name`,`age`,`gender`,`contact_number`,`house_no`,`street`,`city`,`district`,`gn_division`) VALUES (868,'Kasun Cooray',26,'other','0788818767','63','Church Rd','Kotapola','Matara District','Kotapola');
INSERT INTO `skills_volunteers` (`user_id`,`skill_id`) VALUES (868,2);
INSERT INTO `volunteer_preference_volunteers` (`user_id`,`preference_id`) VALUES (868,4);
INSERT INTO `volunteer_preference_volunteers` (`user_id`,`preference_id`) VALUES (868,5);
INSERT INTO `volunteer_preference_volunteers` (`user_id`,`preference_id`) VALUES (868,8);
INSERT INTO `users` (`user_id`,`username`,`password_hash`,`email`,`role`,`active`) VALUES (869,'vol_pasgoda_1','$2y$10$iiFpvIL1hfaNBYMBhqKCYuge5zWIk4DisB4TvHrBlzmuo5fjfaKY6','vol.586@resqnet.local','volunteer',1);
INSERT INTO `volunteers` (`user_id`,`name`,`age`,`gender`,`contact_number`,`house_no`,`street`,`city`,`district`,`gn_division`) VALUES (869,'Roshan Gunasekara',34,'male','0742143147','77','Main St','Pasgoda','Matara District','Pasgoda');
INSERT INTO `skills_volunteers` (`user_id`,`skill_id`) VALUES (869,1);
INSERT INTO `skills_volunteers` (`user_id`,`skill_id`) VALUES (869,3);
INSERT INTO `skills_volunteers` (`user_id`,`skill_id`) VALUES (869,6);
INSERT INTO `volunteer_preference_volunteers` (`user_id`,`preference_id`) VALUES (869,1);
INSERT INTO `volunteer_preference_volunteers` (`user_id`,`preference_id`) VALUES (869,6);
INSERT INTO `volunteer_preference_volunteers` (`user_id`,`preference_id`) VALUES (869,7);
INSERT INTO `users` (`user_id`,`username`,`password_hash`,`email`,`role`,`active`) VALUES (870,'vol_pasgoda_2','$2y$10$iiFpvIL1hfaNBYMBhqKCYuge5zWIk4DisB4TvHrBlzmuo5fjfaKY6','vol.587@resqnet.local','volunteer',1);
INSERT INTO `volunteers` (`user_id`,`name`,`age`,`gender`,`contact_number`,`house_no`,`street`,`city`,`district`,`gn_division`) VALUES (870,'Nethmi Dissanayake',22,'female','0718631376','18','Station Rd','Pasgoda','Matara District','Pasgoda');
INSERT INTO `skills_volunteers` (`user_id`,`skill_id`) VALUES (870,1);
INSERT INTO `skills_volunteers` (`user_id`,`skill_id`) VALUES (870,2);
INSERT INTO `skills_volunteers` (`user_id`,`skill_id`) VALUES (870,5);
INSERT INTO `volunteer_preference_volunteers` (`user_id`,`preference_id`) VALUES (870,2);
INSERT INTO `volunteer_preference_volunteers` (`user_id`,`preference_id`) VALUES (870,8);
INSERT INTO `users` (`user_id`,`username`,`password_hash`,`email`,`role`,`active`) VALUES (871,'vol_pasgoda_3','$2y$10$iiFpvIL1hfaNBYMBhqKCYuge5zWIk4DisB4TvHrBlzmuo5fjfaKY6','vol.588@resqnet.local','volunteer',1);
INSERT INTO `volunteers` (`user_id`,`name`,`age`,`gender`,`contact_number`,`house_no`,`street`,`city`,`district`,`gn_division`) VALUES (871,'Sampath Wickramasinghe',21,'other','0732796895','15','Hill St','Pasgoda','Matara District','Pasgoda');
INSERT INTO `skills_volunteers` (`user_id`,`skill_id`) VALUES (871,4);
INSERT INTO `skills_volunteers` (`user_id`,`skill_id`) VALUES (871,5);
INSERT INTO `volunteer_preference_volunteers` (`user_id`,`preference_id`) VALUES (871,6);
INSERT INTO `users` (`user_id`,`username`,`password_hash`,`email`,`role`,`active`) VALUES (872,'vol_pasgoda_4','$2y$10$iiFpvIL1hfaNBYMBhqKCYuge5zWIk4DisB4TvHrBlzmuo5fjfaKY6','vol.589@resqnet.local','volunteer',1);
INSERT INTO `volunteers` (`user_id`,`name`,`age`,`gender`,`contact_number`,`house_no`,`street`,`city`,`district`,`gn_division`) VALUES (872,'Sampath Fernando',18,'male','0781856019','177','Church Rd','Pasgoda','Matara District','Pasgoda');
INSERT INTO `skills_volunteers` (`user_id`,`skill_id`) VALUES (872,4);
INSERT INTO `skills_volunteers` (`user_id`,`skill_id`) VALUES (872,5);
INSERT INTO `skills_volunteers` (`user_id`,`skill_id`) VALUES (872,6);
INSERT INTO `volunteer_preference_volunteers` (`user_id`,`preference_id`) VALUES (872,4);
INSERT INTO `volunteer_preference_volunteers` (`user_id`,`preference_id`) VALUES (872,6);
INSERT INTO `users` (`user_id`,`username`,`password_hash`,`email`,`role`,`active`) VALUES (873,'vol_pasgoda_5','$2y$10$iiFpvIL1hfaNBYMBhqKCYuge5zWIk4DisB4TvHrBlzmuo5fjfaKY6','vol.590@resqnet.local','volunteer',0);
INSERT INTO `volunteers` (`user_id`,`name`,`age`,`gender`,`contact_number`,`house_no`,`street`,`city`,`district`,`gn_division`) VALUES (873,'Gayani Jayawardena',31,'female','0732144882','47','Hill St','Pasgoda','Matara District','Pasgoda');
INSERT INTO `skills_volunteers` (`user_id`,`skill_id`) VALUES (873,3);
INSERT INTO `skills_volunteers` (`user_id`,`skill_id`) VALUES (873,6);
INSERT INTO `volunteer_preference_volunteers` (`user_id`,`preference_id`) VALUES (873,4);
INSERT INTO `volunteer_preference_volunteers` (`user_id`,`preference_id`) VALUES (873,5);
INSERT INTO `users` (`user_id`,`username`,`password_hash`,`email`,`role`,`active`) VALUES (874,'vol_mulatiyana_1','$2y$10$iiFpvIL1hfaNBYMBhqKCYuge5zWIk4DisB4TvHrBlzmuo5fjfaKY6','vol.591@resqnet.local','volunteer',1);
INSERT INTO `volunteers` (`user_id`,`name`,`age`,`gender`,`contact_number`,`house_no`,`street`,`city`,`district`,`gn_division`) VALUES (874,'Tharaka Jayawardena',30,'other','0718623441','193','Church Rd','Mulatiyana','Matara District','Mulatiyana');
INSERT INTO `skills_volunteers` (`user_id`,`skill_id`) VALUES (874,1);
INSERT INTO `volunteer_preference_volunteers` (`user_id`,`preference_id`) VALUES (874,2);
INSERT INTO `volunteer_preference_volunteers` (`user_id`,`preference_id`) VALUES (874,8);
INSERT INTO `users` (`user_id`,`username`,`password_hash`,`email`,`role`,`active`) VALUES (875,'vol_mulatiyana_2','$2y$10$iiFpvIL1hfaNBYMBhqKCYuge5zWIk4DisB4TvHrBlzmuo5fjfaKY6','vol.592@resqnet.local','volunteer',1);
INSERT INTO `volunteers` (`user_id`,`name`,`age`,`gender`,`contact_number`,`house_no`,`street`,`city`,`district`,`gn_division`) VALUES (875,'Sampath Rathnayake',48,'male','0734144802','14','Station Rd','Mulatiyana','Matara District','Mulatiyana');
INSERT INTO `skills_volunteers` (`user_id`,`skill_id`) VALUES (875,1);
INSERT INTO `skills_volunteers` (`user_id`,`skill_id`) VALUES (875,3);
INSERT INTO `skills_volunteers` (`user_id`,`skill_id`) VALUES (875,6);
INSERT INTO `volunteer_preference_volunteers` (`user_id`,`preference_id`) VALUES (875,2);
INSERT INTO `volunteer_preference_volunteers` (`user_id`,`preference_id`) VALUES (875,4);
INSERT INTO `volunteer_preference_volunteers` (`user_id`,`preference_id`) VALUES (875,6);
INSERT INTO `users` (`user_id`,`username`,`password_hash`,`email`,`role`,`active`) VALUES (876,'vol_mulatiyana_3','$2y$10$iiFpvIL1hfaNBYMBhqKCYuge5zWIk4DisB4TvHrBlzmuo5fjfaKY6','vol.593@resqnet.local','volunteer',1);
INSERT INTO `volunteers` (`user_id`,`name`,`age`,`gender`,`contact_number`,`house_no`,`street`,`city`,`district`,`gn_division`) VALUES (876,'Dulani Gunasekara',45,'female','0727048919','32','Lake Rd','Mulatiyana','Matara District','Mulatiyana');
INSERT INTO `skills_volunteers` (`user_id`,`skill_id`) VALUES (876,4);
INSERT INTO `volunteer_preference_volunteers` (`user_id`,`preference_id`) VALUES (876,2);
INSERT INTO `volunteer_preference_volunteers` (`user_id`,`preference_id`) VALUES (876,3);
INSERT INTO `volunteer_preference_volunteers` (`user_id`,`preference_id`) VALUES (876,6);
INSERT INTO `users` (`user_id`,`username`,`password_hash`,`email`,`role`,`active`) VALUES (877,'vol_mulatiyana_4','$2y$10$iiFpvIL1hfaNBYMBhqKCYuge5zWIk4DisB4TvHrBlzmuo5fjfaKY6','vol.594@resqnet.local','volunteer',1);
INSERT INTO `volunteers` (`user_id`,`name`,`age`,`gender`,`contact_number`,`house_no`,`street`,`city`,`district`,`gn_division`) VALUES (877,'Chaminda Karunaratne',24,'other','0710876708','165','Main St','Mulatiyana','Matara District','Mulatiyana');
INSERT INTO `skills_volunteers` (`user_id`,`skill_id`) VALUES (877,5);
INSERT INTO `volunteer_preference_volunteers` (`user_id`,`preference_id`) VALUES (877,4);
INSERT INTO `users` (`user_id`,`username`,`password_hash`,`email`,`role`,`active`) VALUES (878,'vol_mulatiyana_5','$2y$10$iiFpvIL1hfaNBYMBhqKCYuge5zWIk4DisB4TvHrBlzmuo5fjfaKY6','vol.595@resqnet.local','volunteer',0);
INSERT INTO `volunteers` (`user_id`,`name`,`age`,`gender`,`contact_number`,`house_no`,`street`,`city`,`district`,`gn_division`) VALUES (878,'Dinesh Liyanage',29,'male','0766161790','62','Main St','Mulatiyana','Matara District','Mulatiyana');
INSERT INTO `skills_volunteers` (`user_id`,`skill_id`) VALUES (878,1);
INSERT INTO `skills_volunteers` (`user_id`,`skill_id`) VALUES (878,4);
INSERT INTO `volunteer_preference_volunteers` (`user_id`,`preference_id`) VALUES (878,3);
INSERT INTO `volunteer_preference_volunteers` (`user_id`,`preference_id`) VALUES (878,4);
INSERT INTO `volunteer_preference_volunteers` (`user_id`,`preference_id`) VALUES (878,6);
INSERT INTO `users` (`user_id`,`username`,`password_hash`,`email`,`role`,`active`) VALUES (879,'vol_athuraliya_1','$2y$10$iiFpvIL1hfaNBYMBhqKCYuge5zWIk4DisB4TvHrBlzmuo5fjfaKY6','vol.596@resqnet.local','volunteer',1);
INSERT INTO `volunteers` (`user_id`,`name`,`age`,`gender`,`contact_number`,`house_no`,`street`,`city`,`district`,`gn_division`) VALUES (879,'Kumari Wijesinghe',39,'female','0791747951','163','River Rd','Athuraliya','Matara District','Athuraliya');
INSERT INTO `skills_volunteers` (`user_id`,`skill_id`) VALUES (879,4);
INSERT INTO `skills_volunteers` (`user_id`,`skill_id`) VALUES (879,5);
INSERT INTO `skills_volunteers` (`user_id`,`skill_id`) VALUES (879,6);
INSERT INTO `volunteer_preference_volunteers` (`user_id`,`preference_id`) VALUES (879,1);
INSERT INTO `volunteer_preference_volunteers` (`user_id`,`preference_id`) VALUES (879,4);
INSERT INTO `users` (`user_id`,`username`,`password_hash`,`email`,`role`,`active`) VALUES (880,'vol_athuraliya_2','$2y$10$iiFpvIL1hfaNBYMBhqKCYuge5zWIk4DisB4TvHrBlzmuo5fjfaKY6','vol.597@resqnet.local','volunteer',1);
INSERT INTO `volunteers` (`user_id`,`name`,`age`,`gender`,`contact_number`,`house_no`,`street`,`city`,`district`,`gn_division`) VALUES (880,'Ranjith Silva',51,'other','0735038363','30','Main St','Athuraliya','Matara District','Athuraliya');
INSERT INTO `skills_volunteers` (`user_id`,`skill_id`) VALUES (880,2);
INSERT INTO `skills_volunteers` (`user_id`,`skill_id`) VALUES (880,5);
INSERT INTO `volunteer_preference_volunteers` (`user_id`,`preference_id`) VALUES (880,3);
INSERT INTO `volunteer_preference_volunteers` (`user_id`,`preference_id`) VALUES (880,4);
INSERT INTO `volunteer_preference_volunteers` (`user_id`,`preference_id`) VALUES (880,6);
INSERT INTO `users` (`user_id`,`username`,`password_hash`,`email`,`role`,`active`) VALUES (881,'vol_athuraliya_3','$2y$10$iiFpvIL1hfaNBYMBhqKCYuge5zWIk4DisB4TvHrBlzmuo5fjfaKY6','vol.598@resqnet.local','volunteer',1);
INSERT INTO `volunteers` (`user_id`,`name`,`age`,`gender`,`contact_number`,`house_no`,`street`,`city`,`district`,`gn_division`) VALUES (881,'Ashan Silva',50,'male','0740112452','130','School Ln','Athuraliya','Matara District','Athuraliya');
INSERT INTO `skills_volunteers` (`user_id`,`skill_id`) VALUES (881,1);
INSERT INTO `skills_volunteers` (`user_id`,`skill_id`) VALUES (881,3);
INSERT INTO `skills_volunteers` (`user_id`,`skill_id`) VALUES (881,4);
INSERT INTO `volunteer_preference_volunteers` (`user_id`,`preference_id`) VALUES (881,1);
INSERT INTO `volunteer_preference_volunteers` (`user_id`,`preference_id`) VALUES (881,4);
INSERT INTO `users` (`user_id`,`username`,`password_hash`,`email`,`role`,`active`) VALUES (882,'vol_athuraliya_4','$2y$10$iiFpvIL1hfaNBYMBhqKCYuge5zWIk4DisB4TvHrBlzmuo5fjfaKY6','vol.599@resqnet.local','volunteer',1);
INSERT INTO `volunteers` (`user_id`,`name`,`age`,`gender`,`contact_number`,`house_no`,`street`,`city`,`district`,`gn_division`) VALUES (882,'Kavisha Perera',54,'female','0796824103','154','Hill St','Athuraliya','Matara District','Athuraliya');
INSERT INTO `skills_volunteers` (`user_id`,`skill_id`) VALUES (882,1);
INSERT INTO `skills_volunteers` (`user_id`,`skill_id`) VALUES (882,4);
INSERT INTO `skills_volunteers` (`user_id`,`skill_id`) VALUES (882,5);
INSERT INTO `volunteer_preference_volunteers` (`user_id`,`preference_id`) VALUES (882,3);
INSERT INTO `volunteer_preference_volunteers` (`user_id`,`preference_id`) VALUES (882,7);
INSERT INTO `users` (`user_id`,`username`,`password_hash`,`email`,`role`,`active`) VALUES (883,'vol_athuraliya_5','$2y$10$iiFpvIL1hfaNBYMBhqKCYuge5zWIk4DisB4TvHrBlzmuo5fjfaKY6','vol.600@resqnet.local','volunteer',0);
INSERT INTO `volunteers` (`user_id`,`name`,`age`,`gender`,`contact_number`,`house_no`,`street`,`city`,`district`,`gn_division`) VALUES (883,'Nuwan Pathirana',21,'other','0745824613','92','Church Rd','Athuraliya','Matara District','Athuraliya');
INSERT INTO `skills_volunteers` (`user_id`,`skill_id`) VALUES (883,4);
INSERT INTO `volunteer_preference_volunteers` (`user_id`,`preference_id`) VALUES (883,4);
INSERT INTO `users` (`user_id`,`username`,`password_hash`,`email`,`role`,`active`) VALUES (884,'vol_akuressa_1','$2y$10$iiFpvIL1hfaNBYMBhqKCYuge5zWIk4DisB4TvHrBlzmuo5fjfaKY6','vol.601@resqnet.local','volunteer',1);
INSERT INTO `volunteers` (`user_id`,`name`,`age`,`gender`,`contact_number`,`house_no`,`street`,`city`,`district`,`gn_division`) VALUES (884,'Dasun Rathnayake',22,'male','0711331840','170','Main St','Akuressa','Matara District','Akuressa');
INSERT INTO `skills_volunteers` (`user_id`,`skill_id`) VALUES (884,3);
INSERT INTO `skills_volunteers` (`user_id`,`skill_id`) VALUES (884,4);
INSERT INTO `volunteer_preference_volunteers` (`user_id`,`preference_id`) VALUES (884,5);
INSERT INTO `volunteer_preference_volunteers` (`user_id`,`preference_id`) VALUES (884,6);
INSERT INTO `volunteer_preference_volunteers` (`user_id`,`preference_id`) VALUES (884,7);
INSERT INTO `users` (`user_id`,`username`,`password_hash`,`email`,`role`,`active`) VALUES (885,'vol_akuressa_2','$2y$10$iiFpvIL1hfaNBYMBhqKCYuge5zWIk4DisB4TvHrBlzmuo5fjfaKY6','vol.602@resqnet.local','volunteer',1);
INSERT INTO `volunteers` (`user_id`,`name`,`age`,`gender`,`contact_number`,`house_no`,`street`,`city`,`district`,`gn_division`) VALUES (885,'Hiruni Rathnayake',50,'female','0745978224','5','Temple Rd','Akuressa','Matara District','Akuressa');
INSERT INTO `skills_volunteers` (`user_id`,`skill_id`) VALUES (885,4);
INSERT INTO `volunteer_preference_volunteers` (`user_id`,`preference_id`) VALUES (885,2);
INSERT INTO `users` (`user_id`,`username`,`password_hash`,`email`,`role`,`active`) VALUES (886,'vol_akuressa_3','$2y$10$iiFpvIL1hfaNBYMBhqKCYuge5zWIk4DisB4TvHrBlzmuo5fjfaKY6','vol.603@resqnet.local','volunteer',1);
INSERT INTO `volunteers` (`user_id`,`name`,`age`,`gender`,`contact_number`,`house_no`,`street`,`city`,`district`,`gn_division`) VALUES (886,'Sahan Wickramasinghe',43,'other','0749155452','9','Main St','Akuressa','Matara District','Akuressa');
INSERT INTO `skills_volunteers` (`user_id`,`skill_id`) VALUES (886,4);
INSERT INTO `volunteer_preference_volunteers` (`user_id`,`preference_id`) VALUES (886,1);
INSERT INTO `volunteer_preference_volunteers` (`user_id`,`preference_id`) VALUES (886,8);
INSERT INTO `users` (`user_id`,`username`,`password_hash`,`email`,`role`,`active`) VALUES (887,'vol_akuressa_4','$2y$10$iiFpvIL1hfaNBYMBhqKCYuge5zWIk4DisB4TvHrBlzmuo5fjfaKY6','vol.604@resqnet.local','volunteer',1);
INSERT INTO `volunteers` (`user_id`,`name`,`age`,`gender`,`contact_number`,`house_no`,`street`,`city`,`district`,`gn_division`) VALUES (887,'Nimal Rathnayake',33,'male','0747632517','91','Station Rd','Akuressa','Matara District','Akuressa');
INSERT INTO `skills_volunteers` (`user_id`,`skill_id`) VALUES (887,2);
INSERT INTO `skills_volunteers` (`user_id`,`skill_id`) VALUES (887,4);
INSERT INTO `volunteer_preference_volunteers` (`user_id`,`preference_id`) VALUES (887,1);
INSERT INTO `users` (`user_id`,`username`,`password_hash`,`email`,`role`,`active`) VALUES (888,'vol_akuressa_5','$2y$10$iiFpvIL1hfaNBYMBhqKCYuge5zWIk4DisB4TvHrBlzmuo5fjfaKY6','vol.605@resqnet.local','volunteer',0);
INSERT INTO `volunteers` (`user_id`,`name`,`age`,`gender`,`contact_number`,`house_no`,`street`,`city`,`district`,`gn_division`) VALUES (888,'Pavithra Samarasinghe',33,'female','0739188715','121','Hill St','Akuressa','Matara District','Akuressa');
INSERT INTO `skills_volunteers` (`user_id`,`skill_id`) VALUES (888,2);
INSERT INTO `skills_volunteers` (`user_id`,`skill_id`) VALUES (888,5);
INSERT INTO `volunteer_preference_volunteers` (`user_id`,`preference_id`) VALUES (888,6);
INSERT INTO `users` (`user_id`,`username`,`password_hash`,`email`,`role`,`active`) VALUES (889,'vol_welipitiya_1','$2y$10$iiFpvIL1hfaNBYMBhqKCYuge5zWIk4DisB4TvHrBlzmuo5fjfaKY6','vol.606@resqnet.local','volunteer',1);
INSERT INTO `volunteers` (`user_id`,`name`,`age`,`gender`,`contact_number`,`house_no`,`street`,`city`,`district`,`gn_division`) VALUES (889,'Dinesh Pathirana',44,'other','0793540904','144','River Rd','Welipitiya','Matara District','Welipitiya');
INSERT INTO `skills_volunteers` (`user_id`,`skill_id`) VALUES (889,4);
INSERT INTO `volunteer_preference_volunteers` (`user_id`,`preference_id`) VALUES (889,1);
INSERT INTO `volunteer_preference_volunteers` (`user_id`,`preference_id`) VALUES (889,2);
INSERT INTO `volunteer_preference_volunteers` (`user_id`,`preference_id`) VALUES (889,3);
INSERT INTO `users` (`user_id`,`username`,`password_hash`,`email`,`role`,`active`) VALUES (890,'vol_welipitiya_2','$2y$10$iiFpvIL1hfaNBYMBhqKCYuge5zWIk4DisB4TvHrBlzmuo5fjfaKY6','vol.607@resqnet.local','volunteer',1);
INSERT INTO `volunteers` (`user_id`,`name`,`age`,`gender`,`contact_number`,`house_no`,`street`,`city`,`district`,`gn_division`) VALUES (890,'Ashan Rathnayake',40,'male','0771258608','30','School Ln','Welipitiya','Matara District','Welipitiya');
INSERT INTO `skills_volunteers` (`user_id`,`skill_id`) VALUES (890,1);
INSERT INTO `skills_volunteers` (`user_id`,`skill_id`) VALUES (890,4);
INSERT INTO `skills_volunteers` (`user_id`,`skill_id`) VALUES (890,6);
INSERT INTO `volunteer_preference_volunteers` (`user_id`,`preference_id`) VALUES (890,8);
INSERT INTO `users` (`user_id`,`username`,`password_hash`,`email`,`role`,`active`) VALUES (891,'vol_welipitiya_3','$2y$10$iiFpvIL1hfaNBYMBhqKCYuge5zWIk4DisB4TvHrBlzmuo5fjfaKY6','vol.608@resqnet.local','volunteer',1);
INSERT INTO `volunteers` (`user_id`,`name`,`age`,`gender`,`contact_number`,`house_no`,`street`,`city`,`district`,`gn_division`) VALUES (891,'Sanduni Samarasinghe',30,'female','0746511109','125','Garden Ln','Welipitiya','Matara District','Welipitiya');
INSERT INTO `skills_volunteers` (`user_id`,`skill_id`) VALUES (891,2);
INSERT INTO `skills_volunteers` (`user_id`,`skill_id`) VALUES (891,5);
INSERT INTO `volunteer_preference_volunteers` (`user_id`,`preference_id`) VALUES (891,1);
INSERT INTO `volunteer_preference_volunteers` (`user_id`,`preference_id`) VALUES (891,2);
INSERT INTO `volunteer_preference_volunteers` (`user_id`,`preference_id`) VALUES (891,8);
INSERT INTO `users` (`user_id`,`username`,`password_hash`,`email`,`role`,`active`) VALUES (892,'vol_welipitiya_4','$2y$10$iiFpvIL1hfaNBYMBhqKCYuge5zWIk4DisB4TvHrBlzmuo5fjfaKY6','vol.609@resqnet.local','volunteer',1);
INSERT INTO `volunteers` (`user_id`,`name`,`age`,`gender`,`contact_number`,`house_no`,`street`,`city`,`district`,`gn_division`) VALUES (892,'Sahan Wijesinghe',38,'other','0785547146','112','Hill St','Welipitiya','Matara District','Welipitiya');
INSERT INTO `skills_volunteers` (`user_id`,`skill_id`) VALUES (892,6);
INSERT INTO `volunteer_preference_volunteers` (`user_id`,`preference_id`) VALUES (892,4);
INSERT INTO `volunteer_preference_volunteers` (`user_id`,`preference_id`) VALUES (892,7);
INSERT INTO `volunteer_preference_volunteers` (`user_id`,`preference_id`) VALUES (892,8);
INSERT INTO `users` (`user_id`,`username`,`password_hash`,`email`,`role`,`active`) VALUES (893,'vol_welipitiya_5','$2y$10$iiFpvIL1hfaNBYMBhqKCYuge5zWIk4DisB4TvHrBlzmuo5fjfaKY6','vol.610@resqnet.local','volunteer',0);
INSERT INTO `volunteers` (`user_id`,`name`,`age`,`gender`,`contact_number`,`house_no`,`street`,`city`,`district`,`gn_division`) VALUES (893,'Amila Ekanayake',21,'male','0772715474','115','River Rd','Welipitiya','Matara District','Welipitiya');
INSERT INTO `skills_volunteers` (`user_id`,`skill_id`) VALUES (893,3);
INSERT INTO `skills_volunteers` (`user_id`,`skill_id`) VALUES (893,4);
INSERT INTO `skills_volunteers` (`user_id`,`skill_id`) VALUES (893,5);
INSERT INTO `volunteer_preference_volunteers` (`user_id`,`preference_id`) VALUES (893,6);
INSERT INTO `users` (`user_id`,`username`,`password_hash`,`email`,`role`,`active`) VALUES (894,'vol_malimbada_1','$2y$10$iiFpvIL1hfaNBYMBhqKCYuge5zWIk4DisB4TvHrBlzmuo5fjfaKY6','vol.611@resqnet.local','volunteer',1);
INSERT INTO `volunteers` (`user_id`,`name`,`age`,`gender`,`contact_number`,`house_no`,`street`,`city`,`district`,`gn_division`) VALUES (894,'Sachini Wickramasinghe',51,'female','0766835432','188','Hill St','Malimbada','Matara District','Malimbada');
INSERT INTO `skills_volunteers` (`user_id`,`skill_id`) VALUES (894,1);
INSERT INTO `skills_volunteers` (`user_id`,`skill_id`) VALUES (894,3);
INSERT INTO `skills_volunteers` (`user_id`,`skill_id`) VALUES (894,6);
INSERT INTO `volunteer_preference_volunteers` (`user_id`,`preference_id`) VALUES (894,2);
INSERT INTO `volunteer_preference_volunteers` (`user_id`,`preference_id`) VALUES (894,4);
INSERT INTO `volunteer_preference_volunteers` (`user_id`,`preference_id`) VALUES (894,7);
INSERT INTO `users` (`user_id`,`username`,`password_hash`,`email`,`role`,`active`) VALUES (895,'vol_malimbada_2','$2y$10$iiFpvIL1hfaNBYMBhqKCYuge5zWIk4DisB4TvHrBlzmuo5fjfaKY6','vol.612@resqnet.local','volunteer',1);
INSERT INTO `volunteers` (`user_id`,`name`,`age`,`gender`,`contact_number`,`house_no`,`street`,`city`,`district`,`gn_division`) VALUES (895,'Sahan Liyanage',32,'other','0747316558','80','Hill St','Malimbada','Matara District','Malimbada');
INSERT INTO `skills_volunteers` (`user_id`,`skill_id`) VALUES (895,4);
INSERT INTO `volunteer_preference_volunteers` (`user_id`,`preference_id`) VALUES (895,3);
INSERT INTO `volunteer_preference_volunteers` (`user_id`,`preference_id`) VALUES (895,4);
INSERT INTO `volunteer_preference_volunteers` (`user_id`,`preference_id`) VALUES (895,8);
INSERT INTO `users` (`user_id`,`username`,`password_hash`,`email`,`role`,`active`) VALUES (896,'vol_malimbada_3','$2y$10$iiFpvIL1hfaNBYMBhqKCYuge5zWIk4DisB4TvHrBlzmuo5fjfaKY6','vol.613@resqnet.local','volunteer',1);
INSERT INTO `volunteers` (`user_id`,`name`,`age`,`gender`,`contact_number`,`house_no`,`street`,`city`,`district`,`gn_division`) VALUES (896,'Malith Fernando',45,'male','0791123175','31','Lake Rd','Malimbada','Matara District','Malimbada');
INSERT INTO `skills_volunteers` (`user_id`,`skill_id`) VALUES (896,2);
INSERT INTO `skills_volunteers` (`user_id`,`skill_id`) VALUES (896,5);
INSERT INTO `skills_volunteers` (`user_id`,`skill_id`) VALUES (896,6);
INSERT INTO `volunteer_preference_volunteers` (`user_id`,`preference_id`) VALUES (896,3);
INSERT INTO `volunteer_preference_volunteers` (`user_id`,`preference_id`) VALUES (896,5);
INSERT INTO `volunteer_preference_volunteers` (`user_id`,`preference_id`) VALUES (896,6);
INSERT INTO `users` (`user_id`,`username`,`password_hash`,`email`,`role`,`active`) VALUES (897,'vol_malimbada_4','$2y$10$iiFpvIL1hfaNBYMBhqKCYuge5zWIk4DisB4TvHrBlzmuo5fjfaKY6','vol.614@resqnet.local','volunteer',1);
INSERT INTO `volunteers` (`user_id`,`name`,`age`,`gender`,`contact_number`,`house_no`,`street`,`city`,`district`,`gn_division`) VALUES (897,'Kavisha Mendis',25,'female','0767569307','124','Station Rd','Malimbada','Matara District','Malimbada');
INSERT INTO `skills_volunteers` (`user_id`,`skill_id`) VALUES (897,1);
INSERT INTO `skills_volunteers` (`user_id`,`skill_id`) VALUES (897,4);
INSERT INTO `skills_volunteers` (`user_id`,`skill_id`) VALUES (897,5);
INSERT INTO `volunteer_preference_volunteers` (`user_id`,`preference_id`) VALUES (897,6);
INSERT INTO `users` (`user_id`,`username`,`password_hash`,`email`,`role`,`active`) VALUES (898,'vol_malimbada_5','$2y$10$iiFpvIL1hfaNBYMBhqKCYuge5zWIk4DisB4TvHrBlzmuo5fjfaKY6','vol.615@resqnet.local','volunteer',0);
INSERT INTO `volunteers` (`user_id`,`name`,`age`,`gender`,`contact_number`,`house_no`,`street`,`city`,`district`,`gn_division`) VALUES (898,'Chaminda Perera',49,'other','0742293436','142','Market Rd','Malimbada','Matara District','Malimbada');
INSERT INTO `skills_volunteers` (`user_id`,`skill_id`) VALUES (898,4);
INSERT INTO `skills_volunteers` (`user_id`,`skill_id`) VALUES (898,5);
INSERT INTO `skills_volunteers` (`user_id`,`skill_id`) VALUES (898,6);
INSERT INTO `volunteer_preference_volunteers` (`user_id`,`preference_id`) VALUES (898,2);
INSERT INTO `volunteer_preference_volunteers` (`user_id`,`preference_id`) VALUES (898,5);
INSERT INTO `volunteer_preference_volunteers` (`user_id`,`preference_id`) VALUES (898,6);
INSERT INTO `users` (`user_id`,`username`,`password_hash`,`email`,`role`,`active`) VALUES (899,'vol_kamburupitiya_1','$2y$10$iiFpvIL1hfaNBYMBhqKCYuge5zWIk4DisB4TvHrBlzmuo5fjfaKY6','vol.616@resqnet.local','volunteer',1);
INSERT INTO `volunteers` (`user_id`,`name`,`age`,`gender`,`contact_number`,`house_no`,`street`,`city`,`district`,`gn_division`) VALUES (899,'Nimal Cooray',40,'male','0723216943','133','Temple Rd','Kamburupitiya','Matara District','Kamburupitiya');
INSERT INTO `skills_volunteers` (`user_id`,`skill_id`) VALUES (899,3);
INSERT INTO `skills_volunteers` (`user_id`,`skill_id`) VALUES (899,4);
INSERT INTO `volunteer_preference_volunteers` (`user_id`,`preference_id`) VALUES (899,8);
INSERT INTO `users` (`user_id`,`username`,`password_hash`,`email`,`role`,`active`) VALUES (900,'vol_kamburupitiya_2','$2y$10$iiFpvIL1hfaNBYMBhqKCYuge5zWIk4DisB4TvHrBlzmuo5fjfaKY6','vol.617@resqnet.local','volunteer',1);
INSERT INTO `volunteers` (`user_id`,`name`,`age`,`gender`,`contact_number`,`house_no`,`street`,`city`,`district`,`gn_division`) VALUES (900,'Tharushi Jayawardena',39,'female','0799669055','46','Temple Rd','Kamburupitiya','Matara District','Kamburupitiya');
INSERT INTO `skills_volunteers` (`user_id`,`skill_id`) VALUES (900,4);
INSERT INTO `skills_volunteers` (`user_id`,`skill_id`) VALUES (900,6);
INSERT INTO `volunteer_preference_volunteers` (`user_id`,`preference_id`) VALUES (900,1);
INSERT INTO `volunteer_preference_volunteers` (`user_id`,`preference_id`) VALUES (900,6);
INSERT INTO `users` (`user_id`,`username`,`password_hash`,`email`,`role`,`active`) VALUES (901,'vol_kamburupitiya_3','$2y$10$iiFpvIL1hfaNBYMBhqKCYuge5zWIk4DisB4TvHrBlzmuo5fjfaKY6','vol.618@resqnet.local','volunteer',1);
INSERT INTO `volunteers` (`user_id`,`name`,`age`,`gender`,`contact_number`,`house_no`,`street`,`city`,`district`,`gn_division`) VALUES (901,'Dinesh Dissanayake',24,'other','0712714067','150','Market Rd','Kamburupitiya','Matara District','Kamburupitiya');
INSERT INTO `skills_volunteers` (`user_id`,`skill_id`) VALUES (901,1);
INSERT INTO `skills_volunteers` (`user_id`,`skill_id`) VALUES (901,5);
INSERT INTO `skills_volunteers` (`user_id`,`skill_id`) VALUES (901,6);
INSERT INTO `volunteer_preference_volunteers` (`user_id`,`preference_id`) VALUES (901,8);
INSERT INTO `users` (`user_id`,`username`,`password_hash`,`email`,`role`,`active`) VALUES (902,'vol_kamburupitiya_4','$2y$10$iiFpvIL1hfaNBYMBhqKCYuge5zWIk4DisB4TvHrBlzmuo5fjfaKY6','vol.619@resqnet.local','volunteer',1);
INSERT INTO `volunteers` (`user_id`,`name`,`age`,`gender`,`contact_number`,`house_no`,`street`,`city`,`district`,`gn_division`) VALUES (902,'Sampath Jayawardena',39,'male','0730264244','47','Temple Rd','Kamburupitiya','Matara District','Kamburupitiya');
INSERT INTO `skills_volunteers` (`user_id`,`skill_id`) VALUES (902,2);
INSERT INTO `volunteer_preference_volunteers` (`user_id`,`preference_id`) VALUES (902,2);
INSERT INTO `volunteer_preference_volunteers` (`user_id`,`preference_id`) VALUES (902,3);
INSERT INTO `users` (`user_id`,`username`,`password_hash`,`email`,`role`,`active`) VALUES (903,'vol_kamburupitiya_5','$2y$10$iiFpvIL1hfaNBYMBhqKCYuge5zWIk4DisB4TvHrBlzmuo5fjfaKY6','vol.620@resqnet.local','volunteer',0);
INSERT INTO `volunteers` (`user_id`,`name`,`age`,`gender`,`contact_number`,`house_no`,`street`,`city`,`district`,`gn_division`) VALUES (903,'Dilhani Karunaratne',28,'female','0787919209','24','Temple Rd','Kamburupitiya','Matara District','Kamburupitiya');
INSERT INTO `skills_volunteers` (`user_id`,`skill_id`) VALUES (903,1);
INSERT INTO `volunteer_preference_volunteers` (`user_id`,`preference_id`) VALUES (903,4);
INSERT INTO `volunteer_preference_volunteers` (`user_id`,`preference_id`) VALUES (903,5);
INSERT INTO `volunteer_preference_volunteers` (`user_id`,`preference_id`) VALUES (903,6);
INSERT INTO `users` (`user_id`,`username`,`password_hash`,`email`,`role`,`active`) VALUES (904,'vol_hakmana_1','$2y$10$iiFpvIL1hfaNBYMBhqKCYuge5zWIk4DisB4TvHrBlzmuo5fjfaKY6','vol.621@resqnet.local','volunteer',1);
INSERT INTO `volunteers` (`user_id`,`name`,`age`,`gender`,`contact_number`,`house_no`,`street`,`city`,`district`,`gn_division`) VALUES (904,'Kamal Weerasinghe',30,'other','0733238078','188','Main St','Hakmana','Matara District','Hakmana');
INSERT INTO `skills_volunteers` (`user_id`,`skill_id`) VALUES (904,3);
INSERT INTO `volunteer_preference_volunteers` (`user_id`,`preference_id`) VALUES (904,2);
INSERT INTO `volunteer_preference_volunteers` (`user_id`,`preference_id`) VALUES (904,6);
INSERT INTO `volunteer_preference_volunteers` (`user_id`,`preference_id`) VALUES (904,8);
INSERT INTO `users` (`user_id`,`username`,`password_hash`,`email`,`role`,`active`) VALUES (905,'vol_hakmana_2','$2y$10$iiFpvIL1hfaNBYMBhqKCYuge5zWIk4DisB4TvHrBlzmuo5fjfaKY6','vol.622@resqnet.local','volunteer',1);
INSERT INTO `volunteers` (`user_id`,`name`,`age`,`gender`,`contact_number`,`house_no`,`street`,`city`,`district`,`gn_division`) VALUES (905,'Pradeep Karunaratne',44,'male','0758980135','197','River Rd','Hakmana','Matara District','Hakmana');
INSERT INTO `skills_volunteers` (`user_id`,`skill_id`) VALUES (905,2);
INSERT INTO `skills_volunteers` (`user_id`,`skill_id`) VALUES (905,3);
INSERT INTO `volunteer_preference_volunteers` (`user_id`,`preference_id`) VALUES (905,2);
INSERT INTO `volunteer_preference_volunteers` (`user_id`,`preference_id`) VALUES (905,7);
INSERT INTO `users` (`user_id`,`username`,`password_hash`,`email`,`role`,`active`) VALUES (906,'vol_hakmana_3','$2y$10$iiFpvIL1hfaNBYMBhqKCYuge5zWIk4DisB4TvHrBlzmuo5fjfaKY6','vol.623@resqnet.local','volunteer',1);
INSERT INTO `volunteers` (`user_id`,`name`,`age`,`gender`,`contact_number`,`house_no`,`street`,`city`,`district`,`gn_division`) VALUES (906,'Chamari Ekanayake',45,'female','0791010903','63','Garden Ln','Hakmana','Matara District','Hakmana');
INSERT INTO `skills_volunteers` (`user_id`,`skill_id`) VALUES (906,4);
INSERT INTO `skills_volunteers` (`user_id`,`skill_id`) VALUES (906,6);
INSERT INTO `volunteer_preference_volunteers` (`user_id`,`preference_id`) VALUES (906,5);
INSERT INTO `volunteer_preference_volunteers` (`user_id`,`preference_id`) VALUES (906,7);
INSERT INTO `volunteer_preference_volunteers` (`user_id`,`preference_id`) VALUES (906,8);
INSERT INTO `users` (`user_id`,`username`,`password_hash`,`email`,`role`,`active`) VALUES (907,'vol_hakmana_4','$2y$10$iiFpvIL1hfaNBYMBhqKCYuge5zWIk4DisB4TvHrBlzmuo5fjfaKY6','vol.624@resqnet.local','volunteer',1);
INSERT INTO `volunteers` (`user_id`,`name`,`age`,`gender`,`contact_number`,`house_no`,`street`,`city`,`district`,`gn_division`) VALUES (907,'Chaminda Dissanayake',35,'other','0791551524','184','Lake Rd','Hakmana','Matara District','Hakmana');
INSERT INTO `skills_volunteers` (`user_id`,`skill_id`) VALUES (907,2);
INSERT INTO `skills_volunteers` (`user_id`,`skill_id`) VALUES (907,4);
INSERT INTO `skills_volunteers` (`user_id`,`skill_id`) VALUES (907,6);
INSERT INTO `volunteer_preference_volunteers` (`user_id`,`preference_id`) VALUES (907,6);
INSERT INTO `users` (`user_id`,`username`,`password_hash`,`email`,`role`,`active`) VALUES (908,'vol_hakmana_5','$2y$10$iiFpvIL1hfaNBYMBhqKCYuge5zWIk4DisB4TvHrBlzmuo5fjfaKY6','vol.625@resqnet.local','volunteer',0);
INSERT INTO `volunteers` (`user_id`,`name`,`age`,`gender`,`contact_number`,`house_no`,`street`,`city`,`district`,`gn_division`) VALUES (908,'Sunil Weerasinghe',30,'male','0773297979','31','School Ln','Hakmana','Matara District','Hakmana');
INSERT INTO `skills_volunteers` (`user_id`,`skill_id`) VALUES (908,3);
INSERT INTO `skills_volunteers` (`user_id`,`skill_id`) VALUES (908,6);
INSERT INTO `volunteer_preference_volunteers` (`user_id`,`preference_id`) VALUES (908,1);
INSERT INTO `users` (`user_id`,`username`,`password_hash`,`email`,`role`,`active`) VALUES (909,'vol_kirinda_puhulwella_1','$2y$10$iiFpvIL1hfaNBYMBhqKCYuge5zWIk4DisB4TvHrBlzmuo5fjfaKY6','vol.626@resqnet.local','volunteer',1);
INSERT INTO `volunteers` (`user_id`,`name`,`age`,`gender`,`contact_number`,`house_no`,`street`,`city`,`district`,`gn_division`) VALUES (909,'Kumari Gunasekara',38,'female','0722818700','1','Church Rd','Kirinda-Puhulwella','Matara District','Kirinda-Puhulwella');
INSERT INTO `skills_volunteers` (`user_id`,`skill_id`) VALUES (909,1);
INSERT INTO `skills_volunteers` (`user_id`,`skill_id`) VALUES (909,2);
INSERT INTO `volunteer_preference_volunteers` (`user_id`,`preference_id`) VALUES (909,3);
INSERT INTO `users` (`user_id`,`username`,`password_hash`,`email`,`role`,`active`) VALUES (910,'vol_kirinda_puhulwella_2','$2y$10$iiFpvIL1hfaNBYMBhqKCYuge5zWIk4DisB4TvHrBlzmuo5fjfaKY6','vol.627@resqnet.local','volunteer',1);
INSERT INTO `volunteers` (`user_id`,`name`,`age`,`gender`,`contact_number`,`house_no`,`street`,`city`,`district`,`gn_division`) VALUES (910,'Sunil Samarasinghe',50,'other','0776495781','29','Market Rd','Kirinda-Puhulwella','Matara District','Kirinda-Puhulwella');
INSERT INTO `skills_volunteers` (`user_id`,`skill_id`) VALUES (910,1);
INSERT INTO `skills_volunteers` (`user_id`,`skill_id`) VALUES (910,2);
INSERT INTO `volunteer_preference_volunteers` (`user_id`,`preference_id`) VALUES (910,1);
INSERT INTO `volunteer_preference_volunteers` (`user_id`,`preference_id`) VALUES (910,2);
INSERT INTO `volunteer_preference_volunteers` (`user_id`,`preference_id`) VALUES (910,7);
INSERT INTO `users` (`user_id`,`username`,`password_hash`,`email`,`role`,`active`) VALUES (911,'vol_kirinda_puhulwella_3','$2y$10$iiFpvIL1hfaNBYMBhqKCYuge5zWIk4DisB4TvHrBlzmuo5fjfaKY6','vol.628@resqnet.local','volunteer',1);
INSERT INTO `volunteers` (`user_id`,`name`,`age`,`gender`,`contact_number`,`house_no`,`street`,`city`,`district`,`gn_division`) VALUES (911,'Ashan Perera',19,'male','0777629981','71','Station Rd','Kirinda-Puhulwella','Matara District','Kirinda-Puhulwella');
INSERT INTO `skills_volunteers` (`user_id`,`skill_id`) VALUES (911,2);
INSERT INTO `skills_volunteers` (`user_id`,`skill_id`) VALUES (911,5);
INSERT INTO `volunteer_preference_volunteers` (`user_id`,`preference_id`) VALUES (911,5);
INSERT INTO `volunteer_preference_volunteers` (`user_id`,`preference_id`) VALUES (911,6);
INSERT INTO `users` (`user_id`,`username`,`password_hash`,`email`,`role`,`active`) VALUES (912,'vol_kirinda_puhulwella_4','$2y$10$iiFpvIL1hfaNBYMBhqKCYuge5zWIk4DisB4TvHrBlzmuo5fjfaKY6','vol.629@resqnet.local','volunteer',1);
INSERT INTO `volunteers` (`user_id`,`name`,`age`,`gender`,`contact_number`,`house_no`,`street`,`city`,`district`,`gn_division`) VALUES (912,'Chamari Karunaratne',28,'female','0744984959','198','Hill St','Kirinda-Puhulwella','Matara District','Kirinda-Puhulwella');
INSERT INTO `skills_volunteers` (`user_id`,`skill_id`) VALUES (912,3);
INSERT INTO `skills_volunteers` (`user_id`,`skill_id`) VALUES (912,6);
INSERT INTO `volunteer_preference_volunteers` (`user_id`,`preference_id`) VALUES (912,3);
INSERT INTO `volunteer_preference_volunteers` (`user_id`,`preference_id`) VALUES (912,6);
INSERT INTO `users` (`user_id`,`username`,`password_hash`,`email`,`role`,`active`) VALUES (913,'vol_kirinda_puhulwella_5','$2y$10$iiFpvIL1hfaNBYMBhqKCYuge5zWIk4DisB4TvHrBlzmuo5fjfaKY6','vol.630@resqnet.local','volunteer',0);
INSERT INTO `volunteers` (`user_id`,`name`,`age`,`gender`,`contact_number`,`house_no`,`street`,`city`,`district`,`gn_division`) VALUES (913,'Nuwan Ekanayake',41,'other','0773869801','51','Church Rd','Kirinda-Puhulwella','Matara District','Kirinda-Puhulwella');
INSERT INTO `skills_volunteers` (`user_id`,`skill_id`) VALUES (913,5);
INSERT INTO `volunteer_preference_volunteers` (`user_id`,`preference_id`) VALUES (913,8);
INSERT INTO `users` (`user_id`,`username`,`password_hash`,`email`,`role`,`active`) VALUES (914,'vol_thihagoda_1','$2y$10$iiFpvIL1hfaNBYMBhqKCYuge5zWIk4DisB4TvHrBlzmuo5fjfaKY6','vol.631@resqnet.local','volunteer',1);
INSERT INTO `volunteers` (`user_id`,`name`,`age`,`gender`,`contact_number`,`house_no`,`street`,`city`,`district`,`gn_division`) VALUES (914,'Ishan Rathnayake',54,'male','0716525383','102','River Rd','Thihagoda','Matara District','Thihagoda');
INSERT INTO `skills_volunteers` (`user_id`,`skill_id`) VALUES (914,1);
INSERT INTO `skills_volunteers` (`user_id`,`skill_id`) VALUES (914,3);
INSERT INTO `skills_volunteers` (`user_id`,`skill_id`) VALUES (914,4);
INSERT INTO `volunteer_preference_volunteers` (`user_id`,`preference_id`) VALUES (914,1);
INSERT INTO `volunteer_preference_volunteers` (`user_id`,`preference_id`) VALUES (914,3);
INSERT INTO `users` (`user_id`,`username`,`password_hash`,`email`,`role`,`active`) VALUES (915,'vol_thihagoda_2','$2y$10$iiFpvIL1hfaNBYMBhqKCYuge5zWIk4DisB4TvHrBlzmuo5fjfaKY6','vol.632@resqnet.local','volunteer',1);
INSERT INTO `volunteers` (`user_id`,`name`,`age`,`gender`,`contact_number`,`house_no`,`street`,`city`,`district`,`gn_division`) VALUES (915,'Sewwandi Weerasinghe',55,'female','0793114045','30','Lake Rd','Thihagoda','Matara District','Thihagoda');
INSERT INTO `skills_volunteers` (`user_id`,`skill_id`) VALUES (915,2);
INSERT INTO `skills_volunteers` (`user_id`,`skill_id`) VALUES (915,3);
INSERT INTO `volunteer_preference_volunteers` (`user_id`,`preference_id`) VALUES (915,7);
INSERT INTO `users` (`user_id`,`username`,`password_hash`,`email`,`role`,`active`) VALUES (916,'vol_thihagoda_3','$2y$10$iiFpvIL1hfaNBYMBhqKCYuge5zWIk4DisB4TvHrBlzmuo5fjfaKY6','vol.633@resqnet.local','volunteer',1);
INSERT INTO `volunteers` (`user_id`,`name`,`age`,`gender`,`contact_number`,`house_no`,`street`,`city`,`district`,`gn_division`) VALUES (916,'Nuwan Perera',22,'other','0769832296','172','Lake Rd','Thihagoda','Matara District','Thihagoda');
INSERT INTO `skills_volunteers` (`user_id`,`skill_id`) VALUES (916,3);
INSERT INTO `skills_volunteers` (`user_id`,`skill_id`) VALUES (916,4);
INSERT INTO `volunteer_preference_volunteers` (`user_id`,`preference_id`) VALUES (916,1);
INSERT INTO `volunteer_preference_volunteers` (`user_id`,`preference_id`) VALUES (916,3);
INSERT INTO `users` (`user_id`,`username`,`password_hash`,`email`,`role`,`active`) VALUES (917,'vol_thihagoda_4','$2y$10$iiFpvIL1hfaNBYMBhqKCYuge5zWIk4DisB4TvHrBlzmuo5fjfaKY6','vol.634@resqnet.local','volunteer',1);
INSERT INTO `volunteers` (`user_id`,`name`,`age`,`gender`,`contact_number`,`house_no`,`street`,`city`,`district`,`gn_division`) VALUES (917,'Nuwan Weerasinghe',20,'male','0731675069','177','Garden Ln','Thihagoda','Matara District','Thihagoda');
INSERT INTO `skills_volunteers` (`user_id`,`skill_id`) VALUES (917,4);
INSERT INTO `volunteer_preference_volunteers` (`user_id`,`preference_id`) VALUES (917,6);
INSERT INTO `volunteer_preference_volunteers` (`user_id`,`preference_id`) VALUES (917,7);
INSERT INTO `users` (`user_id`,`username`,`password_hash`,`email`,`role`,`active`) VALUES (918,'vol_thihagoda_5','$2y$10$iiFpvIL1hfaNBYMBhqKCYuge5zWIk4DisB4TvHrBlzmuo5fjfaKY6','vol.635@resqnet.local','volunteer',0);
INSERT INTO `volunteers` (`user_id`,`name`,`age`,`gender`,`contact_number`,`house_no`,`street`,`city`,`district`,`gn_division`) VALUES (918,'Sachini Jayawardena',54,'female','0789365122','102','Station Rd','Thihagoda','Matara District','Thihagoda');
INSERT INTO `skills_volunteers` (`user_id`,`skill_id`) VALUES (918,1);
INSERT INTO `skills_volunteers` (`user_id`,`skill_id`) VALUES (918,3);
INSERT INTO `volunteer_preference_volunteers` (`user_id`,`preference_id`) VALUES (918,3);
INSERT INTO `users` (`user_id`,`username`,`password_hash`,`email`,`role`,`active`) VALUES (919,'vol_weligama_1','$2y$10$iiFpvIL1hfaNBYMBhqKCYuge5zWIk4DisB4TvHrBlzmuo5fjfaKY6','vol.636@resqnet.local','volunteer',1);
INSERT INTO `volunteers` (`user_id`,`name`,`age`,`gender`,`contact_number`,`house_no`,`street`,`city`,`district`,`gn_division`) VALUES (919,'Nuwan Ekanayake',30,'other','0789736349','56','Garden Ln','Weligama','Matara District','Weligama');
INSERT INTO `skills_volunteers` (`user_id`,`skill_id`) VALUES (919,3);
INSERT INTO `volunteer_preference_volunteers` (`user_id`,`preference_id`) VALUES (919,1);
INSERT INTO `volunteer_preference_volunteers` (`user_id`,`preference_id`) VALUES (919,5);
INSERT INTO `volunteer_preference_volunteers` (`user_id`,`preference_id`) VALUES (919,7);
INSERT INTO `users` (`user_id`,`username`,`password_hash`,`email`,`role`,`active`) VALUES (920,'vol_weligama_2','$2y$10$iiFpvIL1hfaNBYMBhqKCYuge5zWIk4DisB4TvHrBlzmuo5fjfaKY6','vol.637@resqnet.local','volunteer',1);
INSERT INTO `volunteers` (`user_id`,`name`,`age`,`gender`,`contact_number`,`house_no`,`street`,`city`,`district`,`gn_division`) VALUES (920,'Nuwan Ekanayake',41,'male','0754404710','77','River Rd','Weligama','Matara District','Weligama');
INSERT INTO `skills_volunteers` (`user_id`,`skill_id`) VALUES (920,3);
INSERT INTO `skills_volunteers` (`user_id`,`skill_id`) VALUES (920,5);
INSERT INTO `volunteer_preference_volunteers` (`user_id`,`preference_id`) VALUES (920,3);
INSERT INTO `volunteer_preference_volunteers` (`user_id`,`preference_id`) VALUES (920,4);
INSERT INTO `volunteer_preference_volunteers` (`user_id`,`preference_id`) VALUES (920,8);
INSERT INTO `users` (`user_id`,`username`,`password_hash`,`email`,`role`,`active`) VALUES (921,'vol_weligama_3','$2y$10$iiFpvIL1hfaNBYMBhqKCYuge5zWIk4DisB4TvHrBlzmuo5fjfaKY6','vol.638@resqnet.local','volunteer',1);
INSERT INTO `volunteers` (`user_id`,`name`,`age`,`gender`,`contact_number`,`house_no`,`street`,`city`,`district`,`gn_division`) VALUES (921,'Iresha Gunasekara',44,'female','0723544846','187','Lake Rd','Weligama','Matara District','Weligama');
INSERT INTO `skills_volunteers` (`user_id`,`skill_id`) VALUES (921,1);
INSERT INTO `volunteer_preference_volunteers` (`user_id`,`preference_id`) VALUES (921,7);
INSERT INTO `users` (`user_id`,`username`,`password_hash`,`email`,`role`,`active`) VALUES (922,'vol_weligama_4','$2y$10$iiFpvIL1hfaNBYMBhqKCYuge5zWIk4DisB4TvHrBlzmuo5fjfaKY6','vol.639@resqnet.local','volunteer',1);
INSERT INTO `volunteers` (`user_id`,`name`,`age`,`gender`,`contact_number`,`house_no`,`street`,`city`,`district`,`gn_division`) VALUES (922,'Kasun Samarasinghe',48,'other','0759073081','39','Temple Rd','Weligama','Matara District','Weligama');
INSERT INTO `skills_volunteers` (`user_id`,`skill_id`) VALUES (922,3);
INSERT INTO `skills_volunteers` (`user_id`,`skill_id`) VALUES (922,4);
INSERT INTO `volunteer_preference_volunteers` (`user_id`,`preference_id`) VALUES (922,2);
INSERT INTO `volunteer_preference_volunteers` (`user_id`,`preference_id`) VALUES (922,3);
INSERT INTO `volunteer_preference_volunteers` (`user_id`,`preference_id`) VALUES (922,7);
INSERT INTO `users` (`user_id`,`username`,`password_hash`,`email`,`role`,`active`) VALUES (923,'vol_weligama_5','$2y$10$iiFpvIL1hfaNBYMBhqKCYuge5zWIk4DisB4TvHrBlzmuo5fjfaKY6','vol.640@resqnet.local','volunteer',0);
INSERT INTO `volunteers` (`user_id`,`name`,`age`,`gender`,`contact_number`,`house_no`,`street`,`city`,`district`,`gn_division`) VALUES (923,'Dinesh Ekanayake',26,'male','0764008670','69','School Ln','Weligama','Matara District','Weligama');
INSERT INTO `skills_volunteers` (`user_id`,`skill_id`) VALUES (923,5);
INSERT INTO `volunteer_preference_volunteers` (`user_id`,`preference_id`) VALUES (923,4);
INSERT INTO `volunteer_preference_volunteers` (`user_id`,`preference_id`) VALUES (923,5);
INSERT INTO `volunteer_preference_volunteers` (`user_id`,`preference_id`) VALUES (923,7);
INSERT INTO `users` (`user_id`,`username`,`password_hash`,`email`,`role`,`active`) VALUES (924,'vol_matara_four_gravets_1','$2y$10$iiFpvIL1hfaNBYMBhqKCYuge5zWIk4DisB4TvHrBlzmuo5fjfaKY6','vol.641@resqnet.local','volunteer',1);
INSERT INTO `volunteers` (`user_id`,`name`,`age`,`gender`,`contact_number`,`house_no`,`street`,`city`,`district`,`gn_division`) VALUES (924,'Anusha Rathnayake',22,'female','0772450479','49','School Ln','Matara Four Gravets','Matara District','Matara Four Gravets');
INSERT INTO `skills_volunteers` (`user_id`,`skill_id`) VALUES (924,1);
INSERT INTO `skills_volunteers` (`user_id`,`skill_id`) VALUES (924,2);
INSERT INTO `skills_volunteers` (`user_id`,`skill_id`) VALUES (924,3);
INSERT INTO `volunteer_preference_volunteers` (`user_id`,`preference_id`) VALUES (924,4);
INSERT INTO `volunteer_preference_volunteers` (`user_id`,`preference_id`) VALUES (924,6);
INSERT INTO `users` (`user_id`,`username`,`password_hash`,`email`,`role`,`active`) VALUES (925,'vol_matara_four_gravets_2','$2y$10$iiFpvIL1hfaNBYMBhqKCYuge5zWIk4DisB4TvHrBlzmuo5fjfaKY6','vol.642@resqnet.local','volunteer',1);
INSERT INTO `volunteers` (`user_id`,`name`,`age`,`gender`,`contact_number`,`house_no`,`street`,`city`,`district`,`gn_division`) VALUES (925,'Amila Gunasekara',31,'other','0735609807','76','School Ln','Matara Four Gravets','Matara District','Matara Four Gravets');
INSERT INTO `skills_volunteers` (`user_id`,`skill_id`) VALUES (925,3);
INSERT INTO `skills_volunteers` (`user_id`,`skill_id`) VALUES (925,4);
INSERT INTO `volunteer_preference_volunteers` (`user_id`,`preference_id`) VALUES (925,8);
INSERT INTO `users` (`user_id`,`username`,`password_hash`,`email`,`role`,`active`) VALUES (926,'vol_matara_four_gravets_3','$2y$10$iiFpvIL1hfaNBYMBhqKCYuge5zWIk4DisB4TvHrBlzmuo5fjfaKY6','vol.643@resqnet.local','volunteer',1);
INSERT INTO `volunteers` (`user_id`,`name`,`age`,`gender`,`contact_number`,`house_no`,`street`,`city`,`district`,`gn_division`) VALUES (926,'Dinesh Herath',45,'male','0792741835','115','Main St','Matara Four Gravets','Matara District','Matara Four Gravets');
INSERT INTO `skills_volunteers` (`user_id`,`skill_id`) VALUES (926,2);
INSERT INTO `skills_volunteers` (`user_id`,`skill_id`) VALUES (926,3);
INSERT INTO `skills_volunteers` (`user_id`,`skill_id`) VALUES (926,4);
INSERT INTO `volunteer_preference_volunteers` (`user_id`,`preference_id`) VALUES (926,8);
INSERT INTO `users` (`user_id`,`username`,`password_hash`,`email`,`role`,`active`) VALUES (927,'vol_matara_four_gravets_4','$2y$10$iiFpvIL1hfaNBYMBhqKCYuge5zWIk4DisB4TvHrBlzmuo5fjfaKY6','vol.644@resqnet.local','volunteer',1);
INSERT INTO `volunteers` (`user_id`,`name`,`age`,`gender`,`contact_number`,`house_no`,`street`,`city`,`district`,`gn_division`) VALUES (927,'Gayani Dissanayake',18,'female','0713601107','73','Lake Rd','Matara Four Gravets','Matara District','Matara Four Gravets');
INSERT INTO `skills_volunteers` (`user_id`,`skill_id`) VALUES (927,1);
INSERT INTO `skills_volunteers` (`user_id`,`skill_id`) VALUES (927,4);
INSERT INTO `skills_volunteers` (`user_id`,`skill_id`) VALUES (927,5);
INSERT INTO `volunteer_preference_volunteers` (`user_id`,`preference_id`) VALUES (927,2);
INSERT INTO `volunteer_preference_volunteers` (`user_id`,`preference_id`) VALUES (927,4);
INSERT INTO `users` (`user_id`,`username`,`password_hash`,`email`,`role`,`active`) VALUES (928,'vol_matara_four_gravets_5','$2y$10$iiFpvIL1hfaNBYMBhqKCYuge5zWIk4DisB4TvHrBlzmuo5fjfaKY6','vol.645@resqnet.local','volunteer',0);
INSERT INTO `volunteers` (`user_id`,`name`,`age`,`gender`,`contact_number`,`house_no`,`street`,`city`,`district`,`gn_division`) VALUES (928,'Kamal Cooray',30,'other','0751375221','66','Main St','Matara Four Gravets','Matara District','Matara Four Gravets');
INSERT INTO `skills_volunteers` (`user_id`,`skill_id`) VALUES (928,1);
INSERT INTO `skills_volunteers` (`user_id`,`skill_id`) VALUES (928,2);
INSERT INTO `skills_volunteers` (`user_id`,`skill_id`) VALUES (928,3);
INSERT INTO `volunteer_preference_volunteers` (`user_id`,`preference_id`) VALUES (928,4);
INSERT INTO `users` (`user_id`,`username`,`password_hash`,`email`,`role`,`active`) VALUES (929,'vol_devinuwara_1','$2y$10$iiFpvIL1hfaNBYMBhqKCYuge5zWIk4DisB4TvHrBlzmuo5fjfaKY6','vol.646@resqnet.local','volunteer',1);
INSERT INTO `volunteers` (`user_id`,`name`,`age`,`gender`,`contact_number`,`house_no`,`street`,`city`,`district`,`gn_division`) VALUES (929,'Sahan Karunaratne',34,'male','0748541787','175','River Rd','Devinuwara','Matara District','Devinuwara');
INSERT INTO `skills_volunteers` (`user_id`,`skill_id`) VALUES (929,1);
INSERT INTO `skills_volunteers` (`user_id`,`skill_id`) VALUES (929,2);
INSERT INTO `skills_volunteers` (`user_id`,`skill_id`) VALUES (929,6);
INSERT INTO `volunteer_preference_volunteers` (`user_id`,`preference_id`) VALUES (929,1);
INSERT INTO `volunteer_preference_volunteers` (`user_id`,`preference_id`) VALUES (929,4);
INSERT INTO `volunteer_preference_volunteers` (`user_id`,`preference_id`) VALUES (929,8);
INSERT INTO `users` (`user_id`,`username`,`password_hash`,`email`,`role`,`active`) VALUES (930,'vol_devinuwara_2','$2y$10$iiFpvIL1hfaNBYMBhqKCYuge5zWIk4DisB4TvHrBlzmuo5fjfaKY6','vol.647@resqnet.local','volunteer',1);
INSERT INTO `volunteers` (`user_id`,`name`,`age`,`gender`,`contact_number`,`house_no`,`street`,`city`,`district`,`gn_division`) VALUES (930,'Ayesha Wijesinghe',26,'female','0754378720','148','Station Rd','Devinuwara','Matara District','Devinuwara');
INSERT INTO `skills_volunteers` (`user_id`,`skill_id`) VALUES (930,1);
INSERT INTO `volunteer_preference_volunteers` (`user_id`,`preference_id`) VALUES (930,4);
INSERT INTO `users` (`user_id`,`username`,`password_hash`,`email`,`role`,`active`) VALUES (931,'vol_devinuwara_3','$2y$10$iiFpvIL1hfaNBYMBhqKCYuge5zWIk4DisB4TvHrBlzmuo5fjfaKY6','vol.648@resqnet.local','volunteer',1);
INSERT INTO `volunteers` (`user_id`,`name`,`age`,`gender`,`contact_number`,`house_no`,`street`,`city`,`district`,`gn_division`) VALUES (931,'Malith Pathirana',45,'other','0749161350','19','Main St','Devinuwara','Matara District','Devinuwara');
INSERT INTO `skills_volunteers` (`user_id`,`skill_id`) VALUES (931,1);
INSERT INTO `skills_volunteers` (`user_id`,`skill_id`) VALUES (931,3);
INSERT INTO `skills_volunteers` (`user_id`,`skill_id`) VALUES (931,4);
INSERT INTO `volunteer_preference_volunteers` (`user_id`,`preference_id`) VALUES (931,1);
INSERT INTO `volunteer_preference_volunteers` (`user_id`,`preference_id`) VALUES (931,2);
INSERT INTO `users` (`user_id`,`username`,`password_hash`,`email`,`role`,`active`) VALUES (932,'vol_devinuwara_4','$2y$10$iiFpvIL1hfaNBYMBhqKCYuge5zWIk4DisB4TvHrBlzmuo5fjfaKY6','vol.649@resqnet.local','volunteer',1);
INSERT INTO `volunteers` (`user_id`,`name`,`age`,`gender`,`contact_number`,`house_no`,`street`,`city`,`district`,`gn_division`) VALUES (932,'Dinesh Cooray',48,'male','0727884543','116','Garden Ln','Devinuwara','Matara District','Devinuwara');
INSERT INTO `skills_volunteers` (`user_id`,`skill_id`) VALUES (932,2);
INSERT INTO `skills_volunteers` (`user_id`,`skill_id`) VALUES (932,4);
INSERT INTO `volunteer_preference_volunteers` (`user_id`,`preference_id`) VALUES (932,2);
INSERT INTO `volunteer_preference_volunteers` (`user_id`,`preference_id`) VALUES (932,7);
INSERT INTO `users` (`user_id`,`username`,`password_hash`,`email`,`role`,`active`) VALUES (933,'vol_devinuwara_5','$2y$10$iiFpvIL1hfaNBYMBhqKCYuge5zWIk4DisB4TvHrBlzmuo5fjfaKY6','vol.650@resqnet.local','volunteer',0);
INSERT INTO `volunteers` (`user_id`,`name`,`age`,`gender`,`contact_number`,`house_no`,`street`,`city`,`district`,`gn_division`) VALUES (933,'Dilhani Cooray',21,'female','0735997231','37','Station Rd','Devinuwara','Matara District','Devinuwara');
INSERT INTO `skills_volunteers` (`user_id`,`skill_id`) VALUES (933,3);
INSERT INTO `skills_volunteers` (`user_id`,`skill_id`) VALUES (933,6);
INSERT INTO `volunteer_preference_volunteers` (`user_id`,`preference_id`) VALUES (933,3);
INSERT INTO `volunteer_preference_volunteers` (`user_id`,`preference_id`) VALUES (933,5);
INSERT INTO `users` (`user_id`,`username`,`password_hash`,`email`,`role`,`active`) VALUES (934,'vol_dickwella_1','$2y$10$iiFpvIL1hfaNBYMBhqKCYuge5zWIk4DisB4TvHrBlzmuo5fjfaKY6','vol.651@resqnet.local','volunteer',1);
INSERT INTO `volunteers` (`user_id`,`name`,`age`,`gender`,`contact_number`,`house_no`,`street`,`city`,`district`,`gn_division`) VALUES (934,'Ranjith Cooray',42,'other','0744208092','167','Hill St','Dickwella','Matara District','Dickwella');
INSERT INTO `skills_volunteers` (`user_id`,`skill_id`) VALUES (934,2);
INSERT INTO `skills_volunteers` (`user_id`,`skill_id`) VALUES (934,4);
INSERT INTO `skills_volunteers` (`user_id`,`skill_id`) VALUES (934,5);
INSERT INTO `volunteer_preference_volunteers` (`user_id`,`preference_id`) VALUES (934,1);
INSERT INTO `volunteer_preference_volunteers` (`user_id`,`preference_id`) VALUES (934,4);
INSERT INTO `volunteer_preference_volunteers` (`user_id`,`preference_id`) VALUES (934,8);
INSERT INTO `users` (`user_id`,`username`,`password_hash`,`email`,`role`,`active`) VALUES (935,'vol_dickwella_2','$2y$10$iiFpvIL1hfaNBYMBhqKCYuge5zWIk4DisB4TvHrBlzmuo5fjfaKY6','vol.652@resqnet.local','volunteer',1);
INSERT INTO `volunteers` (`user_id`,`name`,`age`,`gender`,`contact_number`,`house_no`,`street`,`city`,`district`,`gn_division`) VALUES (935,'Dasun Samarasinghe',45,'male','0713694842','38','Market Rd','Dickwella','Matara District','Dickwella');
INSERT INTO `skills_volunteers` (`user_id`,`skill_id`) VALUES (935,1);
INSERT INTO `skills_volunteers` (`user_id`,`skill_id`) VALUES (935,2);
INSERT INTO `skills_volunteers` (`user_id`,`skill_id`) VALUES (935,5);
INSERT INTO `volunteer_preference_volunteers` (`user_id`,`preference_id`) VALUES (935,6);
INSERT INTO `volunteer_preference_volunteers` (`user_id`,`preference_id`) VALUES (935,7);
INSERT INTO `volunteer_preference_volunteers` (`user_id`,`preference_id`) VALUES (935,8);
INSERT INTO `users` (`user_id`,`username`,`password_hash`,`email`,`role`,`active`) VALUES (936,'vol_dickwella_3','$2y$10$iiFpvIL1hfaNBYMBhqKCYuge5zWIk4DisB4TvHrBlzmuo5fjfaKY6','vol.653@resqnet.local','volunteer',1);
INSERT INTO `volunteers` (`user_id`,`name`,`age`,`gender`,`contact_number`,`house_no`,`street`,`city`,`district`,`gn_division`) VALUES (936,'Sachini Fernando',54,'female','0796977806','114','Main St','Dickwella','Matara District','Dickwella');
INSERT INTO `skills_volunteers` (`user_id`,`skill_id`) VALUES (936,1);
INSERT INTO `skills_volunteers` (`user_id`,`skill_id`) VALUES (936,2);
INSERT INTO `skills_volunteers` (`user_id`,`skill_id`) VALUES (936,6);
INSERT INTO `volunteer_preference_volunteers` (`user_id`,`preference_id`) VALUES (936,1);
INSERT INTO `volunteer_preference_volunteers` (`user_id`,`preference_id`) VALUES (936,6);
INSERT INTO `users` (`user_id`,`username`,`password_hash`,`email`,`role`,`active`) VALUES (937,'vol_dickwella_4','$2y$10$iiFpvIL1hfaNBYMBhqKCYuge5zWIk4DisB4TvHrBlzmuo5fjfaKY6','vol.654@resqnet.local','volunteer',1);
INSERT INTO `volunteers` (`user_id`,`name`,`age`,`gender`,`contact_number`,`house_no`,`street`,`city`,`district`,`gn_division`) VALUES (937,'Kamal Senanayake',25,'other','0724064369','37','Temple Rd','Dickwella','Matara District','Dickwella');
INSERT INTO `skills_volunteers` (`user_id`,`skill_id`) VALUES (937,4);
INSERT INTO `volunteer_preference_volunteers` (`user_id`,`preference_id`) VALUES (937,1);
INSERT INTO `users` (`user_id`,`username`,`password_hash`,`email`,`role`,`active`) VALUES (938,'vol_dickwella_5','$2y$10$iiFpvIL1hfaNBYMBhqKCYuge5zWIk4DisB4TvHrBlzmuo5fjfaKY6','vol.655@resqnet.local','volunteer',0);
INSERT INTO `volunteers` (`user_id`,`name`,`age`,`gender`,`contact_number`,`house_no`,`street`,`city`,`district`,`gn_division`) VALUES (938,'Lahiru Mendis',51,'male','0782434710','46','River Rd','Dickwella','Matara District','Dickwella');
INSERT INTO `skills_volunteers` (`user_id`,`skill_id`) VALUES (938,5);
INSERT INTO `skills_volunteers` (`user_id`,`skill_id`) VALUES (938,6);
INSERT INTO `volunteer_preference_volunteers` (`user_id`,`preference_id`) VALUES (938,1);
INSERT INTO `volunteer_preference_volunteers` (`user_id`,`preference_id`) VALUES (938,3);

-- Safe Locations (2 per district = 20, + extras = ~25)
INSERT INTO `safe_locations` (`location_id`,`location_name`,`address_house_no`,`address_street`,`address_city`,`district`,`gn_division`,`latitude`,`longitude`,`max_capacity`,`assigned_gn_user_id`) VALUES (1,'Colombo Relief Center','12','Lake Rd','Colombo','Colombo District','Colombo',7.875,80.579,422,2);
INSERT INTO `safe_locations` (`location_id`,`location_name`,`address_house_no`,`address_street`,`address_city`,`district`,`gn_division`,`latitude`,`longitude`,`max_capacity`,`assigned_gn_user_id`) VALUES (2,'Kolonnawa Relief Center','24','Main St','Kolonnawa','Colombo District','Kolonnawa',6.816,81.426,121,3);
INSERT INTO `safe_locations` (`location_id`,`location_name`,`address_house_no`,`address_street`,`address_city`,`district`,`gn_division`,`latitude`,`longitude`,`max_capacity`,`assigned_gn_user_id`) VALUES (3,'Nagalagam Street Mosque Hall','50','Main St','Nagalagam Street','Colombo District','Nagalagam Street',6.078,79.782,265,4);
INSERT INTO `safe_locations` (`location_id`,`location_name`,`address_house_no`,`address_street`,`address_city`,`district`,`gn_division`,`latitude`,`longitude`,`max_capacity`,`assigned_gn_user_id`) VALUES (4,'Negombo Community Center','18','Temple Rd','Negombo','Gampaha District','Negombo',6.476,81.178,311,17);
INSERT INTO `safe_locations` (`location_id`,`location_name`,`address_house_no`,`address_street`,`address_city`,`district`,`gn_division`,`latitude`,`longitude`,`max_capacity`,`assigned_gn_user_id`) VALUES (5,'Katana Public Shelter','48','Lake Rd','Katana','Gampaha District','Katana',7.853,81.15,359,18);
INSERT INTO `safe_locations` (`location_id`,`location_name`,`address_house_no`,`address_street`,`address_city`,`district`,`gn_division`,`latitude`,`longitude`,`max_capacity`,`assigned_gn_user_id`) VALUES (6,'Avissawella Relief Center','36','Lake Rd','Avissawella','Kalutara District','Avissawella',7.018,80.823,237,30);
INSERT INTO `safe_locations` (`location_id`,`location_name`,`address_house_no`,`address_street`,`address_city`,`district`,`gn_division`,`latitude`,`longitude`,`max_capacity`,`assigned_gn_user_id`) VALUES (7,'Glencourse Community Center','44','Temple Rd','Glencourse','Kalutara District','Glencourse',7.849,80.564,51,31);
INSERT INTO `safe_locations` (`location_id`,`location_name`,`address_house_no`,`address_street`,`address_city`,`district`,`gn_division`,`latitude`,`longitude`,`max_capacity`,`assigned_gn_user_id`) VALUES (8,'Thumpane Community Center','41','Temple Rd','Thumpane','Kandy District','Thumpane',6.96,80.335,290,46);
INSERT INTO `safe_locations` (`location_id`,`location_name`,`address_house_no`,`address_street`,`address_city`,`district`,`gn_division`,`latitude`,`longitude`,`max_capacity`,`assigned_gn_user_id`) VALUES (9,'Pujapitiya Community Hall','37','Lake Rd','Pujapitiya','Kandy District','Pujapitiya',6.634,79.537,286,47);
INSERT INTO `safe_locations` (`location_id`,`location_name`,`address_house_no`,`address_street`,`address_city`,`district`,`gn_division`,`latitude`,`longitude`,`max_capacity`,`assigned_gn_user_id`) VALUES (10,'Akurana Town Hall','15','Lake Rd','Akurana','Kandy District','Akurana',6.361,81.133,194,48);
INSERT INTO `safe_locations` (`location_id`,`location_name`,`address_house_no`,`address_street`,`address_city`,`district`,`gn_division`,`latitude`,`longitude`,`max_capacity`,`assigned_gn_user_id`) VALUES (11,'Deraniyagala Community Hall','7','Lake Rd','Deraniyagala','Kegalle District','Deraniyagala',7.264,80.758,413,69);
INSERT INTO `safe_locations` (`location_id`,`location_name`,`address_house_no`,`address_street`,`address_city`,`district`,`gn_division`,`latitude`,`longitude`,`max_capacity`,`assigned_gn_user_id`) VALUES (12,'Holombuwa Public Shelter','46','Lake Rd','Holombuwa','Kegalle District','Holombuwa',6.751,80.373,206,70);
INSERT INTO `safe_locations` (`location_id`,`location_name`,`address_house_no`,`address_street`,`address_city`,`district`,`gn_division`,`latitude`,`longitude`,`max_capacity`,`assigned_gn_user_id`) VALUES (13,'Rathnapura Relief Center','13','Main St','Rathnapura','Ratnapura District','Rathnapura',7.969,79.829,77,76);
INSERT INTO `safe_locations` (`location_id`,`location_name`,`address_house_no`,`address_street`,`address_city`,`district`,`gn_division`,`latitude`,`longitude`,`max_capacity`,`assigned_gn_user_id`) VALUES (14,'Ellagawa Church Hall','49','Main St','Ellagawa','Ratnapura District','Ellagawa',7.173,80.706,94,77);
INSERT INTO `safe_locations` (`location_id`,`location_name`,`address_house_no`,`address_street`,`address_city`,`district`,`gn_division`,`latitude`,`longitude`,`max_capacity`,`assigned_gn_user_id`) VALUES (15,'Manampitiya School Building','48','Main St','Manampitiya','Polonnaruwa District','Manampitiya',6.08,80.108,51,86);
INSERT INTO `safe_locations` (`location_id`,`location_name`,`address_house_no`,`address_street`,`address_city`,`district`,`gn_division`,`latitude`,`longitude`,`max_capacity`,`assigned_gn_user_id`) VALUES (16,'Dimbulagala School Building','19','Main St','Dimbulagala','Polonnaruwa District','Dimbulagala',6.265,80.795,330,87);
INSERT INTO `safe_locations` (`location_id`,`location_name`,`address_house_no`,`address_street`,`address_city`,`district`,`gn_division`,`latitude`,`longitude`,`max_capacity`,`assigned_gn_user_id`) VALUES (17,'Thaldena Mosque Hall','1','Lake Rd','Thaldena','Badulla District','Thaldena',7.865,80.513,133,92);
INSERT INTO `safe_locations` (`location_id`,`location_name`,`address_house_no`,`address_street`,`address_city`,`district`,`gn_division`,`latitude`,`longitude`,`max_capacity`,`assigned_gn_user_id`) VALUES (18,'Welimada School Building','9','Temple Rd','Welimada','Badulla District','Welimada',6.68,79.822,192,93);
INSERT INTO `safe_locations` (`location_id`,`location_name`,`address_house_no`,`address_street`,`address_city`,`district`,`gn_division`,`latitude`,`longitude`,`max_capacity`,`assigned_gn_user_id`) VALUES (19,'Bentota Community Center','15','Lake Rd','Bentota','Galle District','Bentota',6.422,80.486,110,98);
INSERT INTO `safe_locations` (`location_id`,`location_name`,`address_house_no`,`address_street`,`address_city`,`district`,`gn_division`,`latitude`,`longitude`,`max_capacity`,`assigned_gn_user_id`) VALUES (20,'Balapitiya Church Hall','6','Temple Rd','Balapitiya','Galle District','Balapitiya',7.05,80.846,318,99);
INSERT INTO `safe_locations` (`location_id`,`location_name`,`address_house_no`,`address_street`,`address_city`,`district`,`gn_division`,`latitude`,`longitude`,`max_capacity`,`assigned_gn_user_id`) VALUES (21,'Pitabeddara Church Hall','14','Temple Rd','Pitabeddara','Matara District','Pitabeddara',6.556,79.543,219,117);
INSERT INTO `safe_locations` (`location_id`,`location_name`,`address_house_no`,`address_street`,`address_city`,`district`,`gn_division`,`latitude`,`longitude`,`max_capacity`,`assigned_gn_user_id`) VALUES (22,'Kotapola Relief Center','7','Temple Rd','Kotapola','Matara District','Kotapola',7.244,80.551,395,118);

-- Safe Location Occupancy
INSERT INTO `safe_location_occupancy` (`location_id`,`toddlers`,`children`,`adults`,`elderly`,`pregnant_women`,`updated_by_user_id`) VALUES (1,12,23,29,7,4,2);
INSERT INTO `safe_location_occupancy` (`location_id`,`toddlers`,`children`,`adults`,`elderly`,`pregnant_women`,`updated_by_user_id`) VALUES (2,6,0,7,8,0,3);
INSERT INTO `safe_location_occupancy` (`location_id`,`toddlers`,`children`,`adults`,`elderly`,`pregnant_women`,`updated_by_user_id`) VALUES (3,14,24,50,10,4,4);
INSERT INTO `safe_location_occupancy` (`location_id`,`toddlers`,`children`,`adults`,`elderly`,`pregnant_women`,`updated_by_user_id`) VALUES (4,13,22,82,2,5,17);
INSERT INTO `safe_location_occupancy` (`location_id`,`toddlers`,`children`,`adults`,`elderly`,`pregnant_women`,`updated_by_user_id`) VALUES (5,15,13,92,7,1,18);
INSERT INTO `safe_location_occupancy` (`location_id`,`toddlers`,`children`,`adults`,`elderly`,`pregnant_women`,`updated_by_user_id`) VALUES (6,1,18,56,11,0,30);
INSERT INTO `safe_location_occupancy` (`location_id`,`toddlers`,`children`,`adults`,`elderly`,`pregnant_women`,`updated_by_user_id`) VALUES (7,11,9,73,6,2,31);
INSERT INTO `safe_location_occupancy` (`location_id`,`toddlers`,`children`,`adults`,`elderly`,`pregnant_women`,`updated_by_user_id`) VALUES (8,10,2,15,11,1,46);
INSERT INTO `safe_location_occupancy` (`location_id`,`toddlers`,`children`,`adults`,`elderly`,`pregnant_women`,`updated_by_user_id`) VALUES (9,11,1,20,19,2,47);
INSERT INTO `safe_location_occupancy` (`location_id`,`toddlers`,`children`,`adults`,`elderly`,`pregnant_women`,`updated_by_user_id`) VALUES (10,12,1,25,2,1,48);
INSERT INTO `safe_location_occupancy` (`location_id`,`toddlers`,`children`,`adults`,`elderly`,`pregnant_women`,`updated_by_user_id`) VALUES (11,7,22,58,4,5,69);
INSERT INTO `safe_location_occupancy` (`location_id`,`toddlers`,`children`,`adults`,`elderly`,`pregnant_women`,`updated_by_user_id`) VALUES (12,9,7,70,18,1,70);
INSERT INTO `safe_location_occupancy` (`location_id`,`toddlers`,`children`,`adults`,`elderly`,`pregnant_women`,`updated_by_user_id`) VALUES (13,13,11,8,18,5,76);
INSERT INTO `safe_location_occupancy` (`location_id`,`toddlers`,`children`,`adults`,`elderly`,`pregnant_women`,`updated_by_user_id`) VALUES (14,7,13,85,12,2,77);
INSERT INTO `safe_location_occupancy` (`location_id`,`toddlers`,`children`,`adults`,`elderly`,`pregnant_women`,`updated_by_user_id`) VALUES (15,0,18,80,11,2,86);
INSERT INTO `safe_location_occupancy` (`location_id`,`toddlers`,`children`,`adults`,`elderly`,`pregnant_women`,`updated_by_user_id`) VALUES (16,10,27,57,7,2,87);
INSERT INTO `safe_location_occupancy` (`location_id`,`toddlers`,`children`,`adults`,`elderly`,`pregnant_women`,`updated_by_user_id`) VALUES (17,6,28,30,17,4,92);
INSERT INTO `safe_location_occupancy` (`location_id`,`toddlers`,`children`,`adults`,`elderly`,`pregnant_women`,`updated_by_user_id`) VALUES (18,9,21,66,14,4,93);
INSERT INTO `safe_location_occupancy` (`location_id`,`toddlers`,`children`,`adults`,`elderly`,`pregnant_women`,`updated_by_user_id`) VALUES (19,1,19,24,9,3,98);
INSERT INTO `safe_location_occupancy` (`location_id`,`toddlers`,`children`,`adults`,`elderly`,`pregnant_women`,`updated_by_user_id`) VALUES (20,11,25,41,0,3,99);
INSERT INTO `safe_location_occupancy` (`location_id`,`toddlers`,`children`,`adults`,`elderly`,`pregnant_women`,`updated_by_user_id`) VALUES (21,10,5,15,1,3,117);
INSERT INTO `safe_location_occupancy` (`location_id`,`toddlers`,`children`,`adults`,`elderly`,`pregnant_women`,`updated_by_user_id`) VALUES (22,13,11,11,15,4,118);

-- Collection Points (3 per NGO for active NGOs)
INSERT INTO `collection_points` (`collection_point_id`,`ngo_id`,`name`,`address_house_no`,`address_street`,`address_city`,`district`,`gn_division`,`location_landmark`,`full_address`,`contact_person`,`contact_number`) VALUES (1,133,'South Collection Point','83','Hill St','Colombo','Colombo District','Colombo','Near Market','83, Hill St, Colombo','Amila Karunaratne','0743454933');
INSERT INTO `collection_points` (`collection_point_id`,`ngo_id`,`name`,`address_house_no`,`address_street`,`address_city`,`district`,`gn_division`,`location_landmark`,`full_address`,`contact_person`,`contact_number`) VALUES (2,133,'Main Collection Point','11','Lake Rd','Kolonnawa','Colombo District','Kolonnawa','Near School','11, Lake Rd, Kolonnawa','Amila Pathirana','0796969901');
INSERT INTO `collection_points` (`collection_point_id`,`ngo_id`,`name`,`address_house_no`,`address_street`,`address_city`,`district`,`gn_division`,`location_landmark`,`full_address`,`contact_person`,`contact_number`) VALUES (3,134,'Downtown Collection Point','51','Temple Rd','Colombo','Colombo District','Colombo','Town Center','51, Temple Rd, Colombo','Malith Dissanayake','0762192001');
INSERT INTO `collection_points` (`collection_point_id`,`ngo_id`,`name`,`address_house_no`,`address_street`,`address_city`,`district`,`gn_division`,`location_landmark`,`full_address`,`contact_person`,`contact_number`) VALUES (4,134,'West Collection Point','28','Main St','Kolonnawa','Colombo District','Kolonnawa','Near Temple','28, Main St, Kolonnawa','Sunil Fernando','0731562111');
INSERT INTO `collection_points` (`collection_point_id`,`ngo_id`,`name`,`address_house_no`,`address_street`,`address_city`,`district`,`gn_division`,`location_landmark`,`full_address`,`contact_person`,`contact_number`) VALUES (5,135,'North Collection Point','31','Temple Rd','Negombo','Gampaha District','Negombo','Near Temple','31, Temple Rd, Negombo','Ranjith Karunaratne','0750859164');
INSERT INTO `collection_points` (`collection_point_id`,`ngo_id`,`name`,`address_house_no`,`address_street`,`address_city`,`district`,`gn_division`,`location_landmark`,`full_address`,`contact_person`,`contact_number`) VALUES (6,135,'North Collection Point','84','Hill St','Katana','Gampaha District','Katana','Near Market','84, Hill St, Katana','Nuwan Cooray','0752140566');
INSERT INTO `collection_points` (`collection_point_id`,`ngo_id`,`name`,`address_house_no`,`address_street`,`address_city`,`district`,`gn_division`,`location_landmark`,`full_address`,`contact_person`,`contact_number`) VALUES (7,136,'South Collection Point','31','Main St','Negombo','Gampaha District','Negombo','Near Market','31, Main St, Negombo','Chaminda Rathnayake','0767205810');
INSERT INTO `collection_points` (`collection_point_id`,`ngo_id`,`name`,`address_house_no`,`address_street`,`address_city`,`district`,`gn_division`,`location_landmark`,`full_address`,`contact_person`,`contact_number`) VALUES (8,136,'West Collection Point','52','Hill St','Katana','Gampaha District','Katana','Near Temple','52, Hill St, Katana','Ishan Samarasinghe','0742551315');
INSERT INTO `collection_points` (`collection_point_id`,`ngo_id`,`name`,`address_house_no`,`address_street`,`address_city`,`district`,`gn_division`,`location_landmark`,`full_address`,`contact_person`,`contact_number`) VALUES (9,137,'Suburb Collection Point','33','Lake Rd','Avissawella','Kalutara District','Avissawella','Near Hospital','33, Lake Rd, Avissawella','Amila Weerasinghe','0752580587');
INSERT INTO `collection_points` (`collection_point_id`,`ngo_id`,`name`,`address_house_no`,`address_street`,`address_city`,`district`,`gn_division`,`location_landmark`,`full_address`,`contact_person`,`contact_number`) VALUES (10,137,'Main Collection Point','82','Main St','Glencourse','Kalutara District','Glencourse','Near Hospital','82, Main St, Glencourse','Dasun Cooray','0722327523');
INSERT INTO `collection_points` (`collection_point_id`,`ngo_id`,`name`,`address_house_no`,`address_street`,`address_city`,`district`,`gn_division`,`location_landmark`,`full_address`,`contact_person`,`contact_number`) VALUES (11,137,'South Collection Point','75','Station Rd','Panadura','Kalutara District','Panadura','Town Center','75, Station Rd, Panadura','Lahiru Perera','0729010903');
INSERT INTO `collection_points` (`collection_point_id`,`ngo_id`,`name`,`address_house_no`,`address_street`,`address_city`,`district`,`gn_division`,`location_landmark`,`full_address`,`contact_person`,`contact_number`) VALUES (12,138,'Central Collection Point','58','Lake Rd','Avissawella','Kalutara District','Avissawella','Near Hospital','58, Lake Rd, Avissawella','Nuwan Pathirana','0759466108');
INSERT INTO `collection_points` (`collection_point_id`,`ngo_id`,`name`,`address_house_no`,`address_street`,`address_city`,`district`,`gn_division`,`location_landmark`,`full_address`,`contact_person`,`contact_number`) VALUES (13,138,'East Collection Point','4','Temple Rd','Glencourse','Kalutara District','Glencourse','Near Market','4, Temple Rd, Glencourse','Kasun Gunasekara','0738084325');
INSERT INTO `collection_points` (`collection_point_id`,`ngo_id`,`name`,`address_house_no`,`address_street`,`address_city`,`district`,`gn_division`,`location_landmark`,`full_address`,`contact_person`,`contact_number`) VALUES (14,139,'Central Collection Point','22','Station Rd','Thumpane','Kandy District','Thumpane','Near Hospital','22, Station Rd, Thumpane','Dasun Senanayake','0717490204');
INSERT INTO `collection_points` (`collection_point_id`,`ngo_id`,`name`,`address_house_no`,`address_street`,`address_city`,`district`,`gn_division`,`location_landmark`,`full_address`,`contact_person`,`contact_number`) VALUES (15,139,'Main Collection Point','9','Temple Rd','Pujapitiya','Kandy District','Pujapitiya','Town Center','9, Temple Rd, Pujapitiya','Roshan Jayawardena','0793312040');
INSERT INTO `collection_points` (`collection_point_id`,`ngo_id`,`name`,`address_house_no`,`address_street`,`address_city`,`district`,`gn_division`,`location_landmark`,`full_address`,`contact_person`,`contact_number`) VALUES (16,139,'North Collection Point','90','Temple Rd','Akurana','Kandy District','Akurana','Near Hospital','90, Temple Rd, Akurana','Dinesh Herath','0766972465');
INSERT INTO `collection_points` (`collection_point_id`,`ngo_id`,`name`,`address_house_no`,`address_street`,`address_city`,`district`,`gn_division`,`location_landmark`,`full_address`,`contact_person`,`contact_number`) VALUES (17,140,'North Collection Point','63','Station Rd','Thumpane','Kandy District','Thumpane','Near Market','63, Station Rd, Thumpane','Roshan Rathnayake','0739822050');
INSERT INTO `collection_points` (`collection_point_id`,`ngo_id`,`name`,`address_house_no`,`address_street`,`address_city`,`district`,`gn_division`,`location_landmark`,`full_address`,`contact_person`,`contact_number`) VALUES (18,140,'East Collection Point','4','Station Rd','Pujapitiya','Kandy District','Pujapitiya','Near Temple','4, Station Rd, Pujapitiya','Malith Bandara','0786192461');
INSERT INTO `collection_points` (`collection_point_id`,`ngo_id`,`name`,`address_house_no`,`address_street`,`address_city`,`district`,`gn_division`,`location_landmark`,`full_address`,`contact_person`,`contact_number`) VALUES (19,140,'East Collection Point','44','Station Rd','Akurana','Kandy District','Akurana','Near School','44, Station Rd, Akurana','Chaminda Perera','0746523565');
INSERT INTO `collection_points` (`collection_point_id`,`ngo_id`,`name`,`address_house_no`,`address_street`,`address_city`,`district`,`gn_division`,`location_landmark`,`full_address`,`contact_person`,`contact_number`) VALUES (20,141,'East Collection Point','15','Hill St','Deraniyagala','Kegalle District','Deraniyagala','Near Hospital','15, Hill St, Deraniyagala','Nuwan Mendis','0740093418');
INSERT INTO `collection_points` (`collection_point_id`,`ngo_id`,`name`,`address_house_no`,`address_street`,`address_city`,`district`,`gn_division`,`location_landmark`,`full_address`,`contact_person`,`contact_number`) VALUES (21,141,'East Collection Point','93','Station Rd','Holombuwa','Kegalle District','Holombuwa','Town Center','93, Station Rd, Holombuwa','Ishan Dissanayake','0791027757');
INSERT INTO `collection_points` (`collection_point_id`,`ngo_id`,`name`,`address_house_no`,`address_street`,`address_city`,`district`,`gn_division`,`location_landmark`,`full_address`,`contact_person`,`contact_number`) VALUES (22,142,'West Collection Point','64','Station Rd','Deraniyagala','Kegalle District','Deraniyagala','Town Center','64, Station Rd, Deraniyagala','Chathura Mendis','0766450928');
INSERT INTO `collection_points` (`collection_point_id`,`ngo_id`,`name`,`address_house_no`,`address_street`,`address_city`,`district`,`gn_division`,`location_landmark`,`full_address`,`contact_person`,`contact_number`) VALUES (23,142,'North Collection Point','64','Station Rd','Holombuwa','Kegalle District','Holombuwa','Near School','64, Station Rd, Holombuwa','Tharaka Mendis','0759612263');
INSERT INTO `collection_points` (`collection_point_id`,`ngo_id`,`name`,`address_house_no`,`address_street`,`address_city`,`district`,`gn_division`,`location_landmark`,`full_address`,`contact_person`,`contact_number`) VALUES (24,142,'East Collection Point','58','Station Rd','Kithulgala','Kegalle District','Kithulgala','Town Center','58, Station Rd, Kithulgala','Roshan Samarasinghe','0760550817');
INSERT INTO `collection_points` (`collection_point_id`,`ngo_id`,`name`,`address_house_no`,`address_street`,`address_city`,`district`,`gn_division`,`location_landmark`,`full_address`,`contact_person`,`contact_number`) VALUES (25,143,'West Collection Point','15','Hill St','Rathnapura','Ratnapura District','Rathnapura','Near Hospital','15, Hill St, Rathnapura','Pradeep Wijesinghe','0714184584');
INSERT INTO `collection_points` (`collection_point_id`,`ngo_id`,`name`,`address_house_no`,`address_street`,`address_city`,`district`,`gn_division`,`location_landmark`,`full_address`,`contact_person`,`contact_number`) VALUES (26,143,'North Collection Point','28','Main St','Ellagawa','Ratnapura District','Ellagawa','Near Temple','28, Main St, Ellagawa','Roshan Herath','0727960015');
INSERT INTO `collection_points` (`collection_point_id`,`ngo_id`,`name`,`address_house_no`,`address_street`,`address_city`,`district`,`gn_division`,`location_landmark`,`full_address`,`contact_person`,`contact_number`) VALUES (27,144,'West Collection Point','22','Hill St','Rathnapura','Ratnapura District','Rathnapura','Near School','22, Hill St, Rathnapura','Nuwan Gunasekara','0714909330');
INSERT INTO `collection_points` (`collection_point_id`,`ngo_id`,`name`,`address_house_no`,`address_street`,`address_city`,`district`,`gn_division`,`location_landmark`,`full_address`,`contact_person`,`contact_number`) VALUES (28,144,'East Collection Point','18','Station Rd','Ellagawa','Ratnapura District','Ellagawa','Near Market','18, Station Rd, Ellagawa','Lahiru Herath','0711737436');
INSERT INTO `collection_points` (`collection_point_id`,`ngo_id`,`name`,`address_house_no`,`address_street`,`address_city`,`district`,`gn_division`,`location_landmark`,`full_address`,`contact_person`,`contact_number`) VALUES (29,144,'North Collection Point','50','Main St','Kalawellawa','Ratnapura District','Kalawellawa','Town Center','50, Main St, Kalawellawa','Ranjith Wijesinghe','0766225904');
INSERT INTO `collection_points` (`collection_point_id`,`ngo_id`,`name`,`address_house_no`,`address_street`,`address_city`,`district`,`gn_division`,`location_landmark`,`full_address`,`contact_person`,`contact_number`) VALUES (30,145,'West Collection Point','15','Temple Rd','Manampitiya','Polonnaruwa District','Manampitiya','Near Temple','15, Temple Rd, Manampitiya','Malith Senanayake','0736456257');
INSERT INTO `collection_points` (`collection_point_id`,`ngo_id`,`name`,`address_house_no`,`address_street`,`address_city`,`district`,`gn_division`,`location_landmark`,`full_address`,`contact_person`,`contact_number`) VALUES (31,145,'Central Collection Point','41','Lake Rd','Dimbulagala','Polonnaruwa District','Dimbulagala','Near School','41, Lake Rd, Dimbulagala','Dasun Cooray','0737000597');
INSERT INTO `collection_points` (`collection_point_id`,`ngo_id`,`name`,`address_house_no`,`address_street`,`address_city`,`district`,`gn_division`,`location_landmark`,`full_address`,`contact_person`,`contact_number`) VALUES (32,145,'South Collection Point','11','Hill St','Polonnaruwa','Polonnaruwa District','Polonnaruwa','Near Hospital','11, Hill St, Polonnaruwa','Pradeep Liyanage','0727792782');
INSERT INTO `collection_points` (`collection_point_id`,`ngo_id`,`name`,`address_house_no`,`address_street`,`address_city`,`district`,`gn_division`,`location_landmark`,`full_address`,`contact_person`,`contact_number`) VALUES (33,146,'Downtown Collection Point','63','Temple Rd','Manampitiya','Polonnaruwa District','Manampitiya','Near Hospital','63, Temple Rd, Manampitiya','Amila Samarasinghe','0754775993');
INSERT INTO `collection_points` (`collection_point_id`,`ngo_id`,`name`,`address_house_no`,`address_street`,`address_city`,`district`,`gn_division`,`location_landmark`,`full_address`,`contact_person`,`contact_number`) VALUES (34,146,'West Collection Point','79','Temple Rd','Dimbulagala','Polonnaruwa District','Dimbulagala','Town Center','79, Temple Rd, Dimbulagala','Amila Rathnayake','0780621981');
INSERT INTO `collection_points` (`collection_point_id`,`ngo_id`,`name`,`address_house_no`,`address_street`,`address_city`,`district`,`gn_division`,`location_landmark`,`full_address`,`contact_person`,`contact_number`) VALUES (35,147,'West Collection Point','24','Hill St','Thaldena','Badulla District','Thaldena','Near School','24, Hill St, Thaldena','Dinesh Dissanayake','0782602207');
INSERT INTO `collection_points` (`collection_point_id`,`ngo_id`,`name`,`address_house_no`,`address_street`,`address_city`,`district`,`gn_division`,`location_landmark`,`full_address`,`contact_person`,`contact_number`) VALUES (36,147,'South Collection Point','61','Lake Rd','Welimada','Badulla District','Welimada','Near Market','61, Lake Rd, Welimada','Sunil Gunasekara','0793231172');
INSERT INTO `collection_points` (`collection_point_id`,`ngo_id`,`name`,`address_house_no`,`address_street`,`address_city`,`district`,`gn_division`,`location_landmark`,`full_address`,`contact_person`,`contact_number`) VALUES (37,147,'Downtown Collection Point','6','Temple Rd','Badulla','Badulla District','Badulla','Near School','6, Temple Rd, Badulla','Nuwan Dissanayake','0750585964');

-- Inventory (items per collection point)
INSERT INTO `inventory` (`inventory_id`,`ngo_id`,`collection_point_id`,`item_id`,`quantity`) VALUES (1,133,1,1,89);
INSERT INTO `inventory` (`inventory_id`,`ngo_id`,`collection_point_id`,`item_id`,`quantity`) VALUES (2,133,1,2,94);
INSERT INTO `inventory` (`inventory_id`,`ngo_id`,`collection_point_id`,`item_id`,`quantity`) VALUES (3,133,1,8,154);
INSERT INTO `inventory` (`inventory_id`,`ngo_id`,`collection_point_id`,`item_id`,`quantity`) VALUES (4,133,1,12,48);
INSERT INTO `inventory` (`inventory_id`,`ngo_id`,`collection_point_id`,`item_id`,`quantity`) VALUES (5,133,1,13,64);
INSERT INTO `inventory` (`inventory_id`,`ngo_id`,`collection_point_id`,`item_id`,`quantity`) VALUES (6,133,1,16,170);
INSERT INTO `inventory` (`inventory_id`,`ngo_id`,`collection_point_id`,`item_id`,`quantity`) VALUES (7,133,2,1,74);
INSERT INTO `inventory` (`inventory_id`,`ngo_id`,`collection_point_id`,`item_id`,`quantity`) VALUES (8,133,2,4,40);
INSERT INTO `inventory` (`inventory_id`,`ngo_id`,`collection_point_id`,`item_id`,`quantity`) VALUES (9,133,2,10,99);
INSERT INTO `inventory` (`inventory_id`,`ngo_id`,`collection_point_id`,`item_id`,`quantity`) VALUES (10,133,2,12,99);
INSERT INTO `inventory` (`inventory_id`,`ngo_id`,`collection_point_id`,`item_id`,`quantity`) VALUES (11,133,2,14,33);
INSERT INTO `inventory` (`inventory_id`,`ngo_id`,`collection_point_id`,`item_id`,`quantity`) VALUES (12,133,2,15,78);
INSERT INTO `inventory` (`inventory_id`,`ngo_id`,`collection_point_id`,`item_id`,`quantity`) VALUES (13,133,2,17,121);
INSERT INTO `inventory` (`inventory_id`,`ngo_id`,`collection_point_id`,`item_id`,`quantity`) VALUES (14,133,2,18,6);
INSERT INTO `inventory` (`inventory_id`,`ngo_id`,`collection_point_id`,`item_id`,`quantity`) VALUES (15,134,3,1,76);
INSERT INTO `inventory` (`inventory_id`,`ngo_id`,`collection_point_id`,`item_id`,`quantity`) VALUES (16,134,3,2,47);
INSERT INTO `inventory` (`inventory_id`,`ngo_id`,`collection_point_id`,`item_id`,`quantity`) VALUES (17,134,3,11,117);
INSERT INTO `inventory` (`inventory_id`,`ngo_id`,`collection_point_id`,`item_id`,`quantity`) VALUES (18,134,3,12,49);
INSERT INTO `inventory` (`inventory_id`,`ngo_id`,`collection_point_id`,`item_id`,`quantity`) VALUES (19,134,3,14,185);
INSERT INTO `inventory` (`inventory_id`,`ngo_id`,`collection_point_id`,`item_id`,`quantity`) VALUES (20,134,3,15,90);
INSERT INTO `inventory` (`inventory_id`,`ngo_id`,`collection_point_id`,`item_id`,`quantity`) VALUES (21,134,4,1,43);
INSERT INTO `inventory` (`inventory_id`,`ngo_id`,`collection_point_id`,`item_id`,`quantity`) VALUES (22,134,4,2,119);
INSERT INTO `inventory` (`inventory_id`,`ngo_id`,`collection_point_id`,`item_id`,`quantity`) VALUES (23,134,4,3,34);
INSERT INTO `inventory` (`inventory_id`,`ngo_id`,`collection_point_id`,`item_id`,`quantity`) VALUES (24,134,4,5,151);
INSERT INTO `inventory` (`inventory_id`,`ngo_id`,`collection_point_id`,`item_id`,`quantity`) VALUES (25,134,4,7,170);
INSERT INTO `inventory` (`inventory_id`,`ngo_id`,`collection_point_id`,`item_id`,`quantity`) VALUES (26,134,4,11,129);
INSERT INTO `inventory` (`inventory_id`,`ngo_id`,`collection_point_id`,`item_id`,`quantity`) VALUES (27,134,4,15,50);
INSERT INTO `inventory` (`inventory_id`,`ngo_id`,`collection_point_id`,`item_id`,`quantity`) VALUES (28,134,4,21,123);
INSERT INTO `inventory` (`inventory_id`,`ngo_id`,`collection_point_id`,`item_id`,`quantity`) VALUES (29,135,5,4,183);
INSERT INTO `inventory` (`inventory_id`,`ngo_id`,`collection_point_id`,`item_id`,`quantity`) VALUES (30,135,5,6,119);
INSERT INTO `inventory` (`inventory_id`,`ngo_id`,`collection_point_id`,`item_id`,`quantity`) VALUES (31,135,5,10,169);
INSERT INTO `inventory` (`inventory_id`,`ngo_id`,`collection_point_id`,`item_id`,`quantity`) VALUES (32,135,5,11,4);
INSERT INTO `inventory` (`inventory_id`,`ngo_id`,`collection_point_id`,`item_id`,`quantity`) VALUES (33,135,5,13,52);
INSERT INTO `inventory` (`inventory_id`,`ngo_id`,`collection_point_id`,`item_id`,`quantity`) VALUES (34,135,6,5,16);
INSERT INTO `inventory` (`inventory_id`,`ngo_id`,`collection_point_id`,`item_id`,`quantity`) VALUES (35,135,6,7,125);
INSERT INTO `inventory` (`inventory_id`,`ngo_id`,`collection_point_id`,`item_id`,`quantity`) VALUES (36,135,6,8,51);
INSERT INTO `inventory` (`inventory_id`,`ngo_id`,`collection_point_id`,`item_id`,`quantity`) VALUES (37,135,6,10,7);
INSERT INTO `inventory` (`inventory_id`,`ngo_id`,`collection_point_id`,`item_id`,`quantity`) VALUES (38,135,6,11,68);
INSERT INTO `inventory` (`inventory_id`,`ngo_id`,`collection_point_id`,`item_id`,`quantity`) VALUES (39,135,6,15,79);
INSERT INTO `inventory` (`inventory_id`,`ngo_id`,`collection_point_id`,`item_id`,`quantity`) VALUES (40,135,6,20,15);
INSERT INTO `inventory` (`inventory_id`,`ngo_id`,`collection_point_id`,`item_id`,`quantity`) VALUES (41,135,6,21,108);
INSERT INTO `inventory` (`inventory_id`,`ngo_id`,`collection_point_id`,`item_id`,`quantity`) VALUES (42,136,7,1,153);
INSERT INTO `inventory` (`inventory_id`,`ngo_id`,`collection_point_id`,`item_id`,`quantity`) VALUES (43,136,7,5,127);
INSERT INTO `inventory` (`inventory_id`,`ngo_id`,`collection_point_id`,`item_id`,`quantity`) VALUES (44,136,7,7,86);
INSERT INTO `inventory` (`inventory_id`,`ngo_id`,`collection_point_id`,`item_id`,`quantity`) VALUES (45,136,7,9,89);
INSERT INTO `inventory` (`inventory_id`,`ngo_id`,`collection_point_id`,`item_id`,`quantity`) VALUES (46,136,7,10,22);
INSERT INTO `inventory` (`inventory_id`,`ngo_id`,`collection_point_id`,`item_id`,`quantity`) VALUES (47,136,7,11,129);
INSERT INTO `inventory` (`inventory_id`,`ngo_id`,`collection_point_id`,`item_id`,`quantity`) VALUES (48,136,7,18,110);
INSERT INTO `inventory` (`inventory_id`,`ngo_id`,`collection_point_id`,`item_id`,`quantity`) VALUES (49,136,8,1,18);
INSERT INTO `inventory` (`inventory_id`,`ngo_id`,`collection_point_id`,`item_id`,`quantity`) VALUES (50,136,8,5,128);
INSERT INTO `inventory` (`inventory_id`,`ngo_id`,`collection_point_id`,`item_id`,`quantity`) VALUES (51,136,8,8,71);
INSERT INTO `inventory` (`inventory_id`,`ngo_id`,`collection_point_id`,`item_id`,`quantity`) VALUES (52,136,8,11,56);
INSERT INTO `inventory` (`inventory_id`,`ngo_id`,`collection_point_id`,`item_id`,`quantity`) VALUES (53,136,8,14,141);
INSERT INTO `inventory` (`inventory_id`,`ngo_id`,`collection_point_id`,`item_id`,`quantity`) VALUES (54,136,8,18,131);
INSERT INTO `inventory` (`inventory_id`,`ngo_id`,`collection_point_id`,`item_id`,`quantity`) VALUES (55,136,8,20,78);
INSERT INTO `inventory` (`inventory_id`,`ngo_id`,`collection_point_id`,`item_id`,`quantity`) VALUES (56,136,8,22,51);
INSERT INTO `inventory` (`inventory_id`,`ngo_id`,`collection_point_id`,`item_id`,`quantity`) VALUES (57,137,9,1,82);
INSERT INTO `inventory` (`inventory_id`,`ngo_id`,`collection_point_id`,`item_id`,`quantity`) VALUES (58,137,9,6,38);
INSERT INTO `inventory` (`inventory_id`,`ngo_id`,`collection_point_id`,`item_id`,`quantity`) VALUES (59,137,9,8,83);
INSERT INTO `inventory` (`inventory_id`,`ngo_id`,`collection_point_id`,`item_id`,`quantity`) VALUES (60,137,9,9,129);
INSERT INTO `inventory` (`inventory_id`,`ngo_id`,`collection_point_id`,`item_id`,`quantity`) VALUES (61,137,9,15,5);
INSERT INTO `inventory` (`inventory_id`,`ngo_id`,`collection_point_id`,`item_id`,`quantity`) VALUES (62,137,9,20,96);
INSERT INTO `inventory` (`inventory_id`,`ngo_id`,`collection_point_id`,`item_id`,`quantity`) VALUES (63,137,10,4,35);
INSERT INTO `inventory` (`inventory_id`,`ngo_id`,`collection_point_id`,`item_id`,`quantity`) VALUES (64,137,10,9,27);
INSERT INTO `inventory` (`inventory_id`,`ngo_id`,`collection_point_id`,`item_id`,`quantity`) VALUES (65,137,10,19,118);
INSERT INTO `inventory` (`inventory_id`,`ngo_id`,`collection_point_id`,`item_id`,`quantity`) VALUES (66,137,10,20,4);
INSERT INTO `inventory` (`inventory_id`,`ngo_id`,`collection_point_id`,`item_id`,`quantity`) VALUES (67,137,10,21,142);
INSERT INTO `inventory` (`inventory_id`,`ngo_id`,`collection_point_id`,`item_id`,`quantity`) VALUES (68,137,10,22,81);
INSERT INTO `inventory` (`inventory_id`,`ngo_id`,`collection_point_id`,`item_id`,`quantity`) VALUES (69,137,11,3,0);
INSERT INTO `inventory` (`inventory_id`,`ngo_id`,`collection_point_id`,`item_id`,`quantity`) VALUES (70,137,11,4,184);
INSERT INTO `inventory` (`inventory_id`,`ngo_id`,`collection_point_id`,`item_id`,`quantity`) VALUES (71,137,11,14,194);
INSERT INTO `inventory` (`inventory_id`,`ngo_id`,`collection_point_id`,`item_id`,`quantity`) VALUES (72,137,11,17,11);
INSERT INTO `inventory` (`inventory_id`,`ngo_id`,`collection_point_id`,`item_id`,`quantity`) VALUES (73,137,11,19,190);
INSERT INTO `inventory` (`inventory_id`,`ngo_id`,`collection_point_id`,`item_id`,`quantity`) VALUES (74,138,12,2,81);
INSERT INTO `inventory` (`inventory_id`,`ngo_id`,`collection_point_id`,`item_id`,`quantity`) VALUES (75,138,12,4,180);
INSERT INTO `inventory` (`inventory_id`,`ngo_id`,`collection_point_id`,`item_id`,`quantity`) VALUES (76,138,12,8,126);
INSERT INTO `inventory` (`inventory_id`,`ngo_id`,`collection_point_id`,`item_id`,`quantity`) VALUES (77,138,12,15,139);
INSERT INTO `inventory` (`inventory_id`,`ngo_id`,`collection_point_id`,`item_id`,`quantity`) VALUES (78,138,12,19,118);
INSERT INTO `inventory` (`inventory_id`,`ngo_id`,`collection_point_id`,`item_id`,`quantity`) VALUES (79,138,13,2,82);
INSERT INTO `inventory` (`inventory_id`,`ngo_id`,`collection_point_id`,`item_id`,`quantity`) VALUES (80,138,13,3,121);
INSERT INTO `inventory` (`inventory_id`,`ngo_id`,`collection_point_id`,`item_id`,`quantity`) VALUES (81,138,13,6,41);
INSERT INTO `inventory` (`inventory_id`,`ngo_id`,`collection_point_id`,`item_id`,`quantity`) VALUES (82,138,13,12,177);
INSERT INTO `inventory` (`inventory_id`,`ngo_id`,`collection_point_id`,`item_id`,`quantity`) VALUES (83,138,13,14,106);
INSERT INTO `inventory` (`inventory_id`,`ngo_id`,`collection_point_id`,`item_id`,`quantity`) VALUES (84,138,13,19,93);
INSERT INTO `inventory` (`inventory_id`,`ngo_id`,`collection_point_id`,`item_id`,`quantity`) VALUES (85,139,14,1,112);
INSERT INTO `inventory` (`inventory_id`,`ngo_id`,`collection_point_id`,`item_id`,`quantity`) VALUES (86,139,14,2,143);
INSERT INTO `inventory` (`inventory_id`,`ngo_id`,`collection_point_id`,`item_id`,`quantity`) VALUES (87,139,14,4,46);
INSERT INTO `inventory` (`inventory_id`,`ngo_id`,`collection_point_id`,`item_id`,`quantity`) VALUES (88,139,14,8,103);
INSERT INTO `inventory` (`inventory_id`,`ngo_id`,`collection_point_id`,`item_id`,`quantity`) VALUES (89,139,14,13,20);
INSERT INTO `inventory` (`inventory_id`,`ngo_id`,`collection_point_id`,`item_id`,`quantity`) VALUES (90,139,14,15,27);
INSERT INTO `inventory` (`inventory_id`,`ngo_id`,`collection_point_id`,`item_id`,`quantity`) VALUES (91,139,14,16,109);
INSERT INTO `inventory` (`inventory_id`,`ngo_id`,`collection_point_id`,`item_id`,`quantity`) VALUES (92,139,15,2,111);
INSERT INTO `inventory` (`inventory_id`,`ngo_id`,`collection_point_id`,`item_id`,`quantity`) VALUES (93,139,15,3,26);
INSERT INTO `inventory` (`inventory_id`,`ngo_id`,`collection_point_id`,`item_id`,`quantity`) VALUES (94,139,15,4,197);
INSERT INTO `inventory` (`inventory_id`,`ngo_id`,`collection_point_id`,`item_id`,`quantity`) VALUES (95,139,15,8,159);
INSERT INTO `inventory` (`inventory_id`,`ngo_id`,`collection_point_id`,`item_id`,`quantity`) VALUES (96,139,15,12,195);
INSERT INTO `inventory` (`inventory_id`,`ngo_id`,`collection_point_id`,`item_id`,`quantity`) VALUES (97,139,15,14,197);
INSERT INTO `inventory` (`inventory_id`,`ngo_id`,`collection_point_id`,`item_id`,`quantity`) VALUES (98,139,15,20,145);
INSERT INTO `inventory` (`inventory_id`,`ngo_id`,`collection_point_id`,`item_id`,`quantity`) VALUES (99,139,15,21,17);
INSERT INTO `inventory` (`inventory_id`,`ngo_id`,`collection_point_id`,`item_id`,`quantity`) VALUES (100,139,16,5,117);
INSERT INTO `inventory` (`inventory_id`,`ngo_id`,`collection_point_id`,`item_id`,`quantity`) VALUES (101,139,16,7,86);
INSERT INTO `inventory` (`inventory_id`,`ngo_id`,`collection_point_id`,`item_id`,`quantity`) VALUES (102,139,16,8,184);
INSERT INTO `inventory` (`inventory_id`,`ngo_id`,`collection_point_id`,`item_id`,`quantity`) VALUES (103,139,16,11,100);
INSERT INTO `inventory` (`inventory_id`,`ngo_id`,`collection_point_id`,`item_id`,`quantity`) VALUES (104,139,16,12,93);
INSERT INTO `inventory` (`inventory_id`,`ngo_id`,`collection_point_id`,`item_id`,`quantity`) VALUES (105,139,16,20,133);
INSERT INTO `inventory` (`inventory_id`,`ngo_id`,`collection_point_id`,`item_id`,`quantity`) VALUES (106,139,16,21,166);
INSERT INTO `inventory` (`inventory_id`,`ngo_id`,`collection_point_id`,`item_id`,`quantity`) VALUES (107,140,17,1,92);
INSERT INTO `inventory` (`inventory_id`,`ngo_id`,`collection_point_id`,`item_id`,`quantity`) VALUES (108,140,17,2,188);
INSERT INTO `inventory` (`inventory_id`,`ngo_id`,`collection_point_id`,`item_id`,`quantity`) VALUES (109,140,17,4,150);
INSERT INTO `inventory` (`inventory_id`,`ngo_id`,`collection_point_id`,`item_id`,`quantity`) VALUES (110,140,17,19,55);
INSERT INTO `inventory` (`inventory_id`,`ngo_id`,`collection_point_id`,`item_id`,`quantity`) VALUES (111,140,17,20,162);
INSERT INTO `inventory` (`inventory_id`,`ngo_id`,`collection_point_id`,`item_id`,`quantity`) VALUES (112,140,18,1,9);
INSERT INTO `inventory` (`inventory_id`,`ngo_id`,`collection_point_id`,`item_id`,`quantity`) VALUES (113,140,18,5,71);
INSERT INTO `inventory` (`inventory_id`,`ngo_id`,`collection_point_id`,`item_id`,`quantity`) VALUES (114,140,18,6,126);
INSERT INTO `inventory` (`inventory_id`,`ngo_id`,`collection_point_id`,`item_id`,`quantity`) VALUES (115,140,18,16,54);
INSERT INTO `inventory` (`inventory_id`,`ngo_id`,`collection_point_id`,`item_id`,`quantity`) VALUES (116,140,18,19,16);
INSERT INTO `inventory` (`inventory_id`,`ngo_id`,`collection_point_id`,`item_id`,`quantity`) VALUES (117,140,18,21,152);
INSERT INTO `inventory` (`inventory_id`,`ngo_id`,`collection_point_id`,`item_id`,`quantity`) VALUES (118,140,19,5,113);
INSERT INTO `inventory` (`inventory_id`,`ngo_id`,`collection_point_id`,`item_id`,`quantity`) VALUES (119,140,19,12,68);
INSERT INTO `inventory` (`inventory_id`,`ngo_id`,`collection_point_id`,`item_id`,`quantity`) VALUES (120,140,19,15,41);
INSERT INTO `inventory` (`inventory_id`,`ngo_id`,`collection_point_id`,`item_id`,`quantity`) VALUES (121,140,19,18,169);
INSERT INTO `inventory` (`inventory_id`,`ngo_id`,`collection_point_id`,`item_id`,`quantity`) VALUES (122,140,19,21,137);
INSERT INTO `inventory` (`inventory_id`,`ngo_id`,`collection_point_id`,`item_id`,`quantity`) VALUES (123,140,19,22,164);
INSERT INTO `inventory` (`inventory_id`,`ngo_id`,`collection_point_id`,`item_id`,`quantity`) VALUES (124,141,20,3,177);
INSERT INTO `inventory` (`inventory_id`,`ngo_id`,`collection_point_id`,`item_id`,`quantity`) VALUES (125,141,20,4,41);
INSERT INTO `inventory` (`inventory_id`,`ngo_id`,`collection_point_id`,`item_id`,`quantity`) VALUES (126,141,20,14,147);
INSERT INTO `inventory` (`inventory_id`,`ngo_id`,`collection_point_id`,`item_id`,`quantity`) VALUES (127,141,20,18,163);
INSERT INTO `inventory` (`inventory_id`,`ngo_id`,`collection_point_id`,`item_id`,`quantity`) VALUES (128,141,20,19,45);
INSERT INTO `inventory` (`inventory_id`,`ngo_id`,`collection_point_id`,`item_id`,`quantity`) VALUES (129,141,20,22,16);
INSERT INTO `inventory` (`inventory_id`,`ngo_id`,`collection_point_id`,`item_id`,`quantity`) VALUES (130,141,21,2,124);
INSERT INTO `inventory` (`inventory_id`,`ngo_id`,`collection_point_id`,`item_id`,`quantity`) VALUES (131,141,21,3,93);
INSERT INTO `inventory` (`inventory_id`,`ngo_id`,`collection_point_id`,`item_id`,`quantity`) VALUES (132,141,21,11,193);
INSERT INTO `inventory` (`inventory_id`,`ngo_id`,`collection_point_id`,`item_id`,`quantity`) VALUES (133,141,21,12,51);
INSERT INTO `inventory` (`inventory_id`,`ngo_id`,`collection_point_id`,`item_id`,`quantity`) VALUES (134,141,21,16,27);
INSERT INTO `inventory` (`inventory_id`,`ngo_id`,`collection_point_id`,`item_id`,`quantity`) VALUES (135,141,21,20,84);
INSERT INTO `inventory` (`inventory_id`,`ngo_id`,`collection_point_id`,`item_id`,`quantity`) VALUES (136,141,21,22,7);
INSERT INTO `inventory` (`inventory_id`,`ngo_id`,`collection_point_id`,`item_id`,`quantity`) VALUES (137,142,22,3,200);
INSERT INTO `inventory` (`inventory_id`,`ngo_id`,`collection_point_id`,`item_id`,`quantity`) VALUES (138,142,22,5,159);
INSERT INTO `inventory` (`inventory_id`,`ngo_id`,`collection_point_id`,`item_id`,`quantity`) VALUES (139,142,22,9,132);
INSERT INTO `inventory` (`inventory_id`,`ngo_id`,`collection_point_id`,`item_id`,`quantity`) VALUES (140,142,22,13,98);
INSERT INTO `inventory` (`inventory_id`,`ngo_id`,`collection_point_id`,`item_id`,`quantity`) VALUES (141,142,22,15,187);
INSERT INTO `inventory` (`inventory_id`,`ngo_id`,`collection_point_id`,`item_id`,`quantity`) VALUES (142,142,22,18,102);
INSERT INTO `inventory` (`inventory_id`,`ngo_id`,`collection_point_id`,`item_id`,`quantity`) VALUES (143,142,22,19,101);
INSERT INTO `inventory` (`inventory_id`,`ngo_id`,`collection_point_id`,`item_id`,`quantity`) VALUES (144,142,22,22,43);
INSERT INTO `inventory` (`inventory_id`,`ngo_id`,`collection_point_id`,`item_id`,`quantity`) VALUES (145,142,23,3,74);
INSERT INTO `inventory` (`inventory_id`,`ngo_id`,`collection_point_id`,`item_id`,`quantity`) VALUES (146,142,23,9,120);
INSERT INTO `inventory` (`inventory_id`,`ngo_id`,`collection_point_id`,`item_id`,`quantity`) VALUES (147,142,23,16,189);
INSERT INTO `inventory` (`inventory_id`,`ngo_id`,`collection_point_id`,`item_id`,`quantity`) VALUES (148,142,23,18,21);
INSERT INTO `inventory` (`inventory_id`,`ngo_id`,`collection_point_id`,`item_id`,`quantity`) VALUES (149,142,23,20,42);
INSERT INTO `inventory` (`inventory_id`,`ngo_id`,`collection_point_id`,`item_id`,`quantity`) VALUES (150,142,24,4,16);
INSERT INTO `inventory` (`inventory_id`,`ngo_id`,`collection_point_id`,`item_id`,`quantity`) VALUES (151,142,24,5,147);
INSERT INTO `inventory` (`inventory_id`,`ngo_id`,`collection_point_id`,`item_id`,`quantity`) VALUES (152,142,24,17,74);
INSERT INTO `inventory` (`inventory_id`,`ngo_id`,`collection_point_id`,`item_id`,`quantity`) VALUES (153,142,24,21,130);
INSERT INTO `inventory` (`inventory_id`,`ngo_id`,`collection_point_id`,`item_id`,`quantity`) VALUES (154,142,24,22,179);
INSERT INTO `inventory` (`inventory_id`,`ngo_id`,`collection_point_id`,`item_id`,`quantity`) VALUES (155,143,25,5,34);
INSERT INTO `inventory` (`inventory_id`,`ngo_id`,`collection_point_id`,`item_id`,`quantity`) VALUES (156,143,25,14,50);
INSERT INTO `inventory` (`inventory_id`,`ngo_id`,`collection_point_id`,`item_id`,`quantity`) VALUES (157,143,25,18,66);
INSERT INTO `inventory` (`inventory_id`,`ngo_id`,`collection_point_id`,`item_id`,`quantity`) VALUES (158,143,25,19,73);
INSERT INTO `inventory` (`inventory_id`,`ngo_id`,`collection_point_id`,`item_id`,`quantity`) VALUES (159,143,25,20,146);
INSERT INTO `inventory` (`inventory_id`,`ngo_id`,`collection_point_id`,`item_id`,`quantity`) VALUES (160,143,25,22,94);
INSERT INTO `inventory` (`inventory_id`,`ngo_id`,`collection_point_id`,`item_id`,`quantity`) VALUES (161,143,26,1,91);
INSERT INTO `inventory` (`inventory_id`,`ngo_id`,`collection_point_id`,`item_id`,`quantity`) VALUES (162,143,26,5,28);
INSERT INTO `inventory` (`inventory_id`,`ngo_id`,`collection_point_id`,`item_id`,`quantity`) VALUES (163,143,26,6,110);
INSERT INTO `inventory` (`inventory_id`,`ngo_id`,`collection_point_id`,`item_id`,`quantity`) VALUES (164,143,26,9,5);
INSERT INTO `inventory` (`inventory_id`,`ngo_id`,`collection_point_id`,`item_id`,`quantity`) VALUES (165,143,26,13,34);
INSERT INTO `inventory` (`inventory_id`,`ngo_id`,`collection_point_id`,`item_id`,`quantity`) VALUES (166,143,26,14,97);
INSERT INTO `inventory` (`inventory_id`,`ngo_id`,`collection_point_id`,`item_id`,`quantity`) VALUES (167,143,26,18,101);
INSERT INTO `inventory` (`inventory_id`,`ngo_id`,`collection_point_id`,`item_id`,`quantity`) VALUES (168,143,26,22,97);
INSERT INTO `inventory` (`inventory_id`,`ngo_id`,`collection_point_id`,`item_id`,`quantity`) VALUES (169,144,27,1,123);
INSERT INTO `inventory` (`inventory_id`,`ngo_id`,`collection_point_id`,`item_id`,`quantity`) VALUES (170,144,27,2,114);
INSERT INTO `inventory` (`inventory_id`,`ngo_id`,`collection_point_id`,`item_id`,`quantity`) VALUES (171,144,27,11,165);
INSERT INTO `inventory` (`inventory_id`,`ngo_id`,`collection_point_id`,`item_id`,`quantity`) VALUES (172,144,27,12,189);
INSERT INTO `inventory` (`inventory_id`,`ngo_id`,`collection_point_id`,`item_id`,`quantity`) VALUES (173,144,27,14,29);
INSERT INTO `inventory` (`inventory_id`,`ngo_id`,`collection_point_id`,`item_id`,`quantity`) VALUES (174,144,27,15,128);
INSERT INTO `inventory` (`inventory_id`,`ngo_id`,`collection_point_id`,`item_id`,`quantity`) VALUES (175,144,27,18,44);
INSERT INTO `inventory` (`inventory_id`,`ngo_id`,`collection_point_id`,`item_id`,`quantity`) VALUES (176,144,27,21,113);
INSERT INTO `inventory` (`inventory_id`,`ngo_id`,`collection_point_id`,`item_id`,`quantity`) VALUES (177,144,28,1,58);
INSERT INTO `inventory` (`inventory_id`,`ngo_id`,`collection_point_id`,`item_id`,`quantity`) VALUES (178,144,28,4,57);
INSERT INTO `inventory` (`inventory_id`,`ngo_id`,`collection_point_id`,`item_id`,`quantity`) VALUES (179,144,28,5,39);
INSERT INTO `inventory` (`inventory_id`,`ngo_id`,`collection_point_id`,`item_id`,`quantity`) VALUES (180,144,28,9,184);
INSERT INTO `inventory` (`inventory_id`,`ngo_id`,`collection_point_id`,`item_id`,`quantity`) VALUES (181,144,28,16,67);
INSERT INTO `inventory` (`inventory_id`,`ngo_id`,`collection_point_id`,`item_id`,`quantity`) VALUES (182,144,29,8,54);
INSERT INTO `inventory` (`inventory_id`,`ngo_id`,`collection_point_id`,`item_id`,`quantity`) VALUES (183,144,29,11,198);
INSERT INTO `inventory` (`inventory_id`,`ngo_id`,`collection_point_id`,`item_id`,`quantity`) VALUES (184,144,29,13,98);
INSERT INTO `inventory` (`inventory_id`,`ngo_id`,`collection_point_id`,`item_id`,`quantity`) VALUES (185,144,29,15,63);
INSERT INTO `inventory` (`inventory_id`,`ngo_id`,`collection_point_id`,`item_id`,`quantity`) VALUES (186,144,29,16,181);
INSERT INTO `inventory` (`inventory_id`,`ngo_id`,`collection_point_id`,`item_id`,`quantity`) VALUES (187,144,29,18,196);
INSERT INTO `inventory` (`inventory_id`,`ngo_id`,`collection_point_id`,`item_id`,`quantity`) VALUES (188,145,30,10,15);
INSERT INTO `inventory` (`inventory_id`,`ngo_id`,`collection_point_id`,`item_id`,`quantity`) VALUES (189,145,30,13,60);
INSERT INTO `inventory` (`inventory_id`,`ngo_id`,`collection_point_id`,`item_id`,`quantity`) VALUES (190,145,30,17,76);
INSERT INTO `inventory` (`inventory_id`,`ngo_id`,`collection_point_id`,`item_id`,`quantity`) VALUES (191,145,30,19,155);
INSERT INTO `inventory` (`inventory_id`,`ngo_id`,`collection_point_id`,`item_id`,`quantity`) VALUES (192,145,30,21,166);
INSERT INTO `inventory` (`inventory_id`,`ngo_id`,`collection_point_id`,`item_id`,`quantity`) VALUES (193,145,31,1,103);
INSERT INTO `inventory` (`inventory_id`,`ngo_id`,`collection_point_id`,`item_id`,`quantity`) VALUES (194,145,31,2,170);
INSERT INTO `inventory` (`inventory_id`,`ngo_id`,`collection_point_id`,`item_id`,`quantity`) VALUES (195,145,31,4,61);
INSERT INTO `inventory` (`inventory_id`,`ngo_id`,`collection_point_id`,`item_id`,`quantity`) VALUES (196,145,31,6,10);
INSERT INTO `inventory` (`inventory_id`,`ngo_id`,`collection_point_id`,`item_id`,`quantity`) VALUES (197,145,31,10,11);
INSERT INTO `inventory` (`inventory_id`,`ngo_id`,`collection_point_id`,`item_id`,`quantity`) VALUES (198,145,31,14,130);
INSERT INTO `inventory` (`inventory_id`,`ngo_id`,`collection_point_id`,`item_id`,`quantity`) VALUES (199,145,31,15,105);
INSERT INTO `inventory` (`inventory_id`,`ngo_id`,`collection_point_id`,`item_id`,`quantity`) VALUES (200,145,31,17,22);
INSERT INTO `inventory` (`inventory_id`,`ngo_id`,`collection_point_id`,`item_id`,`quantity`) VALUES (201,145,32,1,184);
INSERT INTO `inventory` (`inventory_id`,`ngo_id`,`collection_point_id`,`item_id`,`quantity`) VALUES (202,145,32,4,132);
INSERT INTO `inventory` (`inventory_id`,`ngo_id`,`collection_point_id`,`item_id`,`quantity`) VALUES (203,145,32,9,100);
INSERT INTO `inventory` (`inventory_id`,`ngo_id`,`collection_point_id`,`item_id`,`quantity`) VALUES (204,145,32,15,183);
INSERT INTO `inventory` (`inventory_id`,`ngo_id`,`collection_point_id`,`item_id`,`quantity`) VALUES (205,145,32,18,184);
INSERT INTO `inventory` (`inventory_id`,`ngo_id`,`collection_point_id`,`item_id`,`quantity`) VALUES (206,145,32,22,101);
INSERT INTO `inventory` (`inventory_id`,`ngo_id`,`collection_point_id`,`item_id`,`quantity`) VALUES (207,146,33,6,85);
INSERT INTO `inventory` (`inventory_id`,`ngo_id`,`collection_point_id`,`item_id`,`quantity`) VALUES (208,146,33,8,125);
INSERT INTO `inventory` (`inventory_id`,`ngo_id`,`collection_point_id`,`item_id`,`quantity`) VALUES (209,146,33,10,139);
INSERT INTO `inventory` (`inventory_id`,`ngo_id`,`collection_point_id`,`item_id`,`quantity`) VALUES (210,146,33,15,73);
INSERT INTO `inventory` (`inventory_id`,`ngo_id`,`collection_point_id`,`item_id`,`quantity`) VALUES (211,146,33,17,154);
INSERT INTO `inventory` (`inventory_id`,`ngo_id`,`collection_point_id`,`item_id`,`quantity`) VALUES (212,146,33,19,76);
INSERT INTO `inventory` (`inventory_id`,`ngo_id`,`collection_point_id`,`item_id`,`quantity`) VALUES (213,146,33,20,53);
INSERT INTO `inventory` (`inventory_id`,`ngo_id`,`collection_point_id`,`item_id`,`quantity`) VALUES (214,146,33,21,111);
INSERT INTO `inventory` (`inventory_id`,`ngo_id`,`collection_point_id`,`item_id`,`quantity`) VALUES (215,146,34,2,88);
INSERT INTO `inventory` (`inventory_id`,`ngo_id`,`collection_point_id`,`item_id`,`quantity`) VALUES (216,146,34,13,119);
INSERT INTO `inventory` (`inventory_id`,`ngo_id`,`collection_point_id`,`item_id`,`quantity`) VALUES (217,146,34,18,136);
INSERT INTO `inventory` (`inventory_id`,`ngo_id`,`collection_point_id`,`item_id`,`quantity`) VALUES (218,146,34,19,123);
INSERT INTO `inventory` (`inventory_id`,`ngo_id`,`collection_point_id`,`item_id`,`quantity`) VALUES (219,146,34,21,39);
INSERT INTO `inventory` (`inventory_id`,`ngo_id`,`collection_point_id`,`item_id`,`quantity`) VALUES (220,147,35,3,91);
INSERT INTO `inventory` (`inventory_id`,`ngo_id`,`collection_point_id`,`item_id`,`quantity`) VALUES (221,147,35,10,170);
INSERT INTO `inventory` (`inventory_id`,`ngo_id`,`collection_point_id`,`item_id`,`quantity`) VALUES (222,147,35,19,28);
INSERT INTO `inventory` (`inventory_id`,`ngo_id`,`collection_point_id`,`item_id`,`quantity`) VALUES (223,147,35,20,2);
INSERT INTO `inventory` (`inventory_id`,`ngo_id`,`collection_point_id`,`item_id`,`quantity`) VALUES (224,147,35,22,29);
INSERT INTO `inventory` (`inventory_id`,`ngo_id`,`collection_point_id`,`item_id`,`quantity`) VALUES (225,147,36,1,151);
INSERT INTO `inventory` (`inventory_id`,`ngo_id`,`collection_point_id`,`item_id`,`quantity`) VALUES (226,147,36,3,13);
INSERT INTO `inventory` (`inventory_id`,`ngo_id`,`collection_point_id`,`item_id`,`quantity`) VALUES (227,147,36,4,177);
INSERT INTO `inventory` (`inventory_id`,`ngo_id`,`collection_point_id`,`item_id`,`quantity`) VALUES (228,147,36,5,180);
INSERT INTO `inventory` (`inventory_id`,`ngo_id`,`collection_point_id`,`item_id`,`quantity`) VALUES (229,147,36,9,31);
INSERT INTO `inventory` (`inventory_id`,`ngo_id`,`collection_point_id`,`item_id`,`quantity`) VALUES (230,147,36,10,39);
INSERT INTO `inventory` (`inventory_id`,`ngo_id`,`collection_point_id`,`item_id`,`quantity`) VALUES (231,147,36,11,119);
INSERT INTO `inventory` (`inventory_id`,`ngo_id`,`collection_point_id`,`item_id`,`quantity`) VALUES (232,147,36,22,196);
INSERT INTO `inventory` (`inventory_id`,`ngo_id`,`collection_point_id`,`item_id`,`quantity`) VALUES (233,147,37,4,135);
INSERT INTO `inventory` (`inventory_id`,`ngo_id`,`collection_point_id`,`item_id`,`quantity`) VALUES (234,147,37,6,98);
INSERT INTO `inventory` (`inventory_id`,`ngo_id`,`collection_point_id`,`item_id`,`quantity`) VALUES (235,147,37,11,150);
INSERT INTO `inventory` (`inventory_id`,`ngo_id`,`collection_point_id`,`item_id`,`quantity`) VALUES (236,147,37,12,74);
INSERT INTO `inventory` (`inventory_id`,`ngo_id`,`collection_point_id`,`item_id`,`quantity`) VALUES (237,147,37,19,146);

-- Disaster Reports (~80)
INSERT INTO `disaster_reports` (`report_id`,`user_id`,`reporter_name`,`contact_number`,`disaster_type`,`other_disaster_type`,`disaster_datetime`,`location`,`district`,`gn_division`,`proof_image_path`,`confirmation`,`status`,`description`,`verified_at`) VALUES (1,226,'Sahan Cooray','0786952691','Flood',NULL,'2025-09-30 22:18:52','Athuraliya area','Matara District','Athuraliya',NULL,1,'Pending','Reported Flood incident in Athuraliya area. Immediate assistance required.',NULL);
INSERT INTO `disaster_reports` (`report_id`,`user_id`,`reporter_name`,`contact_number`,`disaster_type`,`other_disaster_type`,`disaster_datetime`,`location`,`district`,`gn_division`,`proof_image_path`,`confirmation`,`status`,`description`,`verified_at`) VALUES (2,186,'Ashan Senanayake','0773061600','Flood',NULL,'2025-09-18 15:20:12','Polonnaruwa area','Polonnaruwa District','Polonnaruwa',NULL,1,'Pending','Reported Flood incident in Polonnaruwa area. Immediate assistance required.',NULL);
INSERT INTO `disaster_reports` (`report_id`,`user_id`,`reporter_name`,`contact_number`,`disaster_type`,`other_disaster_type`,`disaster_datetime`,`location`,`district`,`gn_division`,`proof_image_path`,`confirmation`,`status`,`description`,`verified_at`) VALUES (3,177,'Ashan Karunaratne','0753925262','Flood',NULL,'2025-10-02 17:34:04','Wattala area','Gampaha District','Wattala','uploads/disaster_proof/img_3.jpg',1,'Pending','Reported Flood incident in Wattala area. Immediate assistance required.',NULL);
INSERT INTO `disaster_reports` (`report_id`,`user_id`,`reporter_name`,`contact_number`,`disaster_type`,`other_disaster_type`,`disaster_datetime`,`location`,`district`,`gn_division`,`proof_image_path`,`confirmation`,`status`,`description`,`verified_at`) VALUES (4,179,'Sahan Weerasinghe','0798551853','Flood',NULL,'2026-01-19 22:56:07','Avissawella area','Kalutara District','Avissawella',NULL,1,'Pending','Reported Flood incident in Avissawella area. Immediate assistance required.',NULL);
INSERT INTO `disaster_reports` (`report_id`,`user_id`,`reporter_name`,`contact_number`,`disaster_type`,`other_disaster_type`,`disaster_datetime`,`location`,`district`,`gn_division`,`proof_image_path`,`confirmation`,`status`,`description`,`verified_at`) VALUES (5,257,'Ishan Jayawardena','0751403806','Flood',NULL,'2026-01-23 23:56:08','Agalawatta area','Kalutara District','Agalawatta',NULL,1,'Approved','Reported Flood incident in Agalawatta area. Immediate assistance required.','2025-09-04 20:21:52');
INSERT INTO `disaster_reports` (`report_id`,`user_id`,`reporter_name`,`contact_number`,`disaster_type`,`other_disaster_type`,`disaster_datetime`,`location`,`district`,`gn_division`,`proof_image_path`,`confirmation`,`status`,`description`,`verified_at`) VALUES (6,198,'Pradeep Rathnayake','0779931348','Flood',NULL,'2026-03-26 01:20:50','Sri Jayawardenepura Kotte area','Colombo District','Sri Jayawardenepura Kotte','uploads/disaster_proof/img_6.jpg',1,'Approved','Reported Flood incident in Sri Jayawardenepura Kotte area. Immediate assistance required.','2025-08-03 04:43:19');
INSERT INTO `disaster_reports` (`report_id`,`user_id`,`reporter_name`,`contact_number`,`disaster_type`,`other_disaster_type`,`disaster_datetime`,`location`,`district`,`gn_division`,`proof_image_path`,`confirmation`,`status`,`description`,`verified_at`) VALUES (7,214,'Chathura Wickramasinghe','0749883461','Flood',NULL,'2026-04-12 08:07:11','Avissawella area','Kalutara District','Avissawella',NULL,1,'Approved','Reported Flood incident in Avissawella area. Immediate assistance required.','2025-07-13 07:20:10');
INSERT INTO `disaster_reports` (`report_id`,`user_id`,`reporter_name`,`contact_number`,`disaster_type`,`other_disaster_type`,`disaster_datetime`,`location`,`district`,`gn_division`,`proof_image_path`,`confirmation`,`status`,`description`,`verified_at`) VALUES (8,261,'Ishan Karunaratne','0751652989','Flood',NULL,'2026-02-01 11:22:08','Kalawellawa area','Ratnapura District','Kalawellawa',NULL,1,'Approved','Reported Flood incident in Kalawellawa area. Immediate assistance required.','2025-10-25 04:03:14');
INSERT INTO `disaster_reports` (`report_id`,`user_id`,`reporter_name`,`contact_number`,`disaster_type`,`other_disaster_type`,`disaster_datetime`,`location`,`district`,`gn_division`,`proof_image_path`,`confirmation`,`status`,`description`,`verified_at`) VALUES (9,194,'Sampath Silva','0718371208','Flood',NULL,'2025-11-15 15:45:11','Divulapitiya area','Gampaha District','Divulapitiya','uploads/disaster_proof/img_9.jpg',1,'Rejected','Reported Flood incident in Divulapitiya area. Immediate assistance required.','2025-12-30 14:06:47');
INSERT INTO `disaster_reports` (`report_id`,`user_id`,`reporter_name`,`contact_number`,`disaster_type`,`other_disaster_type`,`disaster_datetime`,`location`,`district`,`gn_division`,`proof_image_path`,`confirmation`,`status`,`description`,`verified_at`) VALUES (10,263,'Ishan Jayawardena','0721058201','Flood',NULL,'2025-09-01 08:18:04','Welivitiya-Divithura area','Galle District','Welivitiya-Divithura',NULL,1,'Rejected','Reported Flood incident in Welivitiya-Divithura area. Immediate assistance required.','2025-11-04 03:42:30');
INSERT INTO `disaster_reports` (`report_id`,`user_id`,`reporter_name`,`contact_number`,`disaster_type`,`other_disaster_type`,`disaster_datetime`,`location`,`district`,`gn_division`,`proof_image_path`,`confirmation`,`status`,`description`,`verified_at`) VALUES (11,257,'Dinesh Silva','0787103635','Flood',NULL,'2025-10-04 21:46:02','Nagalagam Street area','Colombo District','Nagalagam Street',NULL,1,'Rejected','Reported Flood incident in Nagalagam Street area. Immediate assistance required.','2025-09-08 22:48:16');
INSERT INTO `disaster_reports` (`report_id`,`user_id`,`reporter_name`,`contact_number`,`disaster_type`,`other_disaster_type`,`disaster_datetime`,`location`,`district`,`gn_division`,`proof_image_path`,`confirmation`,`status`,`description`,`verified_at`) VALUES (12,198,'Sahan Samarasinghe','0766513975','Landslide',NULL,'2026-04-04 09:12:21','Kithulgala area','Kegalle District','Kithulgala','uploads/disaster_proof/img_12.jpg',1,'Pending','Reported Landslide incident in Kithulgala area. Immediate assistance required.',NULL);
INSERT INTO `disaster_reports` (`report_id`,`user_id`,`reporter_name`,`contact_number`,`disaster_type`,`other_disaster_type`,`disaster_datetime`,`location`,`district`,`gn_division`,`proof_image_path`,`confirmation`,`status`,`description`,`verified_at`) VALUES (13,208,'Pradeep Wijesinghe','0797459918','Landslide',NULL,'2025-11-09 20:07:50','Padukka area','Colombo District','Padukka',NULL,1,'Pending','Reported Landslide incident in Padukka area. Immediate assistance required.',NULL);
INSERT INTO `disaster_reports` (`report_id`,`user_id`,`reporter_name`,`contact_number`,`disaster_type`,`other_disaster_type`,`disaster_datetime`,`location`,`district`,`gn_division`,`proof_image_path`,`confirmation`,`status`,`description`,`verified_at`) VALUES (14,178,'Ishan Senanayake','0791447756','Landslide',NULL,'2025-09-28 12:16:14','Passara area','Badulla District','Passara',NULL,1,'Pending','Reported Landslide incident in Passara area. Immediate assistance required.',NULL);
INSERT INTO `disaster_reports` (`report_id`,`user_id`,`reporter_name`,`contact_number`,`disaster_type`,`other_disaster_type`,`disaster_datetime`,`location`,`district`,`gn_division`,`proof_image_path`,`confirmation`,`status`,`description`,`verified_at`) VALUES (15,155,'Pradeep Senanayake','0717777825','Landslide',NULL,'2025-07-20 05:55:05','Moratuwa area','Colombo District','Moratuwa','uploads/disaster_proof/img_15.jpg',1,'Pending','Reported Landslide incident in Moratuwa area. Immediate assistance required.',NULL);
INSERT INTO `disaster_reports` (`report_id`,`user_id`,`reporter_name`,`contact_number`,`disaster_type`,`other_disaster_type`,`disaster_datetime`,`location`,`district`,`gn_division`,`proof_image_path`,`confirmation`,`status`,`description`,`verified_at`) VALUES (16,275,'Kamal Liyanage','0721782094','Landslide',NULL,'2025-11-22 05:32:50','Matara Four Gravets area','Matara District','Matara Four Gravets',NULL,1,'Pending','Reported Landslide incident in Matara Four Gravets area. Immediate assistance required.',NULL);
INSERT INTO `disaster_reports` (`report_id`,`user_id`,`reporter_name`,`contact_number`,`disaster_type`,`other_disaster_type`,`disaster_datetime`,`location`,`district`,`gn_division`,`proof_image_path`,`confirmation`,`status`,`description`,`verified_at`) VALUES (17,259,'Sampath Cooray','0791783145','Landslide',NULL,'2026-03-14 07:59:48','Eheliyagoda area','Ratnapura District','Eheliyagoda',NULL,1,'Approved','Reported Landslide incident in Eheliyagoda area. Immediate assistance required.','2025-08-23 19:14:09');
INSERT INTO `disaster_reports` (`report_id`,`user_id`,`reporter_name`,`contact_number`,`disaster_type`,`other_disaster_type`,`disaster_datetime`,`location`,`district`,`gn_division`,`proof_image_path`,`confirmation`,`status`,`description`,`verified_at`) VALUES (18,239,'Ishan Liyanage','0739031725','Landslide',NULL,'2026-01-02 14:00:06','Dickwella area','Matara District','Dickwella','uploads/disaster_proof/img_18.jpg',1,'Approved','Reported Landslide incident in Dickwella area. Immediate assistance required.','2026-03-09 17:49:09');
INSERT INTO `disaster_reports` (`report_id`,`user_id`,`reporter_name`,`contact_number`,`disaster_type`,`other_disaster_type`,`disaster_datetime`,`location`,`district`,`gn_division`,`proof_image_path`,`confirmation`,`status`,`description`,`verified_at`) VALUES (19,211,'Tharaka Fernando','0735884141','Landslide',NULL,'2025-10-27 13:27:45','Kesbewa area','Colombo District','Kesbewa',NULL,1,'Approved','Reported Landslide incident in Kesbewa area. Immediate assistance required.','2026-02-24 23:27:30');
INSERT INTO `disaster_reports` (`report_id`,`user_id`,`reporter_name`,`contact_number`,`disaster_type`,`other_disaster_type`,`disaster_datetime`,`location`,`district`,`gn_division`,`proof_image_path`,`confirmation`,`status`,`description`,`verified_at`) VALUES (20,268,'Ishan Liyanage','0730359006','Landslide',NULL,'2025-10-22 03:25:02','Thihagoda area','Matara District','Thihagoda',NULL,1,'Rejected','Reported Landslide incident in Thihagoda area. Immediate assistance required.','2025-11-15 13:29:04');
INSERT INTO `disaster_reports` (`report_id`,`user_id`,`reporter_name`,`contact_number`,`disaster_type`,`other_disaster_type`,`disaster_datetime`,`location`,`district`,`gn_division`,`proof_image_path`,`confirmation`,`status`,`description`,`verified_at`) VALUES (21,200,'Malith Herath','0769868384','Landslide',NULL,'2026-03-20 19:50:23','Thawalama area','Galle District','Thawalama','uploads/disaster_proof/img_21.jpg',1,'Rejected','Reported Landslide incident in Thawalama area. Immediate assistance required.','2026-01-27 15:57:14');
INSERT INTO `disaster_reports` (`report_id`,`user_id`,`reporter_name`,`contact_number`,`disaster_type`,`other_disaster_type`,`disaster_datetime`,`location`,`district`,`gn_division`,`proof_image_path`,`confirmation`,`status`,`description`,`verified_at`) VALUES (22,169,'Nuwan Weerasinghe','0777077792','Landslide',NULL,'2025-10-04 14:08:26','Doluwa area','Kandy District','Doluwa',NULL,1,'Rejected','Reported Landslide incident in Doluwa area. Immediate assistance required.','2025-12-10 01:01:04');
INSERT INTO `disaster_reports` (`report_id`,`user_id`,`reporter_name`,`contact_number`,`disaster_type`,`other_disaster_type`,`disaster_datetime`,`location`,`district`,`gn_division`,`proof_image_path`,`confirmation`,`status`,`description`,`verified_at`) VALUES (23,185,'Dinesh Karunaratne','0739206204','Landslide',NULL,'2025-07-12 17:09:10','Bulathsinhala area','Kalutara District','Bulathsinhala',NULL,1,'Rejected','Reported Landslide incident in Bulathsinhala area. Immediate assistance required.','2025-07-13 13:23:33');
INSERT INTO `disaster_reports` (`report_id`,`user_id`,`reporter_name`,`contact_number`,`disaster_type`,`other_disaster_type`,`disaster_datetime`,`location`,`district`,`gn_division`,`proof_image_path`,`confirmation`,`status`,`description`,`verified_at`) VALUES (24,241,'Nimal Herath','0736568767','Landslide',NULL,'2025-11-17 16:16:27','Kalawellawa area','Ratnapura District','Kalawellawa','uploads/disaster_proof/img_24.jpg',1,'Rejected','Reported Landslide incident in Kalawellawa area. Immediate assistance required.','2025-11-27 10:50:56');
INSERT INTO `disaster_reports` (`report_id`,`user_id`,`reporter_name`,`contact_number`,`disaster_type`,`other_disaster_type`,`disaster_datetime`,`location`,`district`,`gn_division`,`proof_image_path`,`confirmation`,`status`,`description`,`verified_at`) VALUES (25,254,'Dinesh Ekanayake','0738415206','Fire',NULL,'2025-10-14 18:00:13','Talape area','Galle District','Talape',NULL,1,'Pending','Reported Fire incident in Talape area. Immediate assistance required.',NULL);
INSERT INTO `disaster_reports` (`report_id`,`user_id`,`reporter_name`,`contact_number`,`disaster_type`,`other_disaster_type`,`disaster_datetime`,`location`,`district`,`gn_division`,`proof_image_path`,`confirmation`,`status`,`description`,`verified_at`) VALUES (26,178,'Lahiru Wickramasinghe','0750923006','Fire',NULL,'2026-01-26 04:26:33','Walallavita area','Kalutara District','Walallavita',NULL,1,'Pending','Reported Fire incident in Walallavita area. Immediate assistance required.',NULL);
INSERT INTO `disaster_reports` (`report_id`,`user_id`,`reporter_name`,`contact_number`,`disaster_type`,`other_disaster_type`,`disaster_datetime`,`location`,`district`,`gn_division`,`proof_image_path`,`confirmation`,`status`,`description`,`verified_at`) VALUES (27,259,'Nimal Mendis','0781532914','Fire',NULL,'2025-07-08 06:34:40','Attanagalla area','Gampaha District','Attanagalla','uploads/disaster_proof/img_27.jpg',1,'Pending','Reported Fire incident in Attanagalla area. Immediate assistance required.',NULL);
INSERT INTO `disaster_reports` (`report_id`,`user_id`,`reporter_name`,`contact_number`,`disaster_type`,`other_disaster_type`,`disaster_datetime`,`location`,`district`,`gn_division`,`proof_image_path`,`confirmation`,`status`,`description`,`verified_at`) VALUES (28,207,'Malith Mendis','0717632758','Fire',NULL,'2026-03-20 18:28:36','Pitabeddara area','Matara District','Pitabeddara',NULL,1,'Approved','Reported Fire incident in Pitabeddara area. Immediate assistance required.','2025-07-24 21:17:23');
INSERT INTO `disaster_reports` (`report_id`,`user_id`,`reporter_name`,`contact_number`,`disaster_type`,`other_disaster_type`,`disaster_datetime`,`location`,`district`,`gn_division`,`proof_image_path`,`confirmation`,`status`,`description`,`verified_at`) VALUES (29,231,'Dasun Weerasinghe','0788187655','Fire',NULL,'2026-02-14 03:13:29','Udunuwara area','Kandy District','Udunuwara',NULL,1,'Approved','Reported Fire incident in Udunuwara area. Immediate assistance required.','2025-06-19 05:17:08');
INSERT INTO `disaster_reports` (`report_id`,`user_id`,`reporter_name`,`contact_number`,`disaster_type`,`other_disaster_type`,`disaster_datetime`,`location`,`district`,`gn_division`,`proof_image_path`,`confirmation`,`status`,`description`,`verified_at`) VALUES (30,280,'Ashan Samarasinghe','0751839366','Fire',NULL,'2025-11-29 17:47:03','Athuraliya area','Matara District','Athuraliya','uploads/disaster_proof/img_30.jpg',1,'Approved','Reported Fire incident in Athuraliya area. Immediate assistance required.','2025-11-17 17:35:52');
INSERT INTO `disaster_reports` (`report_id`,`user_id`,`reporter_name`,`contact_number`,`disaster_type`,`other_disaster_type`,`disaster_datetime`,`location`,`district`,`gn_division`,`proof_image_path`,`confirmation`,`status`,`description`,`verified_at`) VALUES (31,236,'Ishan Wijesinghe','0740474157','Fire',NULL,'2025-07-28 09:21:23','Talape area','Galle District','Talape',NULL,1,'Approved','Reported Fire incident in Talape area. Immediate assistance required.','2025-08-26 23:31:41');
INSERT INTO `disaster_reports` (`report_id`,`user_id`,`reporter_name`,`contact_number`,`disaster_type`,`other_disaster_type`,`disaster_datetime`,`location`,`district`,`gn_division`,`proof_image_path`,`confirmation`,`status`,`description`,`verified_at`) VALUES (32,233,'Ashan Gunasekara','0746289482','Fire',NULL,'2025-07-19 02:55:26','Pitabeddara area','Matara District','Pitabeddara',NULL,1,'Rejected','Reported Fire incident in Pitabeddara area. Immediate assistance required.','2025-08-28 15:56:48');
INSERT INTO `disaster_reports` (`report_id`,`user_id`,`reporter_name`,`contact_number`,`disaster_type`,`other_disaster_type`,`disaster_datetime`,`location`,`district`,`gn_division`,`proof_image_path`,`confirmation`,`status`,`description`,`verified_at`) VALUES (33,164,'Ishan Samarasinghe','0741205252','Fire',NULL,'2026-01-19 02:47:29','Hikkaduwa area','Galle District','Hikkaduwa','uploads/disaster_proof/img_33.jpg',1,'Rejected','Reported Fire incident in Hikkaduwa area. Immediate assistance required.','2026-04-03 13:19:03');
INSERT INTO `disaster_reports` (`report_id`,`user_id`,`reporter_name`,`contact_number`,`disaster_type`,`other_disaster_type`,`disaster_datetime`,`location`,`district`,`gn_division`,`proof_image_path`,`confirmation`,`status`,`description`,`verified_at`) VALUES (34,169,'Dinesh Weerasinghe','0738879449','Fire',NULL,'2026-03-01 07:48:23','Pitabeddara area','Matara District','Pitabeddara',NULL,1,'Rejected','Reported Fire incident in Pitabeddara area. Immediate assistance required.','2025-09-21 19:22:50');
INSERT INTO `disaster_reports` (`report_id`,`user_id`,`reporter_name`,`contact_number`,`disaster_type`,`other_disaster_type`,`disaster_datetime`,`location`,`district`,`gn_division`,`proof_image_path`,`confirmation`,`status`,`description`,`verified_at`) VALUES (35,154,'Pradeep Weerasinghe','0756773500','Fire',NULL,'2025-09-22 02:22:31','Yatinuwara area','Kandy District','Yatinuwara',NULL,1,'Rejected','Reported Fire incident in Yatinuwara area. Immediate assistance required.','2026-01-09 03:07:59');
INSERT INTO `disaster_reports` (`report_id`,`user_id`,`reporter_name`,`contact_number`,`disaster_type`,`other_disaster_type`,`disaster_datetime`,`location`,`district`,`gn_division`,`proof_image_path`,`confirmation`,`status`,`description`,`verified_at`) VALUES (36,186,'Malith Rathnayake','0726018517','Fire',NULL,'2025-10-15 07:37:33','Mawanella area','Kegalle District','Mawanella','uploads/disaster_proof/img_36.jpg',1,'Rejected','Reported Fire incident in Mawanella area. Immediate assistance required.','2026-02-04 14:11:22');
INSERT INTO `disaster_reports` (`report_id`,`user_id`,`reporter_name`,`contact_number`,`disaster_type`,`other_disaster_type`,`disaster_datetime`,`location`,`district`,`gn_division`,`proof_image_path`,`confirmation`,`status`,`description`,`verified_at`) VALUES (37,220,'Sahan Wickramasinghe','0766896193','Earthquake',NULL,'2026-02-10 01:31:05','Balangoda area','Ratnapura District','Balangoda',NULL,1,'Pending','Reported Earthquake incident in Balangoda area. Immediate assistance required.',NULL);
INSERT INTO `disaster_reports` (`report_id`,`user_id`,`reporter_name`,`contact_number`,`disaster_type`,`other_disaster_type`,`disaster_datetime`,`location`,`district`,`gn_division`,`proof_image_path`,`confirmation`,`status`,`description`,`verified_at`) VALUES (38,283,'Lahiru Rathnayake','0749477398','Earthquake',NULL,'2025-07-21 22:33:22','Matara Four Gravets area','Matara District','Matara Four Gravets',NULL,1,'Pending','Reported Earthquake incident in Matara Four Gravets area. Immediate assistance required.',NULL);
INSERT INTO `disaster_reports` (`report_id`,`user_id`,`reporter_name`,`contact_number`,`disaster_type`,`other_disaster_type`,`disaster_datetime`,`location`,`district`,`gn_division`,`proof_image_path`,`confirmation`,`status`,`description`,`verified_at`) VALUES (39,162,'Sahan Bandara','0754598004','Earthquake',NULL,'2025-09-15 03:59:20','Ruwanwella area','Kegalle District','Ruwanwella','uploads/disaster_proof/img_39.jpg',1,'Pending','Reported Earthquake incident in Ruwanwella area. Immediate assistance required.',NULL);
INSERT INTO `disaster_reports` (`report_id`,`user_id`,`reporter_name`,`contact_number`,`disaster_type`,`other_disaster_type`,`disaster_datetime`,`location`,`district`,`gn_division`,`proof_image_path`,`confirmation`,`status`,`description`,`verified_at`) VALUES (40,224,'Chaminda Senanayake','0721863303','Earthquake',NULL,'2026-02-14 10:09:28','Udapalatha area','Kandy District','Udapalatha',NULL,1,'Approved','Reported Earthquake incident in Udapalatha area. Immediate assistance required.','2026-04-07 07:31:24');
INSERT INTO `disaster_reports` (`report_id`,`user_id`,`reporter_name`,`contact_number`,`disaster_type`,`other_disaster_type`,`disaster_datetime`,`location`,`district`,`gn_division`,`proof_image_path`,`confirmation`,`status`,`description`,`verified_at`) VALUES (41,257,'Nimal Wickramasinghe','0750443938','Earthquake',NULL,'2025-10-11 09:47:34','Kundasale area','Kandy District','Kundasale',NULL,1,'Approved','Reported Earthquake incident in Kundasale area. Immediate assistance required.','2025-06-13 09:56:28');
INSERT INTO `disaster_reports` (`report_id`,`user_id`,`reporter_name`,`contact_number`,`disaster_type`,`other_disaster_type`,`disaster_datetime`,`location`,`district`,`gn_division`,`proof_image_path`,`confirmation`,`status`,`description`,`verified_at`) VALUES (42,204,'Ranjith Liyanage','0789460988','Earthquake',NULL,'2025-11-25 08:11:50','Gangawata Korale area','Kandy District','Gangawata Korale','uploads/disaster_proof/img_42.jpg',1,'Approved','Reported Earthquake incident in Gangawata Korale area. Immediate assistance required.','2025-10-04 13:45:13');
INSERT INTO `disaster_reports` (`report_id`,`user_id`,`reporter_name`,`contact_number`,`disaster_type`,`other_disaster_type`,`disaster_datetime`,`location`,`district`,`gn_division`,`proof_image_path`,`confirmation`,`status`,`description`,`verified_at`) VALUES (43,221,'Nuwan Ekanayake','0758531892','Earthquake',NULL,'2025-07-30 13:46:51','Dodangoda area','Kalutara District','Dodangoda',NULL,1,'Rejected','Reported Earthquake incident in Dodangoda area. Immediate assistance required.','2025-08-27 13:23:46');
INSERT INTO `disaster_reports` (`report_id`,`user_id`,`reporter_name`,`contact_number`,`disaster_type`,`other_disaster_type`,`disaster_datetime`,`location`,`district`,`gn_division`,`proof_image_path`,`confirmation`,`status`,`description`,`verified_at`) VALUES (44,184,'Ishan Silva','0759321561','Earthquake',NULL,'2025-10-12 16:01:43','Colombo area','Colombo District','Colombo',NULL,1,'Rejected','Reported Earthquake incident in Colombo area. Immediate assistance required.','2025-06-22 19:14:27');
INSERT INTO `disaster_reports` (`report_id`,`user_id`,`reporter_name`,`contact_number`,`disaster_type`,`other_disaster_type`,`disaster_datetime`,`location`,`district`,`gn_division`,`proof_image_path`,`confirmation`,`status`,`description`,`verified_at`) VALUES (45,251,'Sampath Jayawardena','0746080369','Earthquake',NULL,'2025-11-20 04:34:50','Pathadumbara area','Kandy District','Pathadumbara','uploads/disaster_proof/img_45.jpg',1,'Rejected','Reported Earthquake incident in Pathadumbara area. Immediate assistance required.','2026-01-06 17:10:55');
INSERT INTO `disaster_reports` (`report_id`,`user_id`,`reporter_name`,`contact_number`,`disaster_type`,`other_disaster_type`,`disaster_datetime`,`location`,`district`,`gn_division`,`proof_image_path`,`confirmation`,`status`,`description`,`verified_at`) VALUES (46,263,'Kamal Rathnayake','0786576175','Earthquake',NULL,'2025-10-16 17:45:43','Akurana area','Kandy District','Akurana',NULL,1,'Rejected','Reported Earthquake incident in Akurana area. Immediate assistance required.','2025-07-04 21:14:51');
INSERT INTO `disaster_reports` (`report_id`,`user_id`,`reporter_name`,`contact_number`,`disaster_type`,`other_disaster_type`,`disaster_datetime`,`location`,`district`,`gn_division`,`proof_image_path`,`confirmation`,`status`,`description`,`verified_at`) VALUES (47,263,'Ranjith Rathnayake','0741347595','Earthquake',NULL,'2026-03-17 18:18:45','Ruwanwella area','Kegalle District','Ruwanwella',NULL,1,'Rejected','Reported Earthquake incident in Ruwanwella area. Immediate assistance required.','2026-01-11 05:09:35');
INSERT INTO `disaster_reports` (`report_id`,`user_id`,`reporter_name`,`contact_number`,`disaster_type`,`other_disaster_type`,`disaster_datetime`,`location`,`district`,`gn_division`,`proof_image_path`,`confirmation`,`status`,`description`,`verified_at`) VALUES (48,195,'Malith Mendis','0725276010','Tsunami',NULL,'2026-01-13 00:56:53','Welipitiya area','Matara District','Welipitiya','uploads/disaster_proof/img_48.jpg',1,'Pending','Reported Tsunami incident in Welipitiya area. Immediate assistance required.',NULL);
INSERT INTO `disaster_reports` (`report_id`,`user_id`,`reporter_name`,`contact_number`,`disaster_type`,`other_disaster_type`,`disaster_datetime`,`location`,`district`,`gn_division`,`proof_image_path`,`confirmation`,`status`,`description`,`verified_at`) VALUES (49,225,'Nimal Liyanage','0789168133','Tsunami',NULL,'2025-10-03 16:23:58','Glencourse area','Kalutara District','Glencourse',NULL,1,'Pending','Reported Tsunami incident in Glencourse area. Immediate assistance required.',NULL);
INSERT INTO `disaster_reports` (`report_id`,`user_id`,`reporter_name`,`contact_number`,`disaster_type`,`other_disaster_type`,`disaster_datetime`,`location`,`district`,`gn_division`,`proof_image_path`,`confirmation`,`status`,`description`,`verified_at`) VALUES (50,158,'Sampath Pathirana','0776114024','Tsunami',NULL,'2025-08-04 15:16:42','Akmeemana area','Galle District','Akmeemana',NULL,1,'Pending','Reported Tsunami incident in Akmeemana area. Immediate assistance required.',NULL);
INSERT INTO `disaster_reports` (`report_id`,`user_id`,`reporter_name`,`contact_number`,`disaster_type`,`other_disaster_type`,`disaster_datetime`,`location`,`district`,`gn_division`,`proof_image_path`,`confirmation`,`status`,`description`,`verified_at`) VALUES (51,275,'Ranjith Cooray','0788053762','Tsunami',NULL,'2026-03-06 20:35:54','Pathahewaheta area','Kandy District','Pathahewaheta','uploads/disaster_proof/img_51.jpg',1,'Approved','Reported Tsunami incident in Pathahewaheta area. Immediate assistance required.','2025-08-19 08:37:03');
INSERT INTO `disaster_reports` (`report_id`,`user_id`,`reporter_name`,`contact_number`,`disaster_type`,`other_disaster_type`,`disaster_datetime`,`location`,`district`,`gn_division`,`proof_image_path`,`confirmation`,`status`,`description`,`verified_at`) VALUES (52,207,'Dasun Herath','0742484624','Tsunami',NULL,'2026-03-28 13:01:17','Pitabeddara area','Matara District','Pitabeddara',NULL,1,'Approved','Reported Tsunami incident in Pitabeddara area. Immediate assistance required.','2025-08-26 03:44:08');
INSERT INTO `disaster_reports` (`report_id`,`user_id`,`reporter_name`,`contact_number`,`disaster_type`,`other_disaster_type`,`disaster_datetime`,`location`,`district`,`gn_division`,`proof_image_path`,`confirmation`,`status`,`description`,`verified_at`) VALUES (53,174,'Sahan Silva','0786367432','Tsunami',NULL,'2025-07-02 16:51:58','Minipe area','Kandy District','Minipe',NULL,1,'Approved','Reported Tsunami incident in Minipe area. Immediate assistance required.','2025-10-27 02:24:36');
INSERT INTO `disaster_reports` (`report_id`,`user_id`,`reporter_name`,`contact_number`,`disaster_type`,`other_disaster_type`,`disaster_datetime`,`location`,`district`,`gn_division`,`proof_image_path`,`confirmation`,`status`,`description`,`verified_at`) VALUES (54,238,'Nuwan Wijesinghe','0789008173','Tsunami',NULL,'2026-03-21 22:16:49','Galle Four Gravets area','Galle District','Galle Four Gravets','uploads/disaster_proof/img_54.jpg',1,'Rejected','Reported Tsunami incident in Galle Four Gravets area. Immediate assistance required.','2025-10-10 21:49:21');
INSERT INTO `disaster_reports` (`report_id`,`user_id`,`reporter_name`,`contact_number`,`disaster_type`,`other_disaster_type`,`disaster_datetime`,`location`,`district`,`gn_division`,`proof_image_path`,`confirmation`,`status`,`description`,`verified_at`) VALUES (55,223,'Malith Karunaratne','0727623777','Tsunami',NULL,'2026-02-10 01:44:27','Mahara area','Gampaha District','Mahara',NULL,1,'Rejected','Reported Tsunami incident in Mahara area. Immediate assistance required.','2026-03-17 12:44:00');
INSERT INTO `disaster_reports` (`report_id`,`user_id`,`reporter_name`,`contact_number`,`disaster_type`,`other_disaster_type`,`disaster_datetime`,`location`,`district`,`gn_division`,`proof_image_path`,`confirmation`,`status`,`description`,`verified_at`) VALUES (56,203,'Ranjith Pathirana','0745883936','Tsunami',NULL,'2025-09-09 03:57:29','Attanagalla area','Gampaha District','Attanagalla',NULL,1,'Rejected','Reported Tsunami incident in Attanagalla area. Immediate assistance required.','2026-02-14 10:56:39');
INSERT INTO `disaster_reports` (`report_id`,`user_id`,`reporter_name`,`contact_number`,`disaster_type`,`other_disaster_type`,`disaster_datetime`,`location`,`district`,`gn_division`,`proof_image_path`,`confirmation`,`status`,`description`,`verified_at`) VALUES (57,165,'Sunil Wickramasinghe','0779114884','Tsunami',NULL,'2025-09-29 16:18:01','Negombo area','Gampaha District','Negombo','uploads/disaster_proof/img_57.jpg',1,'Rejected','Reported Tsunami incident in Negombo area. Immediate assistance required.','2025-08-10 00:39:54');
INSERT INTO `disaster_reports` (`report_id`,`user_id`,`reporter_name`,`contact_number`,`disaster_type`,`other_disaster_type`,`disaster_datetime`,`location`,`district`,`gn_division`,`proof_image_path`,`confirmation`,`status`,`description`,`verified_at`) VALUES (58,254,'Pradeep Rathnayake','0730923481','Tsunami',NULL,'2026-03-25 07:02:38','Pathahewaheta area','Kandy District','Pathahewaheta',NULL,1,'Rejected','Reported Tsunami incident in Pathahewaheta area. Immediate assistance required.','2025-11-29 19:04:26');
INSERT INTO `disaster_reports` (`report_id`,`user_id`,`reporter_name`,`contact_number`,`disaster_type`,`other_disaster_type`,`disaster_datetime`,`location`,`district`,`gn_division`,`proof_image_path`,`confirmation`,`status`,`description`,`verified_at`) VALUES (59,241,'Kasun Herath','0783806408','Other','Strong Winds','2025-10-16 16:44:13','Matugama area','Kalutara District','Matugama',NULL,1,'Pending','Reported Other incident in Matugama area. Immediate assistance required.',NULL);
INSERT INTO `disaster_reports` (`report_id`,`user_id`,`reporter_name`,`contact_number`,`disaster_type`,`other_disaster_type`,`disaster_datetime`,`location`,`district`,`gn_division`,`proof_image_path`,`confirmation`,`status`,`description`,`verified_at`) VALUES (60,279,'Dinesh Cooray','0743330115','Other','Strong Winds','2025-06-06 12:32:48','Pelmadulla area','Ratnapura District','Pelmadulla','uploads/disaster_proof/img_60.jpg',1,'Pending','Reported Other incident in Pelmadulla area. Immediate assistance required.',NULL);
INSERT INTO `disaster_reports` (`report_id`,`user_id`,`reporter_name`,`contact_number`,`disaster_type`,`other_disaster_type`,`disaster_datetime`,`location`,`district`,`gn_division`,`proof_image_path`,`confirmation`,`status`,`description`,`verified_at`) VALUES (61,281,'Kamal Ekanayake','0735555478','Other','Strong Winds','2026-04-04 01:10:19','Passara area','Badulla District','Passara',NULL,1,'Pending','Reported Other incident in Passara area. Immediate assistance required.',NULL);
INSERT INTO `disaster_reports` (`report_id`,`user_id`,`reporter_name`,`contact_number`,`disaster_type`,`other_disaster_type`,`disaster_datetime`,`location`,`district`,`gn_division`,`proof_image_path`,`confirmation`,`status`,`description`,`verified_at`) VALUES (62,277,'Dinesh Fernando','0714561613','Other','Strong Winds','2026-03-17 23:16:45','Weraganthota area','Kandy District','Weraganthota',NULL,1,'Approved','Reported Other incident in Weraganthota area. Immediate assistance required.','2026-03-07 17:50:38');
INSERT INTO `disaster_reports` (`report_id`,`user_id`,`reporter_name`,`contact_number`,`disaster_type`,`other_disaster_type`,`disaster_datetime`,`location`,`district`,`gn_division`,`proof_image_path`,`confirmation`,`status`,`description`,`verified_at`) VALUES (63,194,'Chathura Herath','0767923698','Other','Strong Winds','2025-07-04 04:36:07','Thumpane area','Kandy District','Thumpane','uploads/disaster_proof/img_63.jpg',1,'Approved','Reported Other incident in Thumpane area. Immediate assistance required.','2025-12-03 04:52:21');
INSERT INTO `disaster_reports` (`report_id`,`user_id`,`reporter_name`,`contact_number`,`disaster_type`,`other_disaster_type`,`disaster_datetime`,`location`,`district`,`gn_division`,`proof_image_path`,`confirmation`,`status`,`description`,`verified_at`) VALUES (64,214,'Malith Cooray','0752021561','Other','Strong Winds','2025-12-09 12:06:56','Kuruwita area','Ratnapura District','Kuruwita',NULL,1,'Approved','Reported Other incident in Kuruwita area. Immediate assistance required.','2025-12-27 10:54:13');
INSERT INTO `disaster_reports` (`report_id`,`user_id`,`reporter_name`,`contact_number`,`disaster_type`,`other_disaster_type`,`disaster_datetime`,`location`,`district`,`gn_division`,`proof_image_path`,`confirmation`,`status`,`description`,`verified_at`) VALUES (65,279,'Amila Cooray','0767234672','Other','Strong Winds','2025-12-20 23:28:29','Wattala area','Gampaha District','Wattala',NULL,1,'Rejected','Reported Other incident in Wattala area. Immediate assistance required.','2025-07-26 10:10:47');
INSERT INTO `disaster_reports` (`report_id`,`user_id`,`reporter_name`,`contact_number`,`disaster_type`,`other_disaster_type`,`disaster_datetime`,`location`,`district`,`gn_division`,`proof_image_path`,`confirmation`,`status`,`description`,`verified_at`) VALUES (66,273,'Dinesh Rathnayake','0735727071','Other','Strong Winds','2026-03-13 06:51:12','Panadura area','Kalutara District','Panadura','uploads/disaster_proof/img_66.jpg',1,'Rejected','Reported Other incident in Panadura area. Immediate assistance required.','2025-10-30 10:34:23');
INSERT INTO `disaster_reports` (`report_id`,`user_id`,`reporter_name`,`contact_number`,`disaster_type`,`other_disaster_type`,`disaster_datetime`,`location`,`district`,`gn_division`,`proof_image_path`,`confirmation`,`status`,`description`,`verified_at`) VALUES (67,221,'Amila Ekanayake','0795286806','Other','Strong Winds','2025-07-25 02:46:24','Bentota area','Galle District','Bentota',NULL,1,'Rejected','Reported Other incident in Bentota area. Immediate assistance required.','2025-12-29 17:12:33');

-- Volunteer Tasks (~60)
INSERT INTO `volunteer_task` (`id`,`volunteer_id`,`disaster_id`,`role`,`status`) VALUES (1,539,41,'Medical Support','in_progress');
INSERT INTO `volunteer_task` (`id`,`volunteer_id`,`disaster_id`,`role`,`status`) VALUES (2,782,39,'Rescue Team','assigned');
INSERT INTO `volunteer_task` (`id`,`volunteer_id`,`disaster_id`,`role`,`status`) VALUES (3,562,31,'Communication','completed');
INSERT INTO `volunteer_task` (`id`,`volunteer_id`,`disaster_id`,`role`,`status`) VALUES (4,404,48,'Food Distribution','in_progress');
INSERT INTO `volunteer_task` (`id`,`volunteer_id`,`disaster_id`,`role`,`status`) VALUES (5,739,49,'Food Distribution','completed');
INSERT INTO `volunteer_task` (`id`,`volunteer_id`,`disaster_id`,`role`,`status`) VALUES (6,549,14,'Food Distribution','in_progress');
INSERT INTO `volunteer_task` (`id`,`volunteer_id`,`disaster_id`,`role`,`status`) VALUES (7,818,14,'Medical Support','completed');
INSERT INTO `volunteer_task` (`id`,`volunteer_id`,`disaster_id`,`role`,`status`) VALUES (8,294,46,'Medical Support','assigned');
INSERT INTO `volunteer_task` (`id`,`volunteer_id`,`disaster_id`,`role`,`status`) VALUES (9,706,6,'Food Distribution','in_progress');
INSERT INTO `volunteer_task` (`id`,`volunteer_id`,`disaster_id`,`role`,`status`) VALUES (10,673,52,'Logistics','in_progress');
INSERT INTO `volunteer_task` (`id`,`volunteer_id`,`disaster_id`,`role`,`status`) VALUES (11,653,61,'Logistics','completed');
INSERT INTO `volunteer_task` (`id`,`volunteer_id`,`disaster_id`,`role`,`status`) VALUES (12,772,26,'Medical Support','completed');
INSERT INTO `volunteer_task` (`id`,`volunteer_id`,`disaster_id`,`role`,`status`) VALUES (13,338,11,'Logistics','completed');
INSERT INTO `volunteer_task` (`id`,`volunteer_id`,`disaster_id`,`role`,`status`) VALUES (14,840,53,'Communication','assigned');
INSERT INTO `volunteer_task` (`id`,`volunteer_id`,`disaster_id`,`role`,`status`) VALUES (15,524,26,'Communication','in_progress');
INSERT INTO `volunteer_task` (`id`,`volunteer_id`,`disaster_id`,`role`,`status`) VALUES (16,398,19,'Medical Support','completed');
INSERT INTO `volunteer_task` (`id`,`volunteer_id`,`disaster_id`,`role`,`status`) VALUES (17,435,4,'Communication','in_progress');
INSERT INTO `volunteer_task` (`id`,`volunteer_id`,`disaster_id`,`role`,`status`) VALUES (18,907,52,'Shelter Setup','completed');
INSERT INTO `volunteer_task` (`id`,`volunteer_id`,`disaster_id`,`role`,`status`) VALUES (19,427,66,'Rescue Team','completed');
INSERT INTO `volunteer_task` (`id`,`volunteer_id`,`disaster_id`,`role`,`status`) VALUES (20,917,56,'Food Distribution','completed');
INSERT INTO `volunteer_task` (`id`,`volunteer_id`,`disaster_id`,`role`,`status`) VALUES (21,461,39,'Communication','in_progress');
INSERT INTO `volunteer_task` (`id`,`volunteer_id`,`disaster_id`,`role`,`status`) VALUES (22,434,51,'Shelter Setup','in_progress');
INSERT INTO `volunteer_task` (`id`,`volunteer_id`,`disaster_id`,`role`,`status`) VALUES (23,817,42,'Logistics','in_progress');
INSERT INTO `volunteer_task` (`id`,`volunteer_id`,`disaster_id`,`role`,`status`) VALUES (24,349,50,'Shelter Setup','in_progress');
INSERT INTO `volunteer_task` (`id`,`volunteer_id`,`disaster_id`,`role`,`status`) VALUES (25,623,63,'Shelter Setup','assigned');
INSERT INTO `volunteer_task` (`id`,`volunteer_id`,`disaster_id`,`role`,`status`) VALUES (26,839,61,'Shelter Setup','assigned');
INSERT INTO `volunteer_task` (`id`,`volunteer_id`,`disaster_id`,`role`,`status`) VALUES (27,486,7,'Rescue Team','in_progress');
INSERT INTO `volunteer_task` (`id`,`volunteer_id`,`disaster_id`,`role`,`status`) VALUES (28,368,39,'Medical Support','completed');
INSERT INTO `volunteer_task` (`id`,`volunteer_id`,`disaster_id`,`role`,`status`) VALUES (29,527,36,'Communication','assigned');
INSERT INTO `volunteer_task` (`id`,`volunteer_id`,`disaster_id`,`role`,`status`) VALUES (30,780,37,'Food Distribution','in_progress');
INSERT INTO `volunteer_task` (`id`,`volunteer_id`,`disaster_id`,`role`,`status`) VALUES (31,501,52,'Shelter Setup','completed');
INSERT INTO `volunteer_task` (`id`,`volunteer_id`,`disaster_id`,`role`,`status`) VALUES (32,337,44,'Communication','in_progress');
INSERT INTO `volunteer_task` (`id`,`volunteer_id`,`disaster_id`,`role`,`status`) VALUES (33,816,15,'Medical Support','assigned');
INSERT INTO `volunteer_task` (`id`,`volunteer_id`,`disaster_id`,`role`,`status`) VALUES (34,867,16,'Shelter Setup','completed');
INSERT INTO `volunteer_task` (`id`,`volunteer_id`,`disaster_id`,`role`,`status`) VALUES (35,732,59,'Medical Support','in_progress');
INSERT INTO `volunteer_task` (`id`,`volunteer_id`,`disaster_id`,`role`,`status`) VALUES (36,543,6,'Food Distribution','in_progress');
INSERT INTO `volunteer_task` (`id`,`volunteer_id`,`disaster_id`,`role`,`status`) VALUES (37,702,57,'Food Distribution','assigned');
INSERT INTO `volunteer_task` (`id`,`volunteer_id`,`disaster_id`,`role`,`status`) VALUES (38,655,56,'Rescue Team','in_progress');
INSERT INTO `volunteer_task` (`id`,`volunteer_id`,`disaster_id`,`role`,`status`) VALUES (39,580,45,'Communication','assigned');
INSERT INTO `volunteer_task` (`id`,`volunteer_id`,`disaster_id`,`role`,`status`) VALUES (40,473,45,'Rescue Team','assigned');
INSERT INTO `volunteer_task` (`id`,`volunteer_id`,`disaster_id`,`role`,`status`) VALUES (41,891,8,'Communication','in_progress');
INSERT INTO `volunteer_task` (`id`,`volunteer_id`,`disaster_id`,`role`,`status`) VALUES (42,663,41,'Communication','assigned');
INSERT INTO `volunteer_task` (`id`,`volunteer_id`,`disaster_id`,`role`,`status`) VALUES (43,671,57,'Shelter Setup','completed');
INSERT INTO `volunteer_task` (`id`,`volunteer_id`,`disaster_id`,`role`,`status`) VALUES (44,302,22,'Shelter Setup','in_progress');
INSERT INTO `volunteer_task` (`id`,`volunteer_id`,`disaster_id`,`role`,`status`) VALUES (45,332,9,'Logistics','completed');
INSERT INTO `volunteer_task` (`id`,`volunteer_id`,`disaster_id`,`role`,`status`) VALUES (46,747,46,'Medical Support','completed');
INSERT INTO `volunteer_task` (`id`,`volunteer_id`,`disaster_id`,`role`,`status`) VALUES (47,608,66,'Rescue Team','in_progress');
INSERT INTO `volunteer_task` (`id`,`volunteer_id`,`disaster_id`,`role`,`status`) VALUES (48,513,12,'Food Distribution','completed');
INSERT INTO `volunteer_task` (`id`,`volunteer_id`,`disaster_id`,`role`,`status`) VALUES (49,505,13,'Food Distribution','assigned');
INSERT INTO `volunteer_task` (`id`,`volunteer_id`,`disaster_id`,`role`,`status`) VALUES (50,757,12,'Shelter Setup','completed');
INSERT INTO `volunteer_task` (`id`,`volunteer_id`,`disaster_id`,`role`,`status`) VALUES (51,659,61,'Communication','completed');
INSERT INTO `volunteer_task` (`id`,`volunteer_id`,`disaster_id`,`role`,`status`) VALUES (52,595,8,'Communication','completed');
INSERT INTO `volunteer_task` (`id`,`volunteer_id`,`disaster_id`,`role`,`status`) VALUES (53,605,7,'Food Distribution','assigned');
INSERT INTO `volunteer_task` (`id`,`volunteer_id`,`disaster_id`,`role`,`status`) VALUES (54,393,3,'Food Distribution','completed');
INSERT INTO `volunteer_task` (`id`,`volunteer_id`,`disaster_id`,`role`,`status`) VALUES (55,716,4,'Medical Support','completed');
INSERT INTO `volunteer_task` (`id`,`volunteer_id`,`disaster_id`,`role`,`status`) VALUES (56,393,21,'Communication','completed');
INSERT INTO `volunteer_task` (`id`,`volunteer_id`,`disaster_id`,`role`,`status`) VALUES (57,622,3,'Medical Support','assigned');
INSERT INTO `volunteer_task` (`id`,`volunteer_id`,`disaster_id`,`role`,`status`) VALUES (58,794,59,'Medical Support','completed');
INSERT INTO `volunteer_task` (`id`,`volunteer_id`,`disaster_id`,`role`,`status`) VALUES (59,649,25,'Communication','assigned');
INSERT INTO `volunteer_task` (`id`,`volunteer_id`,`disaster_id`,`role`,`status`) VALUES (60,726,36,'Rescue Team','assigned');

-- Volunteer Field Updates (~80)
INSERT INTO `volunteer_field_updates` (`id`,`task_id`,`volunteer_id`,`stage_status`,`update_text`) VALUES (1,5,291,'needs_backup','Road blocked, finding alternate route.');
INSERT INTO `volunteer_field_updates` (`id`,`task_id`,`volunteer_id`,`stage_status`,`update_text`) VALUES (2,27,660,'completed','Road blocked, finding alternate route.');
INSERT INTO `volunteer_field_updates` (`id`,`task_id`,`volunteer_id`,`stage_status`,`update_text`) VALUES (3,5,340,'needs_backup','Medical team deployed. Treating minor injuries.');
INSERT INTO `volunteer_field_updates` (`id`,`task_id`,`volunteer_id`,`stage_status`,`update_text`) VALUES (4,7,742,'needs_backup','Medical team deployed. Treating minor injuries.');
INSERT INTO `volunteer_field_updates` (`id`,`task_id`,`volunteer_id`,`stage_status`,`update_text`) VALUES (5,9,496,'on_site','Medical team deployed. Treating minor injuries.');
INSERT INTO `volunteer_field_updates` (`id`,`task_id`,`volunteer_id`,`stage_status`,`update_text`) VALUES (6,21,506,'en_route','Water level rising. Need immediate evacuation support.');
INSERT INTO `volunteer_field_updates` (`id`,`task_id`,`volunteer_id`,`stage_status`,`update_text`) VALUES (7,1,844,'on_site','Water level rising. Need immediate evacuation support.');
INSERT INTO `volunteer_field_updates` (`id`,`task_id`,`volunteer_id`,`stage_status`,`update_text`) VALUES (8,7,518,'on_site','Food distribution completed for today.');
INSERT INTO `volunteer_field_updates` (`id`,`task_id`,`volunteer_id`,`stage_status`,`update_text`) VALUES (9,44,645,'on_site','Shelter fully set up. 30 people accommodated.');
INSERT INTO `volunteer_field_updates` (`id`,`task_id`,`volunteer_id`,`stage_status`,`update_text`) VALUES (10,35,905,'en_route','Food distribution completed for today.');
INSERT INTO `volunteer_field_updates` (`id`,`task_id`,`volunteer_id`,`stage_status`,`update_text`) VALUES (11,57,712,'en_route','Road blocked, finding alternate route.');
INSERT INTO `volunteer_field_updates` (`id`,`task_id`,`volunteer_id`,`stage_status`,`update_text`) VALUES (12,17,330,'needs_backup','Coordinating with local authorities for road clearance.');
INSERT INTO `volunteer_field_updates` (`id`,`task_id`,`volunteer_id`,`stage_status`,`update_text`) VALUES (13,30,526,'needs_backup','Shelter fully set up. 30 people accommodated.');
INSERT INTO `volunteer_field_updates` (`id`,`task_id`,`volunteer_id`,`stage_status`,`update_text`) VALUES (14,11,746,'on_site','Road blocked, finding alternate route.');
INSERT INTO `volunteer_field_updates` (`id`,`task_id`,`volunteer_id`,`stage_status`,`update_text`) VALUES (15,12,412,'needs_backup','Water level rising. Need immediate evacuation support.');
INSERT INTO `volunteer_field_updates` (`id`,`task_id`,`volunteer_id`,`stage_status`,`update_text`) VALUES (16,45,461,'completed','Coordinating with local authorities for road clearance.');
INSERT INTO `volunteer_field_updates` (`id`,`task_id`,`volunteer_id`,`stage_status`,`update_text`) VALUES (17,10,589,'on_site','Medical team deployed. Treating minor injuries.');
INSERT INTO `volunteer_field_updates` (`id`,`task_id`,`volunteer_id`,`stage_status`,`update_text`) VALUES (18,18,592,'completed','Arrived at location, assessing situation.');
INSERT INTO `volunteer_field_updates` (`id`,`task_id`,`volunteer_id`,`stage_status`,`update_text`) VALUES (19,15,345,'completed','Shelter fully set up. 30 people accommodated.');
INSERT INTO `volunteer_field_updates` (`id`,`task_id`,`volunteer_id`,`stage_status`,`update_text`) VALUES (20,9,577,'en_route','Food distribution completed for today.');
INSERT INTO `volunteer_field_updates` (`id`,`task_id`,`volunteer_id`,`stage_status`,`update_text`) VALUES (21,28,893,'en_route','Road blocked, finding alternate route.');
INSERT INTO `volunteer_field_updates` (`id`,`task_id`,`volunteer_id`,`stage_status`,`update_text`) VALUES (22,3,467,'needs_backup','Coordinating with local authorities for road clearance.');
INSERT INTO `volunteer_field_updates` (`id`,`task_id`,`volunteer_id`,`stage_status`,`update_text`) VALUES (23,6,581,'en_route','Distributing supplies to affected families.');
INSERT INTO `volunteer_field_updates` (`id`,`task_id`,`volunteer_id`,`stage_status`,`update_text`) VALUES (24,56,748,'en_route','Road blocked, finding alternate route.');
INSERT INTO `volunteer_field_updates` (`id`,`task_id`,`volunteer_id`,`stage_status`,`update_text`) VALUES (25,19,669,'completed','Shelter fully set up. 30 people accommodated.');
INSERT INTO `volunteer_field_updates` (`id`,`task_id`,`volunteer_id`,`stage_status`,`update_text`) VALUES (26,23,289,'needs_backup','Distributing supplies to affected families.');
INSERT INTO `volunteer_field_updates` (`id`,`task_id`,`volunteer_id`,`stage_status`,`update_text`) VALUES (27,3,811,'on_site','Distributing supplies to affected families.');
INSERT INTO `volunteer_field_updates` (`id`,`task_id`,`volunteer_id`,`stage_status`,`update_text`) VALUES (28,13,587,'on_site','Medical team deployed. Treating minor injuries.');
INSERT INTO `volunteer_field_updates` (`id`,`task_id`,`volunteer_id`,`stage_status`,`update_text`) VALUES (29,43,823,'en_route','Road blocked, finding alternate route.');
INSERT INTO `volunteer_field_updates` (`id`,`task_id`,`volunteer_id`,`stage_status`,`update_text`) VALUES (30,34,700,'on_site','Food distribution completed for today.');
INSERT INTO `volunteer_field_updates` (`id`,`task_id`,`volunteer_id`,`stage_status`,`update_text`) VALUES (31,30,706,'needs_backup','Water level rising. Need immediate evacuation support.');
INSERT INTO `volunteer_field_updates` (`id`,`task_id`,`volunteer_id`,`stage_status`,`update_text`) VALUES (32,37,719,'completed','Road blocked, finding alternate route.');
INSERT INTO `volunteer_field_updates` (`id`,`task_id`,`volunteer_id`,`stage_status`,`update_text`) VALUES (33,53,615,'completed','Road blocked, finding alternate route.');
INSERT INTO `volunteer_field_updates` (`id`,`task_id`,`volunteer_id`,`stage_status`,`update_text`) VALUES (34,16,680,'en_route','Medical team deployed. Treating minor injuries.');
INSERT INTO `volunteer_field_updates` (`id`,`task_id`,`volunteer_id`,`stage_status`,`update_text`) VALUES (35,32,884,'needs_backup','Shelter fully set up. 30 people accommodated.');
INSERT INTO `volunteer_field_updates` (`id`,`task_id`,`volunteer_id`,`stage_status`,`update_text`) VALUES (36,5,286,'en_route','Road blocked, finding alternate route.');
INSERT INTO `volunteer_field_updates` (`id`,`task_id`,`volunteer_id`,`stage_status`,`update_text`) VALUES (37,14,672,'needs_backup','Coordinating with local authorities for road clearance.');
INSERT INTO `volunteer_field_updates` (`id`,`task_id`,`volunteer_id`,`stage_status`,`update_text`) VALUES (38,36,877,'en_route','Arrived at location, assessing situation.');
INSERT INTO `volunteer_field_updates` (`id`,`task_id`,`volunteer_id`,`stage_status`,`update_text`) VALUES (39,14,884,'en_route','Distributing supplies to affected families.');
INSERT INTO `volunteer_field_updates` (`id`,`task_id`,`volunteer_id`,`stage_status`,`update_text`) VALUES (40,56,642,'on_site','Shelter fully set up. 30 people accommodated.');
INSERT INTO `volunteer_field_updates` (`id`,`task_id`,`volunteer_id`,`stage_status`,`update_text`) VALUES (41,13,820,'on_site','Coordinating with local authorities for road clearance.');
INSERT INTO `volunteer_field_updates` (`id`,`task_id`,`volunteer_id`,`stage_status`,`update_text`) VALUES (42,5,924,'on_site','Shelter fully set up. 30 people accommodated.');
INSERT INTO `volunteer_field_updates` (`id`,`task_id`,`volunteer_id`,`stage_status`,`update_text`) VALUES (43,27,341,'en_route','Arrived at location, assessing situation.');
INSERT INTO `volunteer_field_updates` (`id`,`task_id`,`volunteer_id`,`stage_status`,`update_text`) VALUES (44,24,436,'completed','Shelter fully set up. 30 people accommodated.');
INSERT INTO `volunteer_field_updates` (`id`,`task_id`,`volunteer_id`,`stage_status`,`update_text`) VALUES (45,19,655,'needs_backup','Water level rising. Need immediate evacuation support.');
INSERT INTO `volunteer_field_updates` (`id`,`task_id`,`volunteer_id`,`stage_status`,`update_text`) VALUES (46,9,885,'needs_backup','Water level rising. Need immediate evacuation support.');
INSERT INTO `volunteer_field_updates` (`id`,`task_id`,`volunteer_id`,`stage_status`,`update_text`) VALUES (47,22,706,'needs_backup','Coordinating with local authorities for road clearance.');
INSERT INTO `volunteer_field_updates` (`id`,`task_id`,`volunteer_id`,`stage_status`,`update_text`) VALUES (48,48,902,'needs_backup','Food distribution completed for today.');
INSERT INTO `volunteer_field_updates` (`id`,`task_id`,`volunteer_id`,`stage_status`,`update_text`) VALUES (49,41,457,'on_site','Distributing supplies to affected families.');
INSERT INTO `volunteer_field_updates` (`id`,`task_id`,`volunteer_id`,`stage_status`,`update_text`) VALUES (50,60,524,'en_route','Road blocked, finding alternate route.');
INSERT INTO `volunteer_field_updates` (`id`,`task_id`,`volunteer_id`,`stage_status`,`update_text`) VALUES (51,25,729,'on_site','Road blocked, finding alternate route.');
INSERT INTO `volunteer_field_updates` (`id`,`task_id`,`volunteer_id`,`stage_status`,`update_text`) VALUES (52,7,437,'needs_backup','Coordinating with local authorities for road clearance.');
INSERT INTO `volunteer_field_updates` (`id`,`task_id`,`volunteer_id`,`stage_status`,`update_text`) VALUES (53,27,788,'completed','Road blocked, finding alternate route.');
INSERT INTO `volunteer_field_updates` (`id`,`task_id`,`volunteer_id`,`stage_status`,`update_text`) VALUES (54,59,938,'needs_backup','Road blocked, finding alternate route.');
INSERT INTO `volunteer_field_updates` (`id`,`task_id`,`volunteer_id`,`stage_status`,`update_text`) VALUES (55,40,659,'en_route','Arrived at location, assessing situation.');
INSERT INTO `volunteer_field_updates` (`id`,`task_id`,`volunteer_id`,`stage_status`,`update_text`) VALUES (56,53,771,'on_site','Distributing supplies to affected families.');
INSERT INTO `volunteer_field_updates` (`id`,`task_id`,`volunteer_id`,`stage_status`,`update_text`) VALUES (57,20,502,'needs_backup','Arrived at location, assessing situation.');
INSERT INTO `volunteer_field_updates` (`id`,`task_id`,`volunteer_id`,`stage_status`,`update_text`) VALUES (58,51,550,'on_site','Coordinating with local authorities for road clearance.');
INSERT INTO `volunteer_field_updates` (`id`,`task_id`,`volunteer_id`,`stage_status`,`update_text`) VALUES (59,13,764,'on_site','Road blocked, finding alternate route.');
INSERT INTO `volunteer_field_updates` (`id`,`task_id`,`volunteer_id`,`stage_status`,`update_text`) VALUES (60,53,827,'on_site','Food distribution completed for today.');
INSERT INTO `volunteer_field_updates` (`id`,`task_id`,`volunteer_id`,`stage_status`,`update_text`) VALUES (61,9,596,'needs_backup','Medical team deployed. Treating minor injuries.');
INSERT INTO `volunteer_field_updates` (`id`,`task_id`,`volunteer_id`,`stage_status`,`update_text`) VALUES (62,42,877,'completed','Medical team deployed. Treating minor injuries.');
INSERT INTO `volunteer_field_updates` (`id`,`task_id`,`volunteer_id`,`stage_status`,`update_text`) VALUES (63,42,795,'needs_backup','Medical team deployed. Treating minor injuries.');
INSERT INTO `volunteer_field_updates` (`id`,`task_id`,`volunteer_id`,`stage_status`,`update_text`) VALUES (64,35,306,'en_route','Shelter fully set up. 30 people accommodated.');
INSERT INTO `volunteer_field_updates` (`id`,`task_id`,`volunteer_id`,`stage_status`,`update_text`) VALUES (65,34,444,'needs_backup','Medical team deployed. Treating minor injuries.');
INSERT INTO `volunteer_field_updates` (`id`,`task_id`,`volunteer_id`,`stage_status`,`update_text`) VALUES (66,27,327,'completed','Arrived at location, assessing situation.');
INSERT INTO `volunteer_field_updates` (`id`,`task_id`,`volunteer_id`,`stage_status`,`update_text`) VALUES (67,53,898,'en_route','Food distribution completed for today.');
INSERT INTO `volunteer_field_updates` (`id`,`task_id`,`volunteer_id`,`stage_status`,`update_text`) VALUES (68,40,918,'needs_backup','Coordinating with local authorities for road clearance.');
INSERT INTO `volunteer_field_updates` (`id`,`task_id`,`volunteer_id`,`stage_status`,`update_text`) VALUES (69,26,685,'en_route','Road blocked, finding alternate route.');
INSERT INTO `volunteer_field_updates` (`id`,`task_id`,`volunteer_id`,`stage_status`,`update_text`) VALUES (70,39,354,'completed','Distributing supplies to affected families.');
INSERT INTO `volunteer_field_updates` (`id`,`task_id`,`volunteer_id`,`stage_status`,`update_text`) VALUES (71,2,298,'on_site','Medical team deployed. Treating minor injuries.');
INSERT INTO `volunteer_field_updates` (`id`,`task_id`,`volunteer_id`,`stage_status`,`update_text`) VALUES (72,41,405,'on_site','Food distribution completed for today.');
INSERT INTO `volunteer_field_updates` (`id`,`task_id`,`volunteer_id`,`stage_status`,`update_text`) VALUES (73,3,888,'en_route','Arrived at location, assessing situation.');
INSERT INTO `volunteer_field_updates` (`id`,`task_id`,`volunteer_id`,`stage_status`,`update_text`) VALUES (74,58,451,'needs_backup','Distributing supplies to affected families.');
INSERT INTO `volunteer_field_updates` (`id`,`task_id`,`volunteer_id`,`stage_status`,`update_text`) VALUES (75,53,782,'needs_backup','Water level rising. Need immediate evacuation support.');
INSERT INTO `volunteer_field_updates` (`id`,`task_id`,`volunteer_id`,`stage_status`,`update_text`) VALUES (76,54,887,'en_route','Road blocked, finding alternate route.');
INSERT INTO `volunteer_field_updates` (`id`,`task_id`,`volunteer_id`,`stage_status`,`update_text`) VALUES (77,31,892,'on_site','Arrived at location, assessing situation.');
INSERT INTO `volunteer_field_updates` (`id`,`task_id`,`volunteer_id`,`stage_status`,`update_text`) VALUES (78,54,645,'needs_backup','Water level rising. Need immediate evacuation support.');
INSERT INTO `volunteer_field_updates` (`id`,`task_id`,`volunteer_id`,`stage_status`,`update_text`) VALUES (79,57,476,'completed','Road blocked, finding alternate route.');
INSERT INTO `volunteer_field_updates` (`id`,`task_id`,`volunteer_id`,`stage_status`,`update_text`) VALUES (80,8,395,'on_site','Road blocked, finding alternate route.');

-- Donations (~80, covering all status/role combos)
INSERT INTO `donations` (`donation_id`,`user_id`,`submitted_by_user_id`,`submitted_by_role`,`public_access_token`,`collection_point_id`,`name`,`contact_number`,`email`,`address`,`collection_date`,`time_slot`,`special_notes`,`confirmation`,`status`,`received_at`,`cancelled_at`,`delivered_at`) VALUES (1,245,245,'general','c847bfe8cb656e24e2db22c37b709c66',35,'Sewwandi Ekanayake','0758114975','donor.1@example.com','194, Lake Rd, Colombo','2026-05-01','12pm–4pm',NULL,1,'Pending',NULL,NULL,NULL);
INSERT INTO `donations` (`donation_id`,`user_id`,`submitted_by_user_id`,`submitted_by_role`,`public_access_token`,`collection_point_id`,`name`,`contact_number`,`email`,`address`,`collection_date`,`time_slot`,`special_notes`,`confirmation`,`status`,`received_at`,`cancelled_at`,`delivered_at`) VALUES (2,238,238,'general','bea1216a4f29e0a383914d1c2d587a15',16,'Kumari Herath','0738940289','donor.2@example.com','115, Temple Rd, Galle','2026-05-02','12pm–4pm',NULL,1,'Pending',NULL,NULL,NULL);
INSERT INTO `donations` (`donation_id`,`user_id`,`submitted_by_user_id`,`submitted_by_role`,`public_access_token`,`collection_point_id`,`name`,`contact_number`,`email`,`address`,`collection_date`,`time_slot`,`special_notes`,`confirmation`,`status`,`received_at`,`cancelled_at`,`delivered_at`) VALUES (3,220,220,'general','3369c2e9a338d85cdd3194eb555ae57e',15,'Dilhani Fernando','0735491653','donor.3@example.com','70, Lake Rd, Kandy','2026-05-04','6pm–9pm',NULL,1,'Pending',NULL,NULL,NULL);
INSERT INTO `donations` (`donation_id`,`user_id`,`submitted_by_user_id`,`submitted_by_role`,`public_access_token`,`collection_point_id`,`name`,`contact_number`,`email`,`address`,`collection_date`,`time_slot`,`special_notes`,`confirmation`,`status`,`received_at`,`cancelled_at`,`delivered_at`) VALUES (4,249,249,'general','7033e5f1422125d02ab38d0e74c31b22',33,'Anusha Gunasekara','0719045660','donor.4@example.com','39, Temple Rd, Galle','2026-05-15','9am–12pm','Please handle with care',1,'Pending',NULL,NULL,NULL);
INSERT INTO `donations` (`donation_id`,`user_id`,`submitted_by_user_id`,`submitted_by_role`,`public_access_token`,`collection_point_id`,`name`,`contact_number`,`email`,`address`,`collection_date`,`time_slot`,`special_notes`,`confirmation`,`status`,`received_at`,`cancelled_at`,`delivered_at`) VALUES (5,190,190,'general','5c96a37f5fe1f3c722a9fc7be4fae062',34,'Dilhani Ekanayake','0787290832','donor.5@example.com','100, Lake Rd, Colombo','2026-04-24','9am–12pm',NULL,1,'Pending',NULL,NULL,NULL);
INSERT INTO `donations` (`donation_id`,`user_id`,`submitted_by_user_id`,`submitted_by_role`,`public_access_token`,`collection_point_id`,`name`,`contact_number`,`email`,`address`,`collection_date`,`time_slot`,`special_notes`,`confirmation`,`status`,`received_at`,`cancelled_at`,`delivered_at`) VALUES (6,196,196,'general','210d5d6ede6b18b8c02e4e9627dce3d0',34,'Dulani Karunaratne','0758384075','donor.6@example.com','17, Lake Rd, Colombo','2026-04-25','9am–12pm',NULL,1,'Pending',NULL,NULL,NULL);
INSERT INTO `donations` (`donation_id`,`user_id`,`submitted_by_user_id`,`submitted_by_role`,`public_access_token`,`collection_point_id`,`name`,`contact_number`,`email`,`address`,`collection_date`,`time_slot`,`special_notes`,`confirmation`,`status`,`received_at`,`cancelled_at`,`delivered_at`) VALUES (7,200,200,'general','20228076f9578c4ea0e5859367c814d4',35,'Iresha Dissanayake','0784372494','donor.7@example.com','110, Main St, Gampaha','2026-04-29','6pm–9pm',NULL,1,'Pending',NULL,NULL,NULL);
INSERT INTO `donations` (`donation_id`,`user_id`,`submitted_by_user_id`,`submitted_by_role`,`public_access_token`,`collection_point_id`,`name`,`contact_number`,`email`,`address`,`collection_date`,`time_slot`,`special_notes`,`confirmation`,`status`,`received_at`,`cancelled_at`,`delivered_at`) VALUES (8,265,265,'general','5c6a35c0ac45e572aebb42ed6cb3dd45',8,'Iresha Perera','0795041566','donor.8@example.com','110, Temple Rd, Galle','2026-04-16','12pm–4pm','Please handle with care',1,'Pending',NULL,NULL,NULL);
INSERT INTO `donations` (`donation_id`,`user_id`,`submitted_by_user_id`,`submitted_by_role`,`public_access_token`,`collection_point_id`,`name`,`contact_number`,`email`,`address`,`collection_date`,`time_slot`,`special_notes`,`confirmation`,`status`,`received_at`,`cancelled_at`,`delivered_at`) VALUES (9,NULL,239,'volunteer','e6f10086c6b9b3cd804780634d80dc33',26,'Dilhani Bandara','0715841935','donor.9@example.com','62, Main St, Galle','2026-05-15','6pm–9pm',NULL,1,'Pending',NULL,NULL,NULL);
INSERT INTO `donations` (`donation_id`,`user_id`,`submitted_by_user_id`,`submitted_by_role`,`public_access_token`,`collection_point_id`,`name`,`contact_number`,`email`,`address`,`collection_date`,`time_slot`,`special_notes`,`confirmation`,`status`,`received_at`,`cancelled_at`,`delivered_at`) VALUES (10,NULL,193,'volunteer','ce8b4abc461d00e3109017e19ead015a',31,'Dilhani Samarasinghe','0794087629','donor.10@example.com','180, Main St, Kandy','2026-04-20','12pm–4pm',NULL,1,'Pending',NULL,NULL,NULL);
INSERT INTO `donations` (`donation_id`,`user_id`,`submitted_by_user_id`,`submitted_by_role`,`public_access_token`,`collection_point_id`,`name`,`contact_number`,`email`,`address`,`collection_date`,`time_slot`,`special_notes`,`confirmation`,`status`,`received_at`,`cancelled_at`,`delivered_at`) VALUES (11,NULL,268,'volunteer','6ddc3853aea7cdc6c16990dc221f6fda',16,'Nimali Liyanage','0720371561','donor.11@example.com','111, Main St, Gampaha','2026-04-24','9am–12pm',NULL,1,'Pending',NULL,NULL,NULL);
INSERT INTO `donations` (`donation_id`,`user_id`,`submitted_by_user_id`,`submitted_by_role`,`public_access_token`,`collection_point_id`,`name`,`contact_number`,`email`,`address`,`collection_date`,`time_slot`,`special_notes`,`confirmation`,`status`,`received_at`,`cancelled_at`,`delivered_at`) VALUES (12,NULL,250,'volunteer','4c1718dddf66602d7ce6d867e998a77c',33,'Pavithra Herath','0758329505','donor.12@example.com','60, Temple Rd, Kandy','2026-05-05','9am–12pm','Please handle with care',1,'Pending',NULL,NULL,NULL);
INSERT INTO `donations` (`donation_id`,`user_id`,`submitted_by_user_id`,`submitted_by_role`,`public_access_token`,`collection_point_id`,`name`,`contact_number`,`email`,`address`,`collection_date`,`time_slot`,`special_notes`,`confirmation`,`status`,`received_at`,`cancelled_at`,`delivered_at`) VALUES (13,NULL,234,'volunteer','e7795312eb53a9d3871e16dcb86534ca',4,'Rashmi Dissanayake','0719599688','donor.13@example.com','198, Main St, Gampaha','2026-05-02','12pm–4pm',NULL,1,'Pending',NULL,NULL,NULL);
INSERT INTO `donations` (`donation_id`,`user_id`,`submitted_by_user_id`,`submitted_by_role`,`public_access_token`,`collection_point_id`,`name`,`contact_number`,`email`,`address`,`collection_date`,`time_slot`,`special_notes`,`confirmation`,`status`,`received_at`,`cancelled_at`,`delivered_at`) VALUES (14,NULL,227,'volunteer','1511acbc7b148803fa14814c204ec2d8',16,'Sewwandi Pathirana','0731520749','donor.14@example.com','157, Main St, Kandy','2026-04-29','9am–12pm',NULL,1,'Pending',NULL,NULL,NULL);
INSERT INTO `donations` (`donation_id`,`user_id`,`submitted_by_user_id`,`submitted_by_role`,`public_access_token`,`collection_point_id`,`name`,`contact_number`,`email`,`address`,`collection_date`,`time_slot`,`special_notes`,`confirmation`,`status`,`received_at`,`cancelled_at`,`delivered_at`) VALUES (15,NULL,NULL,'guest','48987634af26d9bb51f83590f1a5606c',9,'Dilhani Wijesinghe','0790677154','donor.15@example.com','127, Hill St, Kandy','2026-05-01','6pm–9pm',NULL,1,'Pending',NULL,NULL,NULL);
INSERT INTO `donations` (`donation_id`,`user_id`,`submitted_by_user_id`,`submitted_by_role`,`public_access_token`,`collection_point_id`,`name`,`contact_number`,`email`,`address`,`collection_date`,`time_slot`,`special_notes`,`confirmation`,`status`,`received_at`,`cancelled_at`,`delivered_at`) VALUES (16,NULL,NULL,'guest','1ca03ac715485685649572ffbf7cc7c5',7,'Ayesha Rathnayake','0780703890','donor.16@example.com','40, Hill St, Gampaha','2026-04-24','12pm–4pm','Please handle with care',1,'Pending',NULL,NULL,NULL);
INSERT INTO `donations` (`donation_id`,`user_id`,`submitted_by_user_id`,`submitted_by_role`,`public_access_token`,`collection_point_id`,`name`,`contact_number`,`email`,`address`,`collection_date`,`time_slot`,`special_notes`,`confirmation`,`status`,`received_at`,`cancelled_at`,`delivered_at`) VALUES (17,NULL,NULL,'guest','8ee64cfb530abf71cd0296989435cdb1',12,'Dilhani Bandara','0724965271','donor.17@example.com','187, Main St, Colombo','2026-04-20','12pm–4pm',NULL,1,'Pending',NULL,NULL,NULL);
INSERT INTO `donations` (`donation_id`,`user_id`,`submitted_by_user_id`,`submitted_by_role`,`public_access_token`,`collection_point_id`,`name`,`contact_number`,`email`,`address`,`collection_date`,`time_slot`,`special_notes`,`confirmation`,`status`,`received_at`,`cancelled_at`,`delivered_at`) VALUES (18,NULL,NULL,'guest','dfe8a0cf06f40d0ca27be5793fafe12e',6,'Nimali Jayawardena','0735101039','donor.18@example.com','33, Main St, Gampaha','2026-04-16','9am–12pm',NULL,1,'Pending',NULL,NULL,NULL);
INSERT INTO `donations` (`donation_id`,`user_id`,`submitted_by_user_id`,`submitted_by_role`,`public_access_token`,`collection_point_id`,`name`,`contact_number`,`email`,`address`,`collection_date`,`time_slot`,`special_notes`,`confirmation`,`status`,`received_at`,`cancelled_at`,`delivered_at`) VALUES (19,NULL,NULL,'guest','a26afa3d20f342f7d30812e82e7f11d5',29,'Kumari Fernando','0712963729','donor.19@example.com','166, Temple Rd, Galle','2026-05-06','9am–12pm',NULL,1,'Pending',NULL,NULL,NULL);
INSERT INTO `donations` (`donation_id`,`user_id`,`submitted_by_user_id`,`submitted_by_role`,`public_access_token`,`collection_point_id`,`name`,`contact_number`,`email`,`address`,`collection_date`,`time_slot`,`special_notes`,`confirmation`,`status`,`received_at`,`cancelled_at`,`delivered_at`) VALUES (20,NULL,NULL,'guest','4eb76389d6c7e84a128df7096e71cc8c',10,'Nethmi Liyanage','0755046848','donor.20@example.com','102, Temple Rd, Gampaha','2026-05-12','9am–12pm','Please handle with care',1,'Pending',NULL,NULL,NULL);
INSERT INTO `donations` (`donation_id`,`user_id`,`submitted_by_user_id`,`submitted_by_role`,`public_access_token`,`collection_point_id`,`name`,`contact_number`,`email`,`address`,`collection_date`,`time_slot`,`special_notes`,`confirmation`,`status`,`received_at`,`cancelled_at`,`delivered_at`) VALUES (21,NULL,NULL,'guest','2d76e34cf4360b1c8c13072e5fa986bb',27,'Pavithra Ekanayake','0739283275','donor.21@example.com','123, Temple Rd, Gampaha','2026-04-24','6pm–9pm',NULL,1,'Pending',NULL,NULL,NULL);
INSERT INTO `donations` (`donation_id`,`user_id`,`submitted_by_user_id`,`submitted_by_role`,`public_access_token`,`collection_point_id`,`name`,`contact_number`,`email`,`address`,`collection_date`,`time_slot`,`special_notes`,`confirmation`,`status`,`received_at`,`cancelled_at`,`delivered_at`) VALUES (22,153,153,'general','fbb2792855abe34f59ea5757c7ab27c6',4,'Nimali Perera','0772465329','donor.22@example.com','61, Lake Rd, Gampaha','2026-05-13','9am–12pm',NULL,1,'Received','2025-10-14 04:32:24',NULL,NULL);
INSERT INTO `donations` (`donation_id`,`user_id`,`submitted_by_user_id`,`submitted_by_role`,`public_access_token`,`collection_point_id`,`name`,`contact_number`,`email`,`address`,`collection_date`,`time_slot`,`special_notes`,`confirmation`,`status`,`received_at`,`cancelled_at`,`delivered_at`) VALUES (23,219,219,'general','87e0b33f1150647669fe1a080b4379e2',23,'Kavisha Dissanayake','0795017731','donor.23@example.com','147, Lake Rd, Galle','2026-05-12','9am–12pm',NULL,1,'Received','2026-03-19 03:09:33',NULL,NULL);
INSERT INTO `donations` (`donation_id`,`user_id`,`submitted_by_user_id`,`submitted_by_role`,`public_access_token`,`collection_point_id`,`name`,`contact_number`,`email`,`address`,`collection_date`,`time_slot`,`special_notes`,`confirmation`,`status`,`received_at`,`cancelled_at`,`delivered_at`) VALUES (24,167,167,'general','c884eccfe4c7cf950efe0f1e4c4f05d0',16,'Sewwandi Karunaratne','0791919214','donor.24@example.com','191, Main St, Kandy','2026-04-19','6pm–9pm','Please handle with care',1,'Received','2025-12-25 08:50:01',NULL,NULL);
INSERT INTO `donations` (`donation_id`,`user_id`,`submitted_by_user_id`,`submitted_by_role`,`public_access_token`,`collection_point_id`,`name`,`contact_number`,`email`,`address`,`collection_date`,`time_slot`,`special_notes`,`confirmation`,`status`,`received_at`,`cancelled_at`,`delivered_at`) VALUES (25,243,243,'general','8d6b2feb4acdf1080f0a76a5894ba8f1',23,'Sanduni Perera','0777059205','donor.25@example.com','139, Hill St, Kandy','2026-05-01','9am–12pm',NULL,1,'Received','2025-11-13 13:22:25',NULL,NULL);
INSERT INTO `donations` (`donation_id`,`user_id`,`submitted_by_user_id`,`submitted_by_role`,`public_access_token`,`collection_point_id`,`name`,`contact_number`,`email`,`address`,`collection_date`,`time_slot`,`special_notes`,`confirmation`,`status`,`received_at`,`cancelled_at`,`delivered_at`) VALUES (26,201,201,'general','98356a02746cd72093ad5e35eb8b9ec0',25,'Iresha Bandara','0711321828','donor.26@example.com','7, Hill St, Colombo','2026-05-14','12pm–4pm',NULL,1,'Received','2026-02-15 09:32:23',NULL,NULL);
INSERT INTO `donations` (`donation_id`,`user_id`,`submitted_by_user_id`,`submitted_by_role`,`public_access_token`,`collection_point_id`,`name`,`contact_number`,`email`,`address`,`collection_date`,`time_slot`,`special_notes`,`confirmation`,`status`,`received_at`,`cancelled_at`,`delivered_at`) VALUES (27,202,202,'general','11bf3bc192bf354f3684a8d6e6e6147d',11,'Nethmi Ekanayake','0755505717','donor.27@example.com','38, Lake Rd, Kandy','2026-04-28','6pm–9pm',NULL,1,'Received','2025-10-25 02:32:23',NULL,NULL);
INSERT INTO `donations` (`donation_id`,`user_id`,`submitted_by_user_id`,`submitted_by_role`,`public_access_token`,`collection_point_id`,`name`,`contact_number`,`email`,`address`,`collection_date`,`time_slot`,`special_notes`,`confirmation`,`status`,`received_at`,`cancelled_at`,`delivered_at`) VALUES (28,187,187,'general','c8a5fceeef97a8b80e42cc973d199117',34,'Tharushi Fernando','0718305603','donor.28@example.com','183, Temple Rd, Colombo','2026-04-20','9am–12pm','Please handle with care',1,'Received','2026-03-03 21:40:22',NULL,NULL);
INSERT INTO `donations` (`donation_id`,`user_id`,`submitted_by_user_id`,`submitted_by_role`,`public_access_token`,`collection_point_id`,`name`,`contact_number`,`email`,`address`,`collection_date`,`time_slot`,`special_notes`,`confirmation`,`status`,`received_at`,`cancelled_at`,`delivered_at`) VALUES (29,NULL,160,'volunteer','a7f751b00cc6067e158fe59c3493047f',32,'Chamari Bandara','0766576093','donor.29@example.com','30, Hill St, Colombo','2026-04-20','12pm–4pm',NULL,1,'Received','2025-11-11 17:21:39',NULL,NULL);
INSERT INTO `donations` (`donation_id`,`user_id`,`submitted_by_user_id`,`submitted_by_role`,`public_access_token`,`collection_point_id`,`name`,`contact_number`,`email`,`address`,`collection_date`,`time_slot`,`special_notes`,`confirmation`,`status`,`received_at`,`cancelled_at`,`delivered_at`) VALUES (30,NULL,243,'volunteer','405096d9b0d04daa8421558680d5d3b4',14,'Pavithra Perera','0729731157','donor.30@example.com','107, Hill St, Colombo','2026-04-26','9am–12pm',NULL,1,'Received','2025-09-11 15:53:19',NULL,NULL);
INSERT INTO `donations` (`donation_id`,`user_id`,`submitted_by_user_id`,`submitted_by_role`,`public_access_token`,`collection_point_id`,`name`,`contact_number`,`email`,`address`,`collection_date`,`time_slot`,`special_notes`,`confirmation`,`status`,`received_at`,`cancelled_at`,`delivered_at`) VALUES (31,NULL,156,'volunteer','c90b2ce056879e70c895a76ff07593f7',36,'Nimali Pathirana','0750968803','donor.31@example.com','88, Main St, Gampaha','2026-04-17','9am–12pm',NULL,1,'Received','2026-02-15 17:24:47',NULL,NULL);
INSERT INTO `donations` (`donation_id`,`user_id`,`submitted_by_user_id`,`submitted_by_role`,`public_access_token`,`collection_point_id`,`name`,`contact_number`,`email`,`address`,`collection_date`,`time_slot`,`special_notes`,`confirmation`,`status`,`received_at`,`cancelled_at`,`delivered_at`) VALUES (32,NULL,208,'volunteer','85fbe298e6aca36f7db5372c6099c698',32,'Sachini Samarasinghe','0791319872','donor.32@example.com','3, Main St, Colombo','2026-05-09','6pm–9pm','Please handle with care',1,'Received','2025-11-05 07:13:42',NULL,NULL);
INSERT INTO `donations` (`donation_id`,`user_id`,`submitted_by_user_id`,`submitted_by_role`,`public_access_token`,`collection_point_id`,`name`,`contact_number`,`email`,`address`,`collection_date`,`time_slot`,`special_notes`,`confirmation`,`status`,`received_at`,`cancelled_at`,`delivered_at`) VALUES (33,NULL,223,'volunteer','c2edabd2d30fbb053d15e0feb6f03db3',28,'Pavithra Fernando','0724331727','donor.33@example.com','178, Hill St, Galle','2026-05-15','6pm–9pm',NULL,1,'Received','2026-03-03 11:09:27',NULL,NULL);
INSERT INTO `donations` (`donation_id`,`user_id`,`submitted_by_user_id`,`submitted_by_role`,`public_access_token`,`collection_point_id`,`name`,`contact_number`,`email`,`address`,`collection_date`,`time_slot`,`special_notes`,`confirmation`,`status`,`received_at`,`cancelled_at`,`delivered_at`) VALUES (34,NULL,176,'volunteer','570c24cc878403ae93459ed34314ff26',32,'Iresha Karunaratne','0739524838','donor.34@example.com','43, Temple Rd, Colombo','2026-05-03','6pm–9pm',NULL,1,'Received','2025-09-21 02:07:58',NULL,NULL);
INSERT INTO `donations` (`donation_id`,`user_id`,`submitted_by_user_id`,`submitted_by_role`,`public_access_token`,`collection_point_id`,`name`,`contact_number`,`email`,`address`,`collection_date`,`time_slot`,`special_notes`,`confirmation`,`status`,`received_at`,`cancelled_at`,`delivered_at`) VALUES (35,NULL,NULL,'guest','abb9c412f4fca07052743acfdd03cdd9',11,'Sachini Ekanayake','0749889122','donor.35@example.com','111, Temple Rd, Galle','2026-05-08','12pm–4pm',NULL,1,'Received','2026-03-13 09:10:26',NULL,NULL);
INSERT INTO `donations` (`donation_id`,`user_id`,`submitted_by_user_id`,`submitted_by_role`,`public_access_token`,`collection_point_id`,`name`,`contact_number`,`email`,`address`,`collection_date`,`time_slot`,`special_notes`,`confirmation`,`status`,`received_at`,`cancelled_at`,`delivered_at`) VALUES (36,NULL,NULL,'guest','e71283c134a2ec9ec5b52d9ab7906b14',35,'Sachini Karunaratne','0770996077','donor.36@example.com','27, Temple Rd, Gampaha','2026-04-27','6pm–9pm','Please handle with care',1,'Received','2025-09-08 18:05:46',NULL,NULL);
INSERT INTO `donations` (`donation_id`,`user_id`,`submitted_by_user_id`,`submitted_by_role`,`public_access_token`,`collection_point_id`,`name`,`contact_number`,`email`,`address`,`collection_date`,`time_slot`,`special_notes`,`confirmation`,`status`,`received_at`,`cancelled_at`,`delivered_at`) VALUES (37,NULL,NULL,'guest','1a465e68ba459e5d39cb30af2b66b784',32,'Sanduni Silva','0793252594','donor.37@example.com','113, Hill St, Kandy','2026-04-26','6pm–9pm',NULL,1,'Received','2025-11-28 16:40:10',NULL,NULL);
INSERT INTO `donations` (`donation_id`,`user_id`,`submitted_by_user_id`,`submitted_by_role`,`public_access_token`,`collection_point_id`,`name`,`contact_number`,`email`,`address`,`collection_date`,`time_slot`,`special_notes`,`confirmation`,`status`,`received_at`,`cancelled_at`,`delivered_at`) VALUES (38,NULL,NULL,'guest','5864b0dba4ae277737ba90caa15bb6e0',18,'Sanduni Mendis','0772732245','donor.38@example.com','6, Main St, Galle','2026-05-13','12pm–4pm',NULL,1,'Received','2025-12-08 18:02:08',NULL,NULL);
INSERT INTO `donations` (`donation_id`,`user_id`,`submitted_by_user_id`,`submitted_by_role`,`public_access_token`,`collection_point_id`,`name`,`contact_number`,`email`,`address`,`collection_date`,`time_slot`,`special_notes`,`confirmation`,`status`,`received_at`,`cancelled_at`,`delivered_at`) VALUES (39,NULL,NULL,'guest','5e864c3d74ebfdec705054bc634de486',6,'Sewwandi Wickramasinghe','0750790003','donor.39@example.com','3, Temple Rd, Colombo','2026-04-29','9am–12pm',NULL,1,'Received','2025-09-15 18:46:57',NULL,NULL);
INSERT INTO `donations` (`donation_id`,`user_id`,`submitted_by_user_id`,`submitted_by_role`,`public_access_token`,`collection_point_id`,`name`,`contact_number`,`email`,`address`,`collection_date`,`time_slot`,`special_notes`,`confirmation`,`status`,`received_at`,`cancelled_at`,`delivered_at`) VALUES (40,NULL,NULL,'guest','46b257d38923f450651b70f66c3c6cc4',27,'Sachini Cooray','0781896522','donor.40@example.com','75, Lake Rd, Colombo','2026-04-20','9am–12pm','Please handle with care',1,'Received','2026-04-02 08:53:21',NULL,NULL);
INSERT INTO `donations` (`donation_id`,`user_id`,`submitted_by_user_id`,`submitted_by_role`,`public_access_token`,`collection_point_id`,`name`,`contact_number`,`email`,`address`,`collection_date`,`time_slot`,`special_notes`,`confirmation`,`status`,`received_at`,`cancelled_at`,`delivered_at`) VALUES (41,NULL,NULL,'guest','81a04c3ab539dce2e9dbd3464241dcea',37,'Ayesha Silva','0792750663','donor.41@example.com','8, Temple Rd, Galle','2026-05-04','9am–12pm',NULL,1,'Received','2025-11-16 05:56:53',NULL,NULL);
INSERT INTO `donations` (`donation_id`,`user_id`,`submitted_by_user_id`,`submitted_by_role`,`public_access_token`,`collection_point_id`,`name`,`contact_number`,`email`,`address`,`collection_date`,`time_slot`,`special_notes`,`confirmation`,`status`,`received_at`,`cancelled_at`,`delivered_at`) VALUES (42,176,176,'general','c993e757e22207d2e3b408c44b325690',34,'Iresha Rathnayake','0787846368','donor.42@example.com','139, Main St, Gampaha','2026-05-12','6pm–9pm',NULL,1,'Cancelled',NULL,'2026-02-04 01:30:48',NULL);
INSERT INTO `donations` (`donation_id`,`user_id`,`submitted_by_user_id`,`submitted_by_role`,`public_access_token`,`collection_point_id`,`name`,`contact_number`,`email`,`address`,`collection_date`,`time_slot`,`special_notes`,`confirmation`,`status`,`received_at`,`cancelled_at`,`delivered_at`) VALUES (43,230,230,'general','870d4ce25e4f490b8e498c4869a5b80c',37,'Chamari Rathnayake','0763304465','donor.43@example.com','103, Hill St, Galle','2026-05-14','9am–12pm',NULL,1,'Cancelled',NULL,'2026-01-29 16:29:22',NULL);
INSERT INTO `donations` (`donation_id`,`user_id`,`submitted_by_user_id`,`submitted_by_role`,`public_access_token`,`collection_point_id`,`name`,`contact_number`,`email`,`address`,`collection_date`,`time_slot`,`special_notes`,`confirmation`,`status`,`received_at`,`cancelled_at`,`delivered_at`) VALUES (44,227,227,'general','de2b0214f435349e0b4bae653deb62a6',27,'Sachini Silva','0743911648','donor.44@example.com','107, Hill St, Colombo','2026-05-05','6pm–9pm','Please handle with care',1,'Cancelled',NULL,'2025-11-17 04:38:26',NULL);
INSERT INTO `donations` (`donation_id`,`user_id`,`submitted_by_user_id`,`submitted_by_role`,`public_access_token`,`collection_point_id`,`name`,`contact_number`,`email`,`address`,`collection_date`,`time_slot`,`special_notes`,`confirmation`,`status`,`received_at`,`cancelled_at`,`delivered_at`) VALUES (45,271,271,'general','80177160451917600592a0e3c8081842',31,'Gayani Bandara','0793352031','donor.45@example.com','172, Temple Rd, Galle','2026-04-29','12pm–4pm',NULL,1,'Cancelled',NULL,'2026-02-07 23:54:39',NULL);
INSERT INTO `donations` (`donation_id`,`user_id`,`submitted_by_user_id`,`submitted_by_role`,`public_access_token`,`collection_point_id`,`name`,`contact_number`,`email`,`address`,`collection_date`,`time_slot`,`special_notes`,`confirmation`,`status`,`received_at`,`cancelled_at`,`delivered_at`) VALUES (46,273,273,'general','a20faa2a1a2df04bfa91bf5c6a8f07a8',27,'Gayani Senanayake','0797477399','donor.46@example.com','164, Lake Rd, Galle','2026-04-24','9am–12pm',NULL,1,'Cancelled',NULL,'2025-12-27 02:17:29',NULL);
INSERT INTO `donations` (`donation_id`,`user_id`,`submitted_by_user_id`,`submitted_by_role`,`public_access_token`,`collection_point_id`,`name`,`contact_number`,`email`,`address`,`collection_date`,`time_slot`,`special_notes`,`confirmation`,`status`,`received_at`,`cancelled_at`,`delivered_at`) VALUES (47,242,242,'general','08b85511c7561c130d782611c352a12a',7,'Sachini Fernando','0761058679','donor.47@example.com','178, Hill St, Colombo','2026-04-20','6pm–9pm',NULL,1,'Cancelled',NULL,'2026-01-30 18:05:26',NULL);
INSERT INTO `donations` (`donation_id`,`user_id`,`submitted_by_user_id`,`submitted_by_role`,`public_access_token`,`collection_point_id`,`name`,`contact_number`,`email`,`address`,`collection_date`,`time_slot`,`special_notes`,`confirmation`,`status`,`received_at`,`cancelled_at`,`delivered_at`) VALUES (48,250,250,'general','9d3a53e0f6f2a990abfcb33b58f1260f',2,'Anusha Senanayake','0729460753','donor.48@example.com','191, Main St, Colombo','2026-05-04','6pm–9pm','Please handle with care',1,'Cancelled',NULL,'2026-04-03 09:57:14',NULL);
INSERT INTO `donations` (`donation_id`,`user_id`,`submitted_by_user_id`,`submitted_by_role`,`public_access_token`,`collection_point_id`,`name`,`contact_number`,`email`,`address`,`collection_date`,`time_slot`,`special_notes`,`confirmation`,`status`,`received_at`,`cancelled_at`,`delivered_at`) VALUES (49,172,172,'general','4ca9757937e542b9c038432bf144ce4b',32,'Rashmi Herath','0780892580','donor.49@example.com','118, Main St, Colombo','2026-04-27','9am–12pm',NULL,1,'Cancelled',NULL,'2025-08-21 10:54:58',NULL);
INSERT INTO `donations` (`donation_id`,`user_id`,`submitted_by_user_id`,`submitted_by_role`,`public_access_token`,`collection_point_id`,`name`,`contact_number`,`email`,`address`,`collection_date`,`time_slot`,`special_notes`,`confirmation`,`status`,`received_at`,`cancelled_at`,`delivered_at`) VALUES (50,NULL,208,'volunteer','a1cc86ccd1cce3bdf22185445a9fe236',2,'Chamari Ekanayake','0720303154','donor.50@example.com','120, Main St, Galle','2026-04-25','9am–12pm',NULL,1,'Cancelled',NULL,'2026-03-23 18:36:42',NULL);
INSERT INTO `donations` (`donation_id`,`user_id`,`submitted_by_user_id`,`submitted_by_role`,`public_access_token`,`collection_point_id`,`name`,`contact_number`,`email`,`address`,`collection_date`,`time_slot`,`special_notes`,`confirmation`,`status`,`received_at`,`cancelled_at`,`delivered_at`) VALUES (51,NULL,218,'volunteer','a52c36d96015c45f3e14ce48cd489564',13,'Anusha Fernando','0751875712','donor.51@example.com','109, Temple Rd, Gampaha','2026-05-15','6pm–9pm',NULL,1,'Cancelled',NULL,'2025-12-26 06:38:31',NULL);
INSERT INTO `donations` (`donation_id`,`user_id`,`submitted_by_user_id`,`submitted_by_role`,`public_access_token`,`collection_point_id`,`name`,`contact_number`,`email`,`address`,`collection_date`,`time_slot`,`special_notes`,`confirmation`,`status`,`received_at`,`cancelled_at`,`delivered_at`) VALUES (52,NULL,280,'volunteer','831b7021ba8e146de7bbcc6df0321fa5',14,'Ayesha Senanayake','0767923654','donor.52@example.com','124, Temple Rd, Colombo','2026-05-06','9am–12pm','Please handle with care',1,'Cancelled',NULL,'2025-12-15 16:24:39',NULL);
INSERT INTO `donations` (`donation_id`,`user_id`,`submitted_by_user_id`,`submitted_by_role`,`public_access_token`,`collection_point_id`,`name`,`contact_number`,`email`,`address`,`collection_date`,`time_slot`,`special_notes`,`confirmation`,`status`,`received_at`,`cancelled_at`,`delivered_at`) VALUES (53,NULL,259,'volunteer','b5c0bcc03f116ed2fd7d7c98c2b7c73f',26,'Hiruni Liyanage','0757632127','donor.53@example.com','16, Temple Rd, Kandy','2026-04-21','12pm–4pm',NULL,1,'Cancelled',NULL,'2025-10-09 19:42:51',NULL);
INSERT INTO `donations` (`donation_id`,`user_id`,`submitted_by_user_id`,`submitted_by_role`,`public_access_token`,`collection_point_id`,`name`,`contact_number`,`email`,`address`,`collection_date`,`time_slot`,`special_notes`,`confirmation`,`status`,`received_at`,`cancelled_at`,`delivered_at`) VALUES (54,NULL,153,'volunteer','94ca00fa5d09030f612fba2630a467d7',4,'Ayesha Gunasekara','0752443217','donor.54@example.com','103, Temple Rd, Gampaha','2026-05-04','6pm–9pm',NULL,1,'Cancelled',NULL,'2025-12-24 19:42:19',NULL);
INSERT INTO `donations` (`donation_id`,`user_id`,`submitted_by_user_id`,`submitted_by_role`,`public_access_token`,`collection_point_id`,`name`,`contact_number`,`email`,`address`,`collection_date`,`time_slot`,`special_notes`,`confirmation`,`status`,`received_at`,`cancelled_at`,`delivered_at`) VALUES (55,NULL,229,'volunteer','a905c28c8aeff783fcff18b8b3c5b284',34,'Sanduni Senanayake','0775691333','donor.55@example.com','31, Main St, Kandy','2026-05-03','12pm–4pm',NULL,1,'Cancelled',NULL,'2025-11-27 09:15:31',NULL);
INSERT INTO `donations` (`donation_id`,`user_id`,`submitted_by_user_id`,`submitted_by_role`,`public_access_token`,`collection_point_id`,`name`,`contact_number`,`email`,`address`,`collection_date`,`time_slot`,`special_notes`,`confirmation`,`status`,`received_at`,`cancelled_at`,`delivered_at`) VALUES (56,NULL,NULL,'guest','f1f39fb9cd74d3f0cd65b4fa77cc15e5',16,'Malini Silva','0730439809','donor.56@example.com','89, Temple Rd, Colombo','2026-05-12','6pm–9pm','Please handle with care',1,'Cancelled',NULL,'2026-03-18 13:54:43',NULL);
INSERT INTO `donations` (`donation_id`,`user_id`,`submitted_by_user_id`,`submitted_by_role`,`public_access_token`,`collection_point_id`,`name`,`contact_number`,`email`,`address`,`collection_date`,`time_slot`,`special_notes`,`confirmation`,`status`,`received_at`,`cancelled_at`,`delivered_at`) VALUES (57,NULL,NULL,'guest','49e881b42f951efb68a99ed0fd45ac57',22,'Anusha Wickramasinghe','0716061111','donor.57@example.com','50, Main St, Colombo','2026-04-26','6pm–9pm',NULL,1,'Cancelled',NULL,'2025-10-25 17:25:05',NULL);
INSERT INTO `donations` (`donation_id`,`user_id`,`submitted_by_user_id`,`submitted_by_role`,`public_access_token`,`collection_point_id`,`name`,`contact_number`,`email`,`address`,`collection_date`,`time_slot`,`special_notes`,`confirmation`,`status`,`received_at`,`cancelled_at`,`delivered_at`) VALUES (58,NULL,NULL,'guest','57d2811e1ee00cd8771d1895541635b5',9,'Chamari Herath','0765068145','donor.58@example.com','173, Main St, Galle','2026-04-20','9am–12pm',NULL,1,'Cancelled',NULL,'2025-11-19 00:37:11',NULL);
INSERT INTO `donations` (`donation_id`,`user_id`,`submitted_by_user_id`,`submitted_by_role`,`public_access_token`,`collection_point_id`,`name`,`contact_number`,`email`,`address`,`collection_date`,`time_slot`,`special_notes`,`confirmation`,`status`,`received_at`,`cancelled_at`,`delivered_at`) VALUES (59,NULL,NULL,'guest','61cbc555eda7f8b31905d505fa81bd44',13,'Rashmi Wickramasinghe','0778837006','donor.59@example.com','194, Temple Rd, Gampaha','2026-04-28','9am–12pm',NULL,1,'Cancelled',NULL,'2025-12-06 23:57:34',NULL);
INSERT INTO `donations` (`donation_id`,`user_id`,`submitted_by_user_id`,`submitted_by_role`,`public_access_token`,`collection_point_id`,`name`,`contact_number`,`email`,`address`,`collection_date`,`time_slot`,`special_notes`,`confirmation`,`status`,`received_at`,`cancelled_at`,`delivered_at`) VALUES (60,NULL,NULL,'guest','ff90d0008273f0ce3808c5d26e521397',20,'Nethmi Samarasinghe','0764725828','donor.60@example.com','136, Main St, Colombo','2026-05-04','6pm–9pm','Please handle with care',1,'Cancelled',NULL,'2025-11-20 02:21:22',NULL);
INSERT INTO `donations` (`donation_id`,`user_id`,`submitted_by_user_id`,`submitted_by_role`,`public_access_token`,`collection_point_id`,`name`,`contact_number`,`email`,`address`,`collection_date`,`time_slot`,`special_notes`,`confirmation`,`status`,`received_at`,`cancelled_at`,`delivered_at`) VALUES (61,NULL,NULL,'guest','7999974593321c216140782298464098',30,'Nimali Pathirana','0756403334','donor.61@example.com','113, Main St, Kandy','2026-05-06','12pm–4pm',NULL,1,'Cancelled',NULL,'2025-09-18 13:36:21',NULL);
INSERT INTO `donations` (`donation_id`,`user_id`,`submitted_by_user_id`,`submitted_by_role`,`public_access_token`,`collection_point_id`,`name`,`contact_number`,`email`,`address`,`collection_date`,`time_slot`,`special_notes`,`confirmation`,`status`,`received_at`,`cancelled_at`,`delivered_at`) VALUES (62,282,282,'general','33cbb0cb35925bca1c5508340a465964',8,'Tharushi Jayawardena','0789126043','donor.62@example.com','117, Lake Rd, Colombo','2026-04-16','6pm–9pm',NULL,1,'Delivered','2025-10-14 17:13:31',NULL,'2026-03-30 02:34:26');
INSERT INTO `donations` (`donation_id`,`user_id`,`submitted_by_user_id`,`submitted_by_role`,`public_access_token`,`collection_point_id`,`name`,`contact_number`,`email`,`address`,`collection_date`,`time_slot`,`special_notes`,`confirmation`,`status`,`received_at`,`cancelled_at`,`delivered_at`) VALUES (63,167,167,'general','df071e43cb9b0d133e37070a075c72ea',31,'Gayani Perera','0797890599','donor.63@example.com','86, Lake Rd, Gampaha','2026-04-28','6pm–9pm',NULL,1,'Delivered','2025-09-24 10:35:09',NULL,'2025-10-15 16:59:57');
INSERT INTO `donations` (`donation_id`,`user_id`,`submitted_by_user_id`,`submitted_by_role`,`public_access_token`,`collection_point_id`,`name`,`contact_number`,`email`,`address`,`collection_date`,`time_slot`,`special_notes`,`confirmation`,`status`,`received_at`,`cancelled_at`,`delivered_at`) VALUES (64,227,227,'general','f7ad27728e33a587a471bab1c63acbe0',18,'Kavisha Perera','0770214779','donor.64@example.com','13, Lake Rd, Kandy','2026-05-06','6pm–9pm','Please handle with care',1,'Delivered','2026-03-28 00:28:21',NULL,'2025-11-27 02:28:46');
INSERT INTO `donations` (`donation_id`,`user_id`,`submitted_by_user_id`,`submitted_by_role`,`public_access_token`,`collection_point_id`,`name`,`contact_number`,`email`,`address`,`collection_date`,`time_slot`,`special_notes`,`confirmation`,`status`,`received_at`,`cancelled_at`,`delivered_at`) VALUES (65,209,209,'general','1efec9e1cd5a8ee519ce76ee7e3431e4',26,'Anusha Karunaratne','0729059231','donor.65@example.com','25, Main St, Galle','2026-04-27','12pm–4pm',NULL,1,'Delivered','2026-02-05 10:59:54',NULL,'2026-02-08 15:32:56');
INSERT INTO `donations` (`donation_id`,`user_id`,`submitted_by_user_id`,`submitted_by_role`,`public_access_token`,`collection_point_id`,`name`,`contact_number`,`email`,`address`,`collection_date`,`time_slot`,`special_notes`,`confirmation`,`status`,`received_at`,`cancelled_at`,`delivered_at`) VALUES (66,167,167,'general','46f42a270ab63d381f1923b5e24ed0fd',16,'Ayesha Senanayake','0773736079','donor.66@example.com','120, Hill St, Gampaha','2026-05-04','12pm–4pm',NULL,1,'Delivered','2025-10-29 08:22:55',NULL,'2025-11-20 04:48:53');
INSERT INTO `donations` (`donation_id`,`user_id`,`submitted_by_user_id`,`submitted_by_role`,`public_access_token`,`collection_point_id`,`name`,`contact_number`,`email`,`address`,`collection_date`,`time_slot`,`special_notes`,`confirmation`,`status`,`received_at`,`cancelled_at`,`delivered_at`) VALUES (67,232,232,'general','30b2fb2362ccefd13666f2eb32757529',31,'Chamari Gunasekara','0737410993','donor.67@example.com','171, Temple Rd, Colombo','2026-04-19','9am–12pm',NULL,1,'Delivered','2025-09-24 03:36:08',NULL,'2025-11-24 05:10:07');
INSERT INTO `donations` (`donation_id`,`user_id`,`submitted_by_user_id`,`submitted_by_role`,`public_access_token`,`collection_point_id`,`name`,`contact_number`,`email`,`address`,`collection_date`,`time_slot`,`special_notes`,`confirmation`,`status`,`received_at`,`cancelled_at`,`delivered_at`) VALUES (68,178,178,'general','73e166b5664f9d73bf29f5f753beb2a3',9,'Kavisha Liyanage','0716876532','donor.68@example.com','48, Lake Rd, Galle','2026-05-07','9am–12pm','Please handle with care',1,'Delivered','2025-08-27 13:13:29',NULL,'2025-11-21 02:25:32');
INSERT INTO `donations` (`donation_id`,`user_id`,`submitted_by_user_id`,`submitted_by_role`,`public_access_token`,`collection_point_id`,`name`,`contact_number`,`email`,`address`,`collection_date`,`time_slot`,`special_notes`,`confirmation`,`status`,`received_at`,`cancelled_at`,`delivered_at`) VALUES (69,NULL,251,'volunteer','dfe50ceca8760ee9104b4b149bd3f301',11,'Malini Bandara','0769781761','donor.69@example.com','86, Hill St, Kandy','2026-04-29','6pm–9pm',NULL,1,'Delivered','2025-11-20 11:25:05',NULL,'2025-12-07 16:18:50');
INSERT INTO `donations` (`donation_id`,`user_id`,`submitted_by_user_id`,`submitted_by_role`,`public_access_token`,`collection_point_id`,`name`,`contact_number`,`email`,`address`,`collection_date`,`time_slot`,`special_notes`,`confirmation`,`status`,`received_at`,`cancelled_at`,`delivered_at`) VALUES (70,NULL,266,'volunteer','288af9e8ec810bb24641df66f5492e79',32,'Sewwandi Gunasekara','0715266861','donor.70@example.com','47, Lake Rd, Gampaha','2026-05-15','6pm–9pm',NULL,1,'Delivered','2026-02-05 17:16:49',NULL,'2025-12-16 01:52:32');
INSERT INTO `donations` (`donation_id`,`user_id`,`submitted_by_user_id`,`submitted_by_role`,`public_access_token`,`collection_point_id`,`name`,`contact_number`,`email`,`address`,`collection_date`,`time_slot`,`special_notes`,`confirmation`,`status`,`received_at`,`cancelled_at`,`delivered_at`) VALUES (71,NULL,170,'volunteer','6a38289c58a8d6300892619986031c1c',25,'Hiruni Senanayake','0782414732','donor.71@example.com','125, Temple Rd, Galle','2026-04-25','9am–12pm',NULL,1,'Delivered','2025-11-23 01:28:04',NULL,'2025-11-20 23:34:27');
INSERT INTO `donations` (`donation_id`,`user_id`,`submitted_by_user_id`,`submitted_by_role`,`public_access_token`,`collection_point_id`,`name`,`contact_number`,`email`,`address`,`collection_date`,`time_slot`,`special_notes`,`confirmation`,`status`,`received_at`,`cancelled_at`,`delivered_at`) VALUES (72,NULL,230,'volunteer','d98c44505f9d8fe092e3bed7b2d703d6',27,'Sanduni Wickramasinghe','0720540090','donor.72@example.com','13, Temple Rd, Gampaha','2026-05-02','12pm–4pm','Please handle with care',1,'Delivered','2026-04-02 13:07:59',NULL,'2025-12-20 15:59:42');
INSERT INTO `donations` (`donation_id`,`user_id`,`submitted_by_user_id`,`submitted_by_role`,`public_access_token`,`collection_point_id`,`name`,`contact_number`,`email`,`address`,`collection_date`,`time_slot`,`special_notes`,`confirmation`,`status`,`received_at`,`cancelled_at`,`delivered_at`) VALUES (73,NULL,233,'volunteer','7b0eb95058bb1da699bbf05580201cf5',11,'Anusha Fernando','0748168810','donor.73@example.com','64, Lake Rd, Kandy','2026-04-18','6pm–9pm',NULL,1,'Delivered','2026-01-06 01:56:20',NULL,'2026-04-01 13:07:06');
INSERT INTO `donations` (`donation_id`,`user_id`,`submitted_by_user_id`,`submitted_by_role`,`public_access_token`,`collection_point_id`,`name`,`contact_number`,`email`,`address`,`collection_date`,`time_slot`,`special_notes`,`confirmation`,`status`,`received_at`,`cancelled_at`,`delivered_at`) VALUES (74,NULL,202,'volunteer','a19235c064ba479ad9d3e823229dc1b9',19,'Rashmi Gunasekara','0761367751','donor.74@example.com','144, Temple Rd, Colombo','2026-05-10','9am–12pm',NULL,1,'Delivered','2025-11-19 02:01:15',NULL,'2026-02-08 19:19:50');
INSERT INTO `donations` (`donation_id`,`user_id`,`submitted_by_user_id`,`submitted_by_role`,`public_access_token`,`collection_point_id`,`name`,`contact_number`,`email`,`address`,`collection_date`,`time_slot`,`special_notes`,`confirmation`,`status`,`received_at`,`cancelled_at`,`delivered_at`) VALUES (75,NULL,218,'volunteer','dfcb594e8f5f2d47c6c74c28c39b9d37',3,'Sanduni Bandara','0758506639','donor.75@example.com','170, Lake Rd, Galle','2026-04-25','9am–12pm',NULL,1,'Delivered','2026-03-06 11:56:55',NULL,'2025-09-01 06:10:42');
INSERT INTO `donations` (`donation_id`,`user_id`,`submitted_by_user_id`,`submitted_by_role`,`public_access_token`,`collection_point_id`,`name`,`contact_number`,`email`,`address`,`collection_date`,`time_slot`,`special_notes`,`confirmation`,`status`,`received_at`,`cancelled_at`,`delivered_at`) VALUES (76,NULL,181,'volunteer','334d6fa9f16d79cfc4b6b15633799b66',29,'Sewwandi Samarasinghe','0781169171','donor.76@example.com','143, Temple Rd, Colombo','2026-05-03','12pm–4pm','Please handle with care',1,'Delivered','2025-10-04 01:39:51',NULL,'2025-10-24 00:39:18');
INSERT INTO `donations` (`donation_id`,`user_id`,`submitted_by_user_id`,`submitted_by_role`,`public_access_token`,`collection_point_id`,`name`,`contact_number`,`email`,`address`,`collection_date`,`time_slot`,`special_notes`,`confirmation`,`status`,`received_at`,`cancelled_at`,`delivered_at`) VALUES (77,NULL,NULL,'guest','a70949e448272287359b9f069ff3881a',2,'Malini Rathnayake','0715291697','donor.77@example.com','120, Lake Rd, Gampaha','2026-05-02','9am–12pm',NULL,1,'Delivered','2025-09-04 02:01:28',NULL,'2025-12-27 17:52:41');
INSERT INTO `donations` (`donation_id`,`user_id`,`submitted_by_user_id`,`submitted_by_role`,`public_access_token`,`collection_point_id`,`name`,`contact_number`,`email`,`address`,`collection_date`,`time_slot`,`special_notes`,`confirmation`,`status`,`received_at`,`cancelled_at`,`delivered_at`) VALUES (78,NULL,NULL,'guest','640e6ee854675f867e35e92dd7d41fac',13,'Tharushi Wijesinghe','0771704379','donor.78@example.com','170, Hill St, Gampaha','2026-05-11','6pm–9pm',NULL,1,'Delivered','2026-01-31 06:42:09',NULL,'2025-11-14 05:15:30');
INSERT INTO `donations` (`donation_id`,`user_id`,`submitted_by_user_id`,`submitted_by_role`,`public_access_token`,`collection_point_id`,`name`,`contact_number`,`email`,`address`,`collection_date`,`time_slot`,`special_notes`,`confirmation`,`status`,`received_at`,`cancelled_at`,`delivered_at`) VALUES (79,NULL,NULL,'guest','e4e91f92fa48d8a2996f2bc4880abb89',34,'Pavithra Ekanayake','0722622346','donor.79@example.com','125, Lake Rd, Kandy','2026-04-25','9am–12pm',NULL,1,'Delivered','2025-10-23 18:21:30',NULL,'2026-01-23 23:18:56');
INSERT INTO `donations` (`donation_id`,`user_id`,`submitted_by_user_id`,`submitted_by_role`,`public_access_token`,`collection_point_id`,`name`,`contact_number`,`email`,`address`,`collection_date`,`time_slot`,`special_notes`,`confirmation`,`status`,`received_at`,`cancelled_at`,`delivered_at`) VALUES (80,NULL,NULL,'guest','65a05b3082a09edfed33942cf180a035',10,'Sanduni Rathnayake','0743561973','donor.80@example.com','115, Main St, Kandy','2026-05-05','9am–12pm','Please handle with care',1,'Delivered','2026-02-12 22:56:13',NULL,'2025-10-10 06:33:31');
INSERT INTO `donations` (`donation_id`,`user_id`,`submitted_by_user_id`,`submitted_by_role`,`public_access_token`,`collection_point_id`,`name`,`contact_number`,`email`,`address`,`collection_date`,`time_slot`,`special_notes`,`confirmation`,`status`,`received_at`,`cancelled_at`,`delivered_at`) VALUES (81,NULL,NULL,'guest','29bcefd11743446ef4a04c5bdbc2874d',19,'Ayesha Samarasinghe','0754506904','donor.81@example.com','34, Hill St, Colombo','2026-05-09','6pm–9pm',NULL,1,'Delivered','2025-08-28 15:16:26',NULL,'2026-01-15 16:13:27');
INSERT INTO `donations` (`donation_id`,`user_id`,`submitted_by_user_id`,`submitted_by_role`,`public_access_token`,`collection_point_id`,`name`,`contact_number`,`email`,`address`,`collection_date`,`time_slot`,`special_notes`,`confirmation`,`status`,`received_at`,`cancelled_at`,`delivered_at`) VALUES (82,NULL,NULL,'guest','9d4cdb61d78ec338fd407dcf5bf8a440',7,'Iresha Herath','0741747885','donor.82@example.com','191, Temple Rd, Gampaha','2026-04-23','12pm–4pm',NULL,1,'Delivered','2025-12-21 16:21:32',NULL,'2025-10-03 19:17:48');
INSERT INTO `donations` (`donation_id`,`user_id`,`submitted_by_user_id`,`submitted_by_role`,`public_access_token`,`collection_point_id`,`name`,`contact_number`,`email`,`address`,`collection_date`,`time_slot`,`special_notes`,`confirmation`,`status`,`received_at`,`cancelled_at`,`delivered_at`) VALUES (83,NULL,NULL,'guest','149625ca00e9fc4ff50891b56fdf4296',8,'Nimali Wickramasinghe','0715161850','donor.83@example.com','45, Lake Rd, Gampaha','2026-04-21','6pm–9pm',NULL,1,'Delivered','2025-10-20 10:39:05',NULL,'2025-12-01 01:54:16');

-- Donation Items (2-4 items per donation)
INSERT INTO `donation_items` (`donation_item_id`,`donation_id`,`item_id`,`quantity`) VALUES (1,1,16,48);
INSERT INTO `donation_items` (`donation_item_id`,`donation_id`,`item_id`,`quantity`) VALUES (2,1,20,11);
INSERT INTO `donation_items` (`donation_item_id`,`donation_id`,`item_id`,`quantity`) VALUES (3,1,21,41);
INSERT INTO `donation_items` (`donation_item_id`,`donation_id`,`item_id`,`quantity`) VALUES (4,2,1,26);
INSERT INTO `donation_items` (`donation_item_id`,`donation_id`,`item_id`,`quantity`) VALUES (5,2,17,14);
INSERT INTO `donation_items` (`donation_item_id`,`donation_id`,`item_id`,`quantity`) VALUES (6,2,22,43);
INSERT INTO `donation_items` (`donation_item_id`,`donation_id`,`item_id`,`quantity`) VALUES (7,3,1,7);
INSERT INTO `donation_items` (`donation_item_id`,`donation_id`,`item_id`,`quantity`) VALUES (8,3,8,44);
INSERT INTO `donation_items` (`donation_item_id`,`donation_id`,`item_id`,`quantity`) VALUES (9,3,15,46);
INSERT INTO `donation_items` (`donation_item_id`,`donation_id`,`item_id`,`quantity`) VALUES (10,3,18,28);
INSERT INTO `donation_items` (`donation_item_id`,`donation_id`,`item_id`,`quantity`) VALUES (11,4,12,24);
INSERT INTO `donation_items` (`donation_item_id`,`donation_id`,`item_id`,`quantity`) VALUES (12,4,14,47);
INSERT INTO `donation_items` (`donation_item_id`,`donation_id`,`item_id`,`quantity`) VALUES (13,5,5,22);
INSERT INTO `donation_items` (`donation_item_id`,`donation_id`,`item_id`,`quantity`) VALUES (14,5,16,50);
INSERT INTO `donation_items` (`donation_item_id`,`donation_id`,`item_id`,`quantity`) VALUES (15,6,1,20);
INSERT INTO `donation_items` (`donation_item_id`,`donation_id`,`item_id`,`quantity`) VALUES (16,6,4,45);
INSERT INTO `donation_items` (`donation_item_id`,`donation_id`,`item_id`,`quantity`) VALUES (17,6,18,24);
INSERT INTO `donation_items` (`donation_item_id`,`donation_id`,`item_id`,`quantity`) VALUES (18,7,8,5);
INSERT INTO `donation_items` (`donation_item_id`,`donation_id`,`item_id`,`quantity`) VALUES (19,7,9,36);
INSERT INTO `donation_items` (`donation_item_id`,`donation_id`,`item_id`,`quantity`) VALUES (20,8,12,18);
INSERT INTO `donation_items` (`donation_item_id`,`donation_id`,`item_id`,`quantity`) VALUES (21,8,18,9);
INSERT INTO `donation_items` (`donation_item_id`,`donation_id`,`item_id`,`quantity`) VALUES (22,9,1,8);
INSERT INTO `donation_items` (`donation_item_id`,`donation_id`,`item_id`,`quantity`) VALUES (23,9,14,33);
INSERT INTO `donation_items` (`donation_item_id`,`donation_id`,`item_id`,`quantity`) VALUES (24,9,19,19);
INSERT INTO `donation_items` (`donation_item_id`,`donation_id`,`item_id`,`quantity`) VALUES (25,10,5,11);
INSERT INTO `donation_items` (`donation_item_id`,`donation_id`,`item_id`,`quantity`) VALUES (26,10,11,22);
INSERT INTO `donation_items` (`donation_item_id`,`donation_id`,`item_id`,`quantity`) VALUES (27,10,15,46);
INSERT INTO `donation_items` (`donation_item_id`,`donation_id`,`item_id`,`quantity`) VALUES (28,10,22,1);
INSERT INTO `donation_items` (`donation_item_id`,`donation_id`,`item_id`,`quantity`) VALUES (29,11,9,37);
INSERT INTO `donation_items` (`donation_item_id`,`donation_id`,`item_id`,`quantity`) VALUES (30,11,11,11);
INSERT INTO `donation_items` (`donation_item_id`,`donation_id`,`item_id`,`quantity`) VALUES (31,11,13,34);
INSERT INTO `donation_items` (`donation_item_id`,`donation_id`,`item_id`,`quantity`) VALUES (32,11,15,2);
INSERT INTO `donation_items` (`donation_item_id`,`donation_id`,`item_id`,`quantity`) VALUES (33,12,11,32);
INSERT INTO `donation_items` (`donation_item_id`,`donation_id`,`item_id`,`quantity`) VALUES (34,12,15,39);
INSERT INTO `donation_items` (`donation_item_id`,`donation_id`,`item_id`,`quantity`) VALUES (35,12,20,28);
INSERT INTO `donation_items` (`donation_item_id`,`donation_id`,`item_id`,`quantity`) VALUES (36,12,21,47);
INSERT INTO `donation_items` (`donation_item_id`,`donation_id`,`item_id`,`quantity`) VALUES (37,13,2,25);
INSERT INTO `donation_items` (`donation_item_id`,`donation_id`,`item_id`,`quantity`) VALUES (38,13,13,48);
INSERT INTO `donation_items` (`donation_item_id`,`donation_id`,`item_id`,`quantity`) VALUES (39,13,14,23);
INSERT INTO `donation_items` (`donation_item_id`,`donation_id`,`item_id`,`quantity`) VALUES (40,13,15,38);
INSERT INTO `donation_items` (`donation_item_id`,`donation_id`,`item_id`,`quantity`) VALUES (41,14,15,39);
INSERT INTO `donation_items` (`donation_item_id`,`donation_id`,`item_id`,`quantity`) VALUES (42,14,17,26);
INSERT INTO `donation_items` (`donation_item_id`,`donation_id`,`item_id`,`quantity`) VALUES (43,15,6,27);
INSERT INTO `donation_items` (`donation_item_id`,`donation_id`,`item_id`,`quantity`) VALUES (44,15,12,20);
INSERT INTO `donation_items` (`donation_item_id`,`donation_id`,`item_id`,`quantity`) VALUES (45,15,20,3);
INSERT INTO `donation_items` (`donation_item_id`,`donation_id`,`item_id`,`quantity`) VALUES (46,16,5,47);
INSERT INTO `donation_items` (`donation_item_id`,`donation_id`,`item_id`,`quantity`) VALUES (47,16,7,46);
INSERT INTO `donation_items` (`donation_item_id`,`donation_id`,`item_id`,`quantity`) VALUES (48,16,15,32);
INSERT INTO `donation_items` (`donation_item_id`,`donation_id`,`item_id`,`quantity`) VALUES (49,17,10,47);
INSERT INTO `donation_items` (`donation_item_id`,`donation_id`,`item_id`,`quantity`) VALUES (50,17,14,5);
INSERT INTO `donation_items` (`donation_item_id`,`donation_id`,`item_id`,`quantity`) VALUES (51,17,16,1);
INSERT INTO `donation_items` (`donation_item_id`,`donation_id`,`item_id`,`quantity`) VALUES (52,18,7,17);
INSERT INTO `donation_items` (`donation_item_id`,`donation_id`,`item_id`,`quantity`) VALUES (53,18,18,12);
INSERT INTO `donation_items` (`donation_item_id`,`donation_id`,`item_id`,`quantity`) VALUES (54,18,19,3);
INSERT INTO `donation_items` (`donation_item_id`,`donation_id`,`item_id`,`quantity`) VALUES (55,18,21,15);
INSERT INTO `donation_items` (`donation_item_id`,`donation_id`,`item_id`,`quantity`) VALUES (56,19,6,24);
INSERT INTO `donation_items` (`donation_item_id`,`donation_id`,`item_id`,`quantity`) VALUES (57,19,14,23);
INSERT INTO `donation_items` (`donation_item_id`,`donation_id`,`item_id`,`quantity`) VALUES (58,19,19,34);
INSERT INTO `donation_items` (`donation_item_id`,`donation_id`,`item_id`,`quantity`) VALUES (59,20,6,10);
INSERT INTO `donation_items` (`donation_item_id`,`donation_id`,`item_id`,`quantity`) VALUES (60,20,13,45);
INSERT INTO `donation_items` (`donation_item_id`,`donation_id`,`item_id`,`quantity`) VALUES (61,20,14,4);
INSERT INTO `donation_items` (`donation_item_id`,`donation_id`,`item_id`,`quantity`) VALUES (62,20,20,36);
INSERT INTO `donation_items` (`donation_item_id`,`donation_id`,`item_id`,`quantity`) VALUES (63,21,5,16);
INSERT INTO `donation_items` (`donation_item_id`,`donation_id`,`item_id`,`quantity`) VALUES (64,21,18,37);
INSERT INTO `donation_items` (`donation_item_id`,`donation_id`,`item_id`,`quantity`) VALUES (65,22,17,38);
INSERT INTO `donation_items` (`donation_item_id`,`donation_id`,`item_id`,`quantity`) VALUES (66,22,18,35);
INSERT INTO `donation_items` (`donation_item_id`,`donation_id`,`item_id`,`quantity`) VALUES (67,23,1,17);
INSERT INTO `donation_items` (`donation_item_id`,`donation_id`,`item_id`,`quantity`) VALUES (68,23,22,33);
INSERT INTO `donation_items` (`donation_item_id`,`donation_id`,`item_id`,`quantity`) VALUES (69,24,5,22);
INSERT INTO `donation_items` (`donation_item_id`,`donation_id`,`item_id`,`quantity`) VALUES (70,24,11,8);
INSERT INTO `donation_items` (`donation_item_id`,`donation_id`,`item_id`,`quantity`) VALUES (71,25,9,42);
INSERT INTO `donation_items` (`donation_item_id`,`donation_id`,`item_id`,`quantity`) VALUES (72,25,14,6);
INSERT INTO `donation_items` (`donation_item_id`,`donation_id`,`item_id`,`quantity`) VALUES (73,25,18,12);
INSERT INTO `donation_items` (`donation_item_id`,`donation_id`,`item_id`,`quantity`) VALUES (74,26,7,6);
INSERT INTO `donation_items` (`donation_item_id`,`donation_id`,`item_id`,`quantity`) VALUES (75,26,20,12);
INSERT INTO `donation_items` (`donation_item_id`,`donation_id`,`item_id`,`quantity`) VALUES (76,26,22,45);
INSERT INTO `donation_items` (`donation_item_id`,`donation_id`,`item_id`,`quantity`) VALUES (77,27,2,18);
INSERT INTO `donation_items` (`donation_item_id`,`donation_id`,`item_id`,`quantity`) VALUES (78,27,21,32);
INSERT INTO `donation_items` (`donation_item_id`,`donation_id`,`item_id`,`quantity`) VALUES (79,28,7,29);
INSERT INTO `donation_items` (`donation_item_id`,`donation_id`,`item_id`,`quantity`) VALUES (80,28,10,50);
INSERT INTO `donation_items` (`donation_item_id`,`donation_id`,`item_id`,`quantity`) VALUES (81,29,6,37);
INSERT INTO `donation_items` (`donation_item_id`,`donation_id`,`item_id`,`quantity`) VALUES (82,29,20,7);
INSERT INTO `donation_items` (`donation_item_id`,`donation_id`,`item_id`,`quantity`) VALUES (83,30,7,34);
INSERT INTO `donation_items` (`donation_item_id`,`donation_id`,`item_id`,`quantity`) VALUES (84,30,8,43);
INSERT INTO `donation_items` (`donation_item_id`,`donation_id`,`item_id`,`quantity`) VALUES (85,30,10,12);
INSERT INTO `donation_items` (`donation_item_id`,`donation_id`,`item_id`,`quantity`) VALUES (86,31,1,22);
INSERT INTO `donation_items` (`donation_item_id`,`donation_id`,`item_id`,`quantity`) VALUES (87,31,14,39);
INSERT INTO `donation_items` (`donation_item_id`,`donation_id`,`item_id`,`quantity`) VALUES (88,32,3,40);
INSERT INTO `donation_items` (`donation_item_id`,`donation_id`,`item_id`,`quantity`) VALUES (89,32,9,13);
INSERT INTO `donation_items` (`donation_item_id`,`donation_id`,`item_id`,`quantity`) VALUES (90,33,8,28);
INSERT INTO `donation_items` (`donation_item_id`,`donation_id`,`item_id`,`quantity`) VALUES (91,33,13,47);
INSERT INTO `donation_items` (`donation_item_id`,`donation_id`,`item_id`,`quantity`) VALUES (92,33,17,36);
INSERT INTO `donation_items` (`donation_item_id`,`donation_id`,`item_id`,`quantity`) VALUES (93,34,3,18);
INSERT INTO `donation_items` (`donation_item_id`,`donation_id`,`item_id`,`quantity`) VALUES (94,34,7,19);
INSERT INTO `donation_items` (`donation_item_id`,`donation_id`,`item_id`,`quantity`) VALUES (95,34,8,12);
INSERT INTO `donation_items` (`donation_item_id`,`donation_id`,`item_id`,`quantity`) VALUES (96,34,10,21);
INSERT INTO `donation_items` (`donation_item_id`,`donation_id`,`item_id`,`quantity`) VALUES (97,35,4,38);
INSERT INTO `donation_items` (`donation_item_id`,`donation_id`,`item_id`,`quantity`) VALUES (98,35,8,37);
INSERT INTO `donation_items` (`donation_item_id`,`donation_id`,`item_id`,`quantity`) VALUES (99,35,12,11);
INSERT INTO `donation_items` (`donation_item_id`,`donation_id`,`item_id`,`quantity`) VALUES (100,35,13,8);
INSERT INTO `donation_items` (`donation_item_id`,`donation_id`,`item_id`,`quantity`) VALUES (101,36,20,22);
INSERT INTO `donation_items` (`donation_item_id`,`donation_id`,`item_id`,`quantity`) VALUES (102,36,22,26);
INSERT INTO `donation_items` (`donation_item_id`,`donation_id`,`item_id`,`quantity`) VALUES (103,37,5,41);
INSERT INTO `donation_items` (`donation_item_id`,`donation_id`,`item_id`,`quantity`) VALUES (104,37,12,50);
INSERT INTO `donation_items` (`donation_item_id`,`donation_id`,`item_id`,`quantity`) VALUES (105,37,15,11);
INSERT INTO `donation_items` (`donation_item_id`,`donation_id`,`item_id`,`quantity`) VALUES (106,37,16,18);
INSERT INTO `donation_items` (`donation_item_id`,`donation_id`,`item_id`,`quantity`) VALUES (107,38,1,23);
INSERT INTO `donation_items` (`donation_item_id`,`donation_id`,`item_id`,`quantity`) VALUES (108,38,16,21);
INSERT INTO `donation_items` (`donation_item_id`,`donation_id`,`item_id`,`quantity`) VALUES (109,38,17,2);
INSERT INTO `donation_items` (`donation_item_id`,`donation_id`,`item_id`,`quantity`) VALUES (110,38,18,32);
INSERT INTO `donation_items` (`donation_item_id`,`donation_id`,`item_id`,`quantity`) VALUES (111,39,5,49);
INSERT INTO `donation_items` (`donation_item_id`,`donation_id`,`item_id`,`quantity`) VALUES (112,39,7,38);
INSERT INTO `donation_items` (`donation_item_id`,`donation_id`,`item_id`,`quantity`) VALUES (113,39,12,29);
INSERT INTO `donation_items` (`donation_item_id`,`donation_id`,`item_id`,`quantity`) VALUES (114,39,14,33);
INSERT INTO `donation_items` (`donation_item_id`,`donation_id`,`item_id`,`quantity`) VALUES (115,40,9,5);
INSERT INTO `donation_items` (`donation_item_id`,`donation_id`,`item_id`,`quantity`) VALUES (116,40,19,33);
INSERT INTO `donation_items` (`donation_item_id`,`donation_id`,`item_id`,`quantity`) VALUES (117,41,2,18);
INSERT INTO `donation_items` (`donation_item_id`,`donation_id`,`item_id`,`quantity`) VALUES (118,41,9,8);
INSERT INTO `donation_items` (`donation_item_id`,`donation_id`,`item_id`,`quantity`) VALUES (119,41,16,35);
INSERT INTO `donation_items` (`donation_item_id`,`donation_id`,`item_id`,`quantity`) VALUES (120,42,8,10);
INSERT INTO `donation_items` (`donation_item_id`,`donation_id`,`item_id`,`quantity`) VALUES (121,42,17,27);
INSERT INTO `donation_items` (`donation_item_id`,`donation_id`,`item_id`,`quantity`) VALUES (122,42,20,18);
INSERT INTO `donation_items` (`donation_item_id`,`donation_id`,`item_id`,`quantity`) VALUES (123,42,21,5);
INSERT INTO `donation_items` (`donation_item_id`,`donation_id`,`item_id`,`quantity`) VALUES (124,43,3,50);
INSERT INTO `donation_items` (`donation_item_id`,`donation_id`,`item_id`,`quantity`) VALUES (125,43,6,14);
INSERT INTO `donation_items` (`donation_item_id`,`donation_id`,`item_id`,`quantity`) VALUES (126,43,9,25);
INSERT INTO `donation_items` (`donation_item_id`,`donation_id`,`item_id`,`quantity`) VALUES (127,43,21,7);
INSERT INTO `donation_items` (`donation_item_id`,`donation_id`,`item_id`,`quantity`) VALUES (128,44,1,25);
INSERT INTO `donation_items` (`donation_item_id`,`donation_id`,`item_id`,`quantity`) VALUES (129,44,7,20);
INSERT INTO `donation_items` (`donation_item_id`,`donation_id`,`item_id`,`quantity`) VALUES (130,45,10,14);
INSERT INTO `donation_items` (`donation_item_id`,`donation_id`,`item_id`,`quantity`) VALUES (131,45,12,12);
INSERT INTO `donation_items` (`donation_item_id`,`donation_id`,`item_id`,`quantity`) VALUES (132,45,15,17);
INSERT INTO `donation_items` (`donation_item_id`,`donation_id`,`item_id`,`quantity`) VALUES (133,46,3,22);
INSERT INTO `donation_items` (`donation_item_id`,`donation_id`,`item_id`,`quantity`) VALUES (134,46,17,19);
INSERT INTO `donation_items` (`donation_item_id`,`donation_id`,`item_id`,`quantity`) VALUES (135,46,20,32);
INSERT INTO `donation_items` (`donation_item_id`,`donation_id`,`item_id`,`quantity`) VALUES (136,46,22,27);
INSERT INTO `donation_items` (`donation_item_id`,`donation_id`,`item_id`,`quantity`) VALUES (137,47,8,42);
INSERT INTO `donation_items` (`donation_item_id`,`donation_id`,`item_id`,`quantity`) VALUES (138,47,9,9);
INSERT INTO `donation_items` (`donation_item_id`,`donation_id`,`item_id`,`quantity`) VALUES (139,47,11,20);
INSERT INTO `donation_items` (`donation_item_id`,`donation_id`,`item_id`,`quantity`) VALUES (140,47,20,35);
INSERT INTO `donation_items` (`donation_item_id`,`donation_id`,`item_id`,`quantity`) VALUES (141,48,6,13);
INSERT INTO `donation_items` (`donation_item_id`,`donation_id`,`item_id`,`quantity`) VALUES (142,48,10,12);
INSERT INTO `donation_items` (`donation_item_id`,`donation_id`,`item_id`,`quantity`) VALUES (143,48,11,23);
INSERT INTO `donation_items` (`donation_item_id`,`donation_id`,`item_id`,`quantity`) VALUES (144,48,18,21);
INSERT INTO `donation_items` (`donation_item_id`,`donation_id`,`item_id`,`quantity`) VALUES (145,49,5,2);
INSERT INTO `donation_items` (`donation_item_id`,`donation_id`,`item_id`,`quantity`) VALUES (146,49,17,5);
INSERT INTO `donation_items` (`donation_item_id`,`donation_id`,`item_id`,`quantity`) VALUES (147,50,5,39);
INSERT INTO `donation_items` (`donation_item_id`,`donation_id`,`item_id`,`quantity`) VALUES (148,50,17,17);
INSERT INTO `donation_items` (`donation_item_id`,`donation_id`,`item_id`,`quantity`) VALUES (149,50,18,37);
INSERT INTO `donation_items` (`donation_item_id`,`donation_id`,`item_id`,`quantity`) VALUES (150,51,3,25);
INSERT INTO `donation_items` (`donation_item_id`,`donation_id`,`item_id`,`quantity`) VALUES (151,51,7,29);
INSERT INTO `donation_items` (`donation_item_id`,`donation_id`,`item_id`,`quantity`) VALUES (152,51,9,43);
INSERT INTO `donation_items` (`donation_item_id`,`donation_id`,`item_id`,`quantity`) VALUES (153,51,14,17);
INSERT INTO `donation_items` (`donation_item_id`,`donation_id`,`item_id`,`quantity`) VALUES (154,52,2,4);
INSERT INTO `donation_items` (`donation_item_id`,`donation_id`,`item_id`,`quantity`) VALUES (155,52,7,40);
INSERT INTO `donation_items` (`donation_item_id`,`donation_id`,`item_id`,`quantity`) VALUES (156,52,10,25);
INSERT INTO `donation_items` (`donation_item_id`,`donation_id`,`item_id`,`quantity`) VALUES (157,52,19,16);
INSERT INTO `donation_items` (`donation_item_id`,`donation_id`,`item_id`,`quantity`) VALUES (158,53,2,5);
INSERT INTO `donation_items` (`donation_item_id`,`donation_id`,`item_id`,`quantity`) VALUES (159,53,6,41);
INSERT INTO `donation_items` (`donation_item_id`,`donation_id`,`item_id`,`quantity`) VALUES (160,53,7,5);
INSERT INTO `donation_items` (`donation_item_id`,`donation_id`,`item_id`,`quantity`) VALUES (161,53,13,48);
INSERT INTO `donation_items` (`donation_item_id`,`donation_id`,`item_id`,`quantity`) VALUES (162,54,6,27);
INSERT INTO `donation_items` (`donation_item_id`,`donation_id`,`item_id`,`quantity`) VALUES (163,54,9,30);
INSERT INTO `donation_items` (`donation_item_id`,`donation_id`,`item_id`,`quantity`) VALUES (164,54,14,20);
INSERT INTO `donation_items` (`donation_item_id`,`donation_id`,`item_id`,`quantity`) VALUES (165,55,8,29);
INSERT INTO `donation_items` (`donation_item_id`,`donation_id`,`item_id`,`quantity`) VALUES (166,55,9,42);
INSERT INTO `donation_items` (`donation_item_id`,`donation_id`,`item_id`,`quantity`) VALUES (167,56,5,8);
INSERT INTO `donation_items` (`donation_item_id`,`donation_id`,`item_id`,`quantity`) VALUES (168,56,12,19);
INSERT INTO `donation_items` (`donation_item_id`,`donation_id`,`item_id`,`quantity`) VALUES (169,57,10,43);
INSERT INTO `donation_items` (`donation_item_id`,`donation_id`,`item_id`,`quantity`) VALUES (170,57,11,26);
INSERT INTO `donation_items` (`donation_item_id`,`donation_id`,`item_id`,`quantity`) VALUES (171,57,19,15);
INSERT INTO `donation_items` (`donation_item_id`,`donation_id`,`item_id`,`quantity`) VALUES (172,58,14,6);
INSERT INTO `donation_items` (`donation_item_id`,`donation_id`,`item_id`,`quantity`) VALUES (173,58,20,18);
INSERT INTO `donation_items` (`donation_item_id`,`donation_id`,`item_id`,`quantity`) VALUES (174,58,21,8);
INSERT INTO `donation_items` (`donation_item_id`,`donation_id`,`item_id`,`quantity`) VALUES (175,59,12,18);
INSERT INTO `donation_items` (`donation_item_id`,`donation_id`,`item_id`,`quantity`) VALUES (176,59,13,4);
INSERT INTO `donation_items` (`donation_item_id`,`donation_id`,`item_id`,`quantity`) VALUES (177,60,12,47);
INSERT INTO `donation_items` (`donation_item_id`,`donation_id`,`item_id`,`quantity`) VALUES (178,60,20,19);
INSERT INTO `donation_items` (`donation_item_id`,`donation_id`,`item_id`,`quantity`) VALUES (179,61,20,34);
INSERT INTO `donation_items` (`donation_item_id`,`donation_id`,`item_id`,`quantity`) VALUES (180,61,21,49);
INSERT INTO `donation_items` (`donation_item_id`,`donation_id`,`item_id`,`quantity`) VALUES (181,62,2,36);
INSERT INTO `donation_items` (`donation_item_id`,`donation_id`,`item_id`,`quantity`) VALUES (182,62,13,43);
INSERT INTO `donation_items` (`donation_item_id`,`donation_id`,`item_id`,`quantity`) VALUES (183,62,14,49);
INSERT INTO `donation_items` (`donation_item_id`,`donation_id`,`item_id`,`quantity`) VALUES (184,63,2,17);
INSERT INTO `donation_items` (`donation_item_id`,`donation_id`,`item_id`,`quantity`) VALUES (185,63,10,33);
INSERT INTO `donation_items` (`donation_item_id`,`donation_id`,`item_id`,`quantity`) VALUES (186,63,14,7);
INSERT INTO `donation_items` (`donation_item_id`,`donation_id`,`item_id`,`quantity`) VALUES (187,64,7,31);
INSERT INTO `donation_items` (`donation_item_id`,`donation_id`,`item_id`,`quantity`) VALUES (188,64,11,24);
INSERT INTO `donation_items` (`donation_item_id`,`donation_id`,`item_id`,`quantity`) VALUES (189,64,22,34);
INSERT INTO `donation_items` (`donation_item_id`,`donation_id`,`item_id`,`quantity`) VALUES (190,65,16,8);
INSERT INTO `donation_items` (`donation_item_id`,`donation_id`,`item_id`,`quantity`) VALUES (191,65,19,44);
INSERT INTO `donation_items` (`donation_item_id`,`donation_id`,`item_id`,`quantity`) VALUES (192,65,22,23);
INSERT INTO `donation_items` (`donation_item_id`,`donation_id`,`item_id`,`quantity`) VALUES (193,66,4,48);
INSERT INTO `donation_items` (`donation_item_id`,`donation_id`,`item_id`,`quantity`) VALUES (194,66,13,18);
INSERT INTO `donation_items` (`donation_item_id`,`donation_id`,`item_id`,`quantity`) VALUES (195,67,18,15);
INSERT INTO `donation_items` (`donation_item_id`,`donation_id`,`item_id`,`quantity`) VALUES (196,67,19,29);
INSERT INTO `donation_items` (`donation_item_id`,`donation_id`,`item_id`,`quantity`) VALUES (197,68,3,49);
INSERT INTO `donation_items` (`donation_item_id`,`donation_id`,`item_id`,`quantity`) VALUES (198,68,9,20);
INSERT INTO `donation_items` (`donation_item_id`,`donation_id`,`item_id`,`quantity`) VALUES (199,68,14,28);
INSERT INTO `donation_items` (`donation_item_id`,`donation_id`,`item_id`,`quantity`) VALUES (200,68,17,47);
INSERT INTO `donation_items` (`donation_item_id`,`donation_id`,`item_id`,`quantity`) VALUES (201,69,10,11);
INSERT INTO `donation_items` (`donation_item_id`,`donation_id`,`item_id`,`quantity`) VALUES (202,69,12,40);
INSERT INTO `donation_items` (`donation_item_id`,`donation_id`,`item_id`,`quantity`) VALUES (203,70,7,20);
INSERT INTO `donation_items` (`donation_item_id`,`donation_id`,`item_id`,`quantity`) VALUES (204,70,14,35);
INSERT INTO `donation_items` (`donation_item_id`,`donation_id`,`item_id`,`quantity`) VALUES (205,70,20,20);
INSERT INTO `donation_items` (`donation_item_id`,`donation_id`,`item_id`,`quantity`) VALUES (206,71,7,32);
INSERT INTO `donation_items` (`donation_item_id`,`donation_id`,`item_id`,`quantity`) VALUES (207,71,10,35);
INSERT INTO `donation_items` (`donation_item_id`,`donation_id`,`item_id`,`quantity`) VALUES (208,71,18,38);
INSERT INTO `donation_items` (`donation_item_id`,`donation_id`,`item_id`,`quantity`) VALUES (209,72,3,22);
INSERT INTO `donation_items` (`donation_item_id`,`donation_id`,`item_id`,`quantity`) VALUES (210,72,10,20);
INSERT INTO `donation_items` (`donation_item_id`,`donation_id`,`item_id`,`quantity`) VALUES (211,72,16,33);
INSERT INTO `donation_items` (`donation_item_id`,`donation_id`,`item_id`,`quantity`) VALUES (212,73,7,27);
INSERT INTO `donation_items` (`donation_item_id`,`donation_id`,`item_id`,`quantity`) VALUES (213,73,21,19);
INSERT INTO `donation_items` (`donation_item_id`,`donation_id`,`item_id`,`quantity`) VALUES (214,74,16,37);
INSERT INTO `donation_items` (`donation_item_id`,`donation_id`,`item_id`,`quantity`) VALUES (215,74,18,43);
INSERT INTO `donation_items` (`donation_item_id`,`donation_id`,`item_id`,`quantity`) VALUES (216,74,19,35);
INSERT INTO `donation_items` (`donation_item_id`,`donation_id`,`item_id`,`quantity`) VALUES (217,74,22,30);
INSERT INTO `donation_items` (`donation_item_id`,`donation_id`,`item_id`,`quantity`) VALUES (218,75,3,39);
INSERT INTO `donation_items` (`donation_item_id`,`donation_id`,`item_id`,`quantity`) VALUES (219,75,13,3);
INSERT INTO `donation_items` (`donation_item_id`,`donation_id`,`item_id`,`quantity`) VALUES (220,76,9,13);
INSERT INTO `donation_items` (`donation_item_id`,`donation_id`,`item_id`,`quantity`) VALUES (221,76,11,12);
INSERT INTO `donation_items` (`donation_item_id`,`donation_id`,`item_id`,`quantity`) VALUES (222,76,15,36);
INSERT INTO `donation_items` (`donation_item_id`,`donation_id`,`item_id`,`quantity`) VALUES (223,76,20,7);
INSERT INTO `donation_items` (`donation_item_id`,`donation_id`,`item_id`,`quantity`) VALUES (224,77,8,44);
INSERT INTO `donation_items` (`donation_item_id`,`donation_id`,`item_id`,`quantity`) VALUES (225,77,10,47);
INSERT INTO `donation_items` (`donation_item_id`,`donation_id`,`item_id`,`quantity`) VALUES (226,77,22,5);
INSERT INTO `donation_items` (`donation_item_id`,`donation_id`,`item_id`,`quantity`) VALUES (227,78,4,40);
INSERT INTO `donation_items` (`donation_item_id`,`donation_id`,`item_id`,`quantity`) VALUES (228,78,5,23);
INSERT INTO `donation_items` (`donation_item_id`,`donation_id`,`item_id`,`quantity`) VALUES (229,78,11,1);
INSERT INTO `donation_items` (`donation_item_id`,`donation_id`,`item_id`,`quantity`) VALUES (230,78,14,7);
INSERT INTO `donation_items` (`donation_item_id`,`donation_id`,`item_id`,`quantity`) VALUES (231,79,8,7);
INSERT INTO `donation_items` (`donation_item_id`,`donation_id`,`item_id`,`quantity`) VALUES (232,79,15,11);
INSERT INTO `donation_items` (`donation_item_id`,`donation_id`,`item_id`,`quantity`) VALUES (233,80,3,49);
INSERT INTO `donation_items` (`donation_item_id`,`donation_id`,`item_id`,`quantity`) VALUES (234,80,11,5);
INSERT INTO `donation_items` (`donation_item_id`,`donation_id`,`item_id`,`quantity`) VALUES (235,80,20,2);
INSERT INTO `donation_items` (`donation_item_id`,`donation_id`,`item_id`,`quantity`) VALUES (236,81,2,47);
INSERT INTO `donation_items` (`donation_item_id`,`donation_id`,`item_id`,`quantity`) VALUES (237,81,10,39);
INSERT INTO `donation_items` (`donation_item_id`,`donation_id`,`item_id`,`quantity`) VALUES (238,81,14,11);
INSERT INTO `donation_items` (`donation_item_id`,`donation_id`,`item_id`,`quantity`) VALUES (239,81,18,50);
INSERT INTO `donation_items` (`donation_item_id`,`donation_id`,`item_id`,`quantity`) VALUES (240,82,1,7);
INSERT INTO `donation_items` (`donation_item_id`,`donation_id`,`item_id`,`quantity`) VALUES (241,82,7,33);
INSERT INTO `donation_items` (`donation_item_id`,`donation_id`,`item_id`,`quantity`) VALUES (242,82,21,2);
INSERT INTO `donation_items` (`donation_item_id`,`donation_id`,`item_id`,`quantity`) VALUES (243,82,22,47);
INSERT INTO `donation_items` (`donation_item_id`,`donation_id`,`item_id`,`quantity`) VALUES (244,83,6,30);
INSERT INTO `donation_items` (`donation_item_id`,`donation_id`,`item_id`,`quantity`) VALUES (245,83,10,10);
INSERT INTO `donation_items` (`donation_item_id`,`donation_id`,`item_id`,`quantity`) VALUES (246,83,16,34);
INSERT INTO `donation_items` (`donation_item_id`,`donation_id`,`item_id`,`quantity`) VALUES (247,83,17,40);

-- Donation Inventory Log (~60)
INSERT INTO `donation_inventory_log` (`log_id`,`donation_id`,`item_id`,`collection_point_id`,`quantity`,`action`) VALUES (1,3,22,22,21,'Updated');
INSERT INTO `donation_inventory_log` (`log_id`,`donation_id`,`item_id`,`collection_point_id`,`quantity`,`action`) VALUES (2,6,17,8,5,'Updated');
INSERT INTO `donation_inventory_log` (`log_id`,`donation_id`,`item_id`,`collection_point_id`,`quantity`,`action`) VALUES (3,9,20,14,10,'Updated');
INSERT INTO `donation_inventory_log` (`log_id`,`donation_id`,`item_id`,`collection_point_id`,`quantity`,`action`) VALUES (4,12,8,23,3,'Received');
INSERT INTO `donation_inventory_log` (`log_id`,`donation_id`,`item_id`,`collection_point_id`,`quantity`,`action`) VALUES (5,15,8,13,7,'Updated');
INSERT INTO `donation_inventory_log` (`log_id`,`donation_id`,`item_id`,`collection_point_id`,`quantity`,`action`) VALUES (6,18,19,18,13,'Received');
INSERT INTO `donation_inventory_log` (`log_id`,`donation_id`,`item_id`,`collection_point_id`,`quantity`,`action`) VALUES (7,21,5,27,21,'Received');
INSERT INTO `donation_inventory_log` (`log_id`,`donation_id`,`item_id`,`collection_point_id`,`quantity`,`action`) VALUES (8,24,22,28,14,'Updated');
INSERT INTO `donation_inventory_log` (`log_id`,`donation_id`,`item_id`,`collection_point_id`,`quantity`,`action`) VALUES (9,27,14,28,21,'Received');
INSERT INTO `donation_inventory_log` (`log_id`,`donation_id`,`item_id`,`collection_point_id`,`quantity`,`action`) VALUES (10,30,11,36,8,'Updated');
INSERT INTO `donation_inventory_log` (`log_id`,`donation_id`,`item_id`,`collection_point_id`,`quantity`,`action`) VALUES (11,33,16,22,29,'Updated');
INSERT INTO `donation_inventory_log` (`log_id`,`donation_id`,`item_id`,`collection_point_id`,`quantity`,`action`) VALUES (12,36,5,29,28,'Updated');
INSERT INTO `donation_inventory_log` (`log_id`,`donation_id`,`item_id`,`collection_point_id`,`quantity`,`action`) VALUES (13,39,2,10,6,'Updated');
INSERT INTO `donation_inventory_log` (`log_id`,`donation_id`,`item_id`,`collection_point_id`,`quantity`,`action`) VALUES (14,42,15,24,18,'Updated');
INSERT INTO `donation_inventory_log` (`log_id`,`donation_id`,`item_id`,`collection_point_id`,`quantity`,`action`) VALUES (15,45,14,5,25,'Updated');
INSERT INTO `donation_inventory_log` (`log_id`,`donation_id`,`item_id`,`collection_point_id`,`quantity`,`action`) VALUES (16,48,2,25,23,'Updated');
INSERT INTO `donation_inventory_log` (`log_id`,`donation_id`,`item_id`,`collection_point_id`,`quantity`,`action`) VALUES (17,51,1,26,8,'Received');
INSERT INTO `donation_inventory_log` (`log_id`,`donation_id`,`item_id`,`collection_point_id`,`quantity`,`action`) VALUES (18,54,3,13,25,'Updated');
INSERT INTO `donation_inventory_log` (`log_id`,`donation_id`,`item_id`,`collection_point_id`,`quantity`,`action`) VALUES (19,57,10,25,27,'Updated');
INSERT INTO `donation_inventory_log` (`log_id`,`donation_id`,`item_id`,`collection_point_id`,`quantity`,`action`) VALUES (20,60,16,21,12,'Updated');
INSERT INTO `donation_inventory_log` (`log_id`,`donation_id`,`item_id`,`collection_point_id`,`quantity`,`action`) VALUES (21,63,4,22,15,'Updated');
INSERT INTO `donation_inventory_log` (`log_id`,`donation_id`,`item_id`,`collection_point_id`,`quantity`,`action`) VALUES (22,66,2,27,13,'Updated');
INSERT INTO `donation_inventory_log` (`log_id`,`donation_id`,`item_id`,`collection_point_id`,`quantity`,`action`) VALUES (23,69,14,13,26,'Updated');
INSERT INTO `donation_inventory_log` (`log_id`,`donation_id`,`item_id`,`collection_point_id`,`quantity`,`action`) VALUES (24,72,3,32,9,'Received');
INSERT INTO `donation_inventory_log` (`log_id`,`donation_id`,`item_id`,`collection_point_id`,`quantity`,`action`) VALUES (25,75,12,29,22,'Received');
INSERT INTO `donation_inventory_log` (`log_id`,`donation_id`,`item_id`,`collection_point_id`,`quantity`,`action`) VALUES (26,78,15,11,24,'Received');
INSERT INTO `donation_inventory_log` (`log_id`,`donation_id`,`item_id`,`collection_point_id`,`quantity`,`action`) VALUES (27,81,16,29,28,'Updated');

-- Donation Requests (~60)
INSERT INTO `donation_requests` (`request_id`,`user_id`,`safe_location_id`,`assigned_gn_user_id`,`relief_center_name`,`status`,`processing_status`,`special_notes`,`approved_at`,`fulfilled_at`,`location`,`contact_number`,`situation`) VALUES (1,283,6,30,'Emergency Relief Center','Pending','requested',NULL,NULL,NULL,'Avissawella area','0731806326','Landslide damage, road blocked');
INSERT INTO `donation_requests` (`request_id`,`user_id`,`safe_location_id`,`assigned_gn_user_id`,`relief_center_name`,`status`,`processing_status`,`special_notes`,`approved_at`,`fulfilled_at`,`location`,`contact_number`,`situation`) VALUES (2,274,21,117,'Disaster Aid Station','Pending','requested',NULL,NULL,NULL,'Pitabeddara area','0766577826','Food supplies running low');
INSERT INTO `donation_requests` (`request_id`,`user_id`,`safe_location_id`,`assigned_gn_user_id`,`relief_center_name`,`status`,`processing_status`,`special_notes`,`approved_at`,`fulfilled_at`,`location`,`contact_number`,`situation`) VALUES (3,194,15,86,'Disaster Aid Station','Pending','requested',NULL,NULL,NULL,'Manampitiya area','0791077349','Multiple families need shelter');
INSERT INTO `donation_requests` (`request_id`,`user_id`,`safe_location_id`,`assigned_gn_user_id`,`relief_center_name`,`status`,`processing_status`,`special_notes`,`approved_at`,`fulfilled_at`,`location`,`contact_number`,`situation`) VALUES (4,221,7,31,'Flood Relief Camp','Pending','requested',NULL,NULL,NULL,'Glencourse area','0782331222','Multiple families need shelter');
INSERT INTO `donation_requests` (`request_id`,`user_id`,`safe_location_id`,`assigned_gn_user_id`,`relief_center_name`,`status`,`processing_status`,`special_notes`,`approved_at`,`fulfilled_at`,`location`,`contact_number`,`situation`) VALUES (5,249,11,69,'Emergency Relief Center','Pending','requested',NULL,NULL,NULL,'Deraniyagala area','0742659096','Food supplies running low');
INSERT INTO `donation_requests` (`request_id`,`user_id`,`safe_location_id`,`assigned_gn_user_id`,`relief_center_name`,`status`,`processing_status`,`special_notes`,`approved_at`,`fulfilled_at`,`location`,`contact_number`,`situation`) VALUES (6,252,12,70,'Community Support Hub','Pending','requested',NULL,NULL,NULL,'Holombuwa area','0772928781','Multiple families need shelter');
INSERT INTO `donation_requests` (`request_id`,`user_id`,`safe_location_id`,`assigned_gn_user_id`,`relief_center_name`,`status`,`processing_status`,`special_notes`,`approved_at`,`fulfilled_at`,`location`,`contact_number`,`situation`) VALUES (7,154,8,46,'Flood Relief Camp','Pending','requested',NULL,NULL,NULL,'Thumpane area','0741723294','Flooding in area, families displaced');
INSERT INTO `donation_requests` (`request_id`,`user_id`,`safe_location_id`,`assigned_gn_user_id`,`relief_center_name`,`status`,`processing_status`,`special_notes`,`approved_at`,`fulfilled_at`,`location`,`contact_number`,`situation`) VALUES (8,171,3,4,'Emergency Relief Center','Pending','requested',NULL,NULL,NULL,'Nagalagam Street area','0722171967','Multiple families need shelter');
INSERT INTO `donation_requests` (`request_id`,`user_id`,`safe_location_id`,`assigned_gn_user_id`,`relief_center_name`,`status`,`processing_status`,`special_notes`,`approved_at`,`fulfilled_at`,`location`,`contact_number`,`situation`) VALUES (9,218,16,87,'Emergency Relief Center','Pending','requested',NULL,NULL,NULL,'Dimbulagala area','0757174721','Flooding in area, families displaced');
INSERT INTO `donation_requests` (`request_id`,`user_id`,`safe_location_id`,`assigned_gn_user_id`,`relief_center_name`,`status`,`processing_status`,`special_notes`,`approved_at`,`fulfilled_at`,`location`,`contact_number`,`situation`) VALUES (10,230,17,92,'Community Support Hub','Pending','requested',NULL,NULL,NULL,'Thaldena area','0758411441','Multiple families need shelter');
INSERT INTO `donation_requests` (`request_id`,`user_id`,`safe_location_id`,`assigned_gn_user_id`,`relief_center_name`,`status`,`processing_status`,`special_notes`,`approved_at`,`fulfilled_at`,`location`,`contact_number`,`situation`) VALUES (11,210,1,2,'Community Support Hub','Pending','requested',NULL,NULL,NULL,'Colombo area','0719822285','Flooding in area, families displaced');
INSERT INTO `donation_requests` (`request_id`,`user_id`,`safe_location_id`,`assigned_gn_user_id`,`relief_center_name`,`status`,`processing_status`,`special_notes`,`approved_at`,`fulfilled_at`,`location`,`contact_number`,`situation`) VALUES (12,238,4,17,'Disaster Aid Station','Pending','requested',NULL,NULL,NULL,'Negombo area','0788996137','Multiple families need shelter');
INSERT INTO `donation_requests` (`request_id`,`user_id`,`safe_location_id`,`assigned_gn_user_id`,`relief_center_name`,`status`,`processing_status`,`special_notes`,`approved_at`,`fulfilled_at`,`location`,`contact_number`,`situation`) VALUES (13,172,6,30,'Flood Relief Camp','Pending','requirement_gathered',NULL,NULL,NULL,'Avissawella area','0789418902','Multiple families need shelter');
INSERT INTO `donation_requests` (`request_id`,`user_id`,`safe_location_id`,`assigned_gn_user_id`,`relief_center_name`,`status`,`processing_status`,`special_notes`,`approved_at`,`fulfilled_at`,`location`,`contact_number`,`situation`) VALUES (14,200,11,69,'Flood Relief Camp','Pending','requirement_gathered',NULL,NULL,NULL,'Deraniyagala area','0744764633','Multiple families need shelter');
INSERT INTO `donation_requests` (`request_id`,`user_id`,`safe_location_id`,`assigned_gn_user_id`,`relief_center_name`,`status`,`processing_status`,`special_notes`,`approved_at`,`fulfilled_at`,`location`,`contact_number`,`situation`) VALUES (15,258,2,3,'Community Support Hub','Pending','requirement_gathered',NULL,NULL,NULL,'Kolonnawa area','0778885508','Medical supplies urgently needed');
INSERT INTO `donation_requests` (`request_id`,`user_id`,`safe_location_id`,`assigned_gn_user_id`,`relief_center_name`,`status`,`processing_status`,`special_notes`,`approved_at`,`fulfilled_at`,`location`,`contact_number`,`situation`) VALUES (16,283,11,69,'Emergency Relief Center','Pending','requirement_gathered',NULL,NULL,NULL,'Deraniyagala area','0715744336','Medical supplies urgently needed');
INSERT INTO `donation_requests` (`request_id`,`user_id`,`safe_location_id`,`assigned_gn_user_id`,`relief_center_name`,`status`,`processing_status`,`special_notes`,`approved_at`,`fulfilled_at`,`location`,`contact_number`,`situation`) VALUES (17,173,19,98,'Emergency Relief Center','Pending','requirement_gathered',NULL,NULL,NULL,'Bentota area','0718792643','Food supplies running low');
INSERT INTO `donation_requests` (`request_id`,`user_id`,`safe_location_id`,`assigned_gn_user_id`,`relief_center_name`,`status`,`processing_status`,`special_notes`,`approved_at`,`fulfilled_at`,`location`,`contact_number`,`situation`) VALUES (18,156,15,86,'Emergency Relief Center','Pending','requirement_gathered',NULL,NULL,NULL,'Manampitiya area','0766150520','Landslide damage, road blocked');
INSERT INTO `donation_requests` (`request_id`,`user_id`,`safe_location_id`,`assigned_gn_user_id`,`relief_center_name`,`status`,`processing_status`,`special_notes`,`approved_at`,`fulfilled_at`,`location`,`contact_number`,`situation`) VALUES (19,203,4,17,'Community Support Hub','Pending','requirement_gathered',NULL,NULL,NULL,'Negombo area','0730206682','Multiple families need shelter');
INSERT INTO `donation_requests` (`request_id`,`user_id`,`safe_location_id`,`assigned_gn_user_id`,`relief_center_name`,`status`,`processing_status`,`special_notes`,`approved_at`,`fulfilled_at`,`location`,`contact_number`,`situation`) VALUES (20,196,3,4,'Flood Relief Camp','Pending','requirement_gathered',NULL,NULL,NULL,'Nagalagam Street area','0721902488','Flooding in area, families displaced');
INSERT INTO `donation_requests` (`request_id`,`user_id`,`safe_location_id`,`assigned_gn_user_id`,`relief_center_name`,`status`,`processing_status`,`special_notes`,`approved_at`,`fulfilled_at`,`location`,`contact_number`,`situation`) VALUES (21,253,2,3,'Disaster Aid Station','Pending','requirement_gathered',NULL,NULL,NULL,'Kolonnawa area','0753224455','Medical supplies urgently needed');
INSERT INTO `donation_requests` (`request_id`,`user_id`,`safe_location_id`,`assigned_gn_user_id`,`relief_center_name`,`status`,`processing_status`,`special_notes`,`approved_at`,`fulfilled_at`,`location`,`contact_number`,`situation`) VALUES (22,224,20,99,'Emergency Relief Center','Pending','requirement_gathered',NULL,NULL,NULL,'Balapitiya area','0728003882','Landslide damage, road blocked');
INSERT INTO `donation_requests` (`request_id`,`user_id`,`safe_location_id`,`assigned_gn_user_id`,`relief_center_name`,`status`,`processing_status`,`special_notes`,`approved_at`,`fulfilled_at`,`location`,`contact_number`,`situation`) VALUES (23,222,18,93,'Emergency Relief Center','Pending','requirement_gathered',NULL,NULL,NULL,'Welimada area','0753213572','Multiple families need shelter');
INSERT INTO `donation_requests` (`request_id`,`user_id`,`safe_location_id`,`assigned_gn_user_id`,`relief_center_name`,`status`,`processing_status`,`special_notes`,`approved_at`,`fulfilled_at`,`location`,`contact_number`,`situation`) VALUES (24,236,12,70,'Disaster Aid Station','Pending','requirement_gathered',NULL,NULL,NULL,'Holombuwa area','0757400138','Medical supplies urgently needed');
INSERT INTO `donation_requests` (`request_id`,`user_id`,`safe_location_id`,`assigned_gn_user_id`,`relief_center_name`,`status`,`processing_status`,`special_notes`,`approved_at`,`fulfilled_at`,`location`,`contact_number`,`situation`) VALUES (25,275,4,17,'Emergency Relief Center','Pending','fulfilled',NULL,NULL,'2025-12-25 18:18:14','Negombo area','0785194657','Medical supplies urgently needed');
INSERT INTO `donation_requests` (`request_id`,`user_id`,`safe_location_id`,`assigned_gn_user_id`,`relief_center_name`,`status`,`processing_status`,`special_notes`,`approved_at`,`fulfilled_at`,`location`,`contact_number`,`situation`) VALUES (26,255,2,3,'Emergency Relief Center','Pending','fulfilled',NULL,NULL,'2026-03-25 13:35:40','Kolonnawa area','0794138331','Multiple families need shelter');
INSERT INTO `donation_requests` (`request_id`,`user_id`,`safe_location_id`,`assigned_gn_user_id`,`relief_center_name`,`status`,`processing_status`,`special_notes`,`approved_at`,`fulfilled_at`,`location`,`contact_number`,`situation`) VALUES (27,158,9,47,'Flood Relief Camp','Pending','fulfilled',NULL,NULL,'2025-11-23 13:19:10','Pujapitiya area','0731630706','Food supplies running low');
INSERT INTO `donation_requests` (`request_id`,`user_id`,`safe_location_id`,`assigned_gn_user_id`,`relief_center_name`,`status`,`processing_status`,`special_notes`,`approved_at`,`fulfilled_at`,`location`,`contact_number`,`situation`) VALUES (28,252,9,47,'Community Support Hub','Pending','fulfilled',NULL,NULL,'2025-12-30 22:19:25','Pujapitiya area','0777734854','Flooding in area, families displaced');
INSERT INTO `donation_requests` (`request_id`,`user_id`,`safe_location_id`,`assigned_gn_user_id`,`relief_center_name`,`status`,`processing_status`,`special_notes`,`approved_at`,`fulfilled_at`,`location`,`contact_number`,`situation`) VALUES (29,266,6,30,'Emergency Relief Center','Pending','fulfilled',NULL,NULL,'2025-11-17 10:38:05','Avissawella area','0725525065','Flooding in area, families displaced');
INSERT INTO `donation_requests` (`request_id`,`user_id`,`safe_location_id`,`assigned_gn_user_id`,`relief_center_name`,`status`,`processing_status`,`special_notes`,`approved_at`,`fulfilled_at`,`location`,`contact_number`,`situation`) VALUES (30,189,13,76,'Flood Relief Camp','Pending','fulfilled',NULL,NULL,'2025-08-21 22:10:51','Rathnapura area','0786868434','Food supplies running low');
INSERT INTO `donation_requests` (`request_id`,`user_id`,`safe_location_id`,`assigned_gn_user_id`,`relief_center_name`,`status`,`processing_status`,`special_notes`,`approved_at`,`fulfilled_at`,`location`,`contact_number`,`situation`) VALUES (31,240,1,2,'Community Support Hub','Pending','fulfilled',NULL,NULL,'2025-10-23 00:05:32','Colombo area','0774062974','Medical supplies urgently needed');
INSERT INTO `donation_requests` (`request_id`,`user_id`,`safe_location_id`,`assigned_gn_user_id`,`relief_center_name`,`status`,`processing_status`,`special_notes`,`approved_at`,`fulfilled_at`,`location`,`contact_number`,`situation`) VALUES (32,281,14,77,'Emergency Relief Center','Pending','fulfilled',NULL,NULL,'2025-10-11 03:26:40','Ellagawa area','0742631666','Food supplies running low');
INSERT INTO `donation_requests` (`request_id`,`user_id`,`safe_location_id`,`assigned_gn_user_id`,`relief_center_name`,`status`,`processing_status`,`special_notes`,`approved_at`,`fulfilled_at`,`location`,`contact_number`,`situation`) VALUES (33,161,17,92,'Emergency Relief Center','Approved','requested',NULL,'2025-11-01 06:51:52',NULL,'Thaldena area','0761565125','Landslide damage, road blocked');
INSERT INTO `donation_requests` (`request_id`,`user_id`,`safe_location_id`,`assigned_gn_user_id`,`relief_center_name`,`status`,`processing_status`,`special_notes`,`approved_at`,`fulfilled_at`,`location`,`contact_number`,`situation`) VALUES (34,199,4,17,'Flood Relief Camp','Approved','requested',NULL,'2025-10-29 14:37:20',NULL,'Negombo area','0743563030','Multiple families need shelter');
INSERT INTO `donation_requests` (`request_id`,`user_id`,`safe_location_id`,`assigned_gn_user_id`,`relief_center_name`,`status`,`processing_status`,`special_notes`,`approved_at`,`fulfilled_at`,`location`,`contact_number`,`situation`) VALUES (35,260,10,48,'Community Support Hub','Approved','requested',NULL,'2026-01-19 06:44:24',NULL,'Akurana area','0757770934','Landslide damage, road blocked');
INSERT INTO `donation_requests` (`request_id`,`user_id`,`safe_location_id`,`assigned_gn_user_id`,`relief_center_name`,`status`,`processing_status`,`special_notes`,`approved_at`,`fulfilled_at`,`location`,`contact_number`,`situation`) VALUES (36,209,11,69,'Community Support Hub','Approved','requested',NULL,'2025-12-23 08:31:29',NULL,'Deraniyagala area','0716714708','Flooding in area, families displaced');
INSERT INTO `donation_requests` (`request_id`,`user_id`,`safe_location_id`,`assigned_gn_user_id`,`relief_center_name`,`status`,`processing_status`,`special_notes`,`approved_at`,`fulfilled_at`,`location`,`contact_number`,`situation`) VALUES (37,195,17,92,'Emergency Relief Center','Approved','requested',NULL,'2025-07-09 23:40:02',NULL,'Thaldena area','0747011370','Food supplies running low');
INSERT INTO `donation_requests` (`request_id`,`user_id`,`safe_location_id`,`assigned_gn_user_id`,`relief_center_name`,`status`,`processing_status`,`special_notes`,`approved_at`,`fulfilled_at`,`location`,`contact_number`,`situation`) VALUES (38,263,16,87,'Community Support Hub','Approved','requested',NULL,'2025-08-18 04:08:50',NULL,'Dimbulagala area','0731966107','Medical supplies urgently needed');
INSERT INTO `donation_requests` (`request_id`,`user_id`,`safe_location_id`,`assigned_gn_user_id`,`relief_center_name`,`status`,`processing_status`,`special_notes`,`approved_at`,`fulfilled_at`,`location`,`contact_number`,`situation`) VALUES (39,235,21,117,'Flood Relief Camp','Approved','requested',NULL,'2025-12-17 08:57:03',NULL,'Pitabeddara area','0797464607','Medical supplies urgently needed');
INSERT INTO `donation_requests` (`request_id`,`user_id`,`safe_location_id`,`assigned_gn_user_id`,`relief_center_name`,`status`,`processing_status`,`special_notes`,`approved_at`,`fulfilled_at`,`location`,`contact_number`,`situation`) VALUES (40,192,17,92,'Disaster Aid Station','Approved','requested',NULL,'2025-11-30 08:17:57',NULL,'Thaldena area','0714599228','Multiple families need shelter');
INSERT INTO `donation_requests` (`request_id`,`user_id`,`safe_location_id`,`assigned_gn_user_id`,`relief_center_name`,`status`,`processing_status`,`special_notes`,`approved_at`,`fulfilled_at`,`location`,`contact_number`,`situation`) VALUES (41,178,13,76,'Flood Relief Camp','Approved','requirement_gathered',NULL,'2025-08-03 20:16:49',NULL,'Rathnapura area','0793795694','Medical supplies urgently needed');
INSERT INTO `donation_requests` (`request_id`,`user_id`,`safe_location_id`,`assigned_gn_user_id`,`relief_center_name`,`status`,`processing_status`,`special_notes`,`approved_at`,`fulfilled_at`,`location`,`contact_number`,`situation`) VALUES (42,247,9,47,'Disaster Aid Station','Approved','requirement_gathered',NULL,'2025-09-06 23:18:46',NULL,'Pujapitiya area','0767406693','Food supplies running low');
INSERT INTO `donation_requests` (`request_id`,`user_id`,`safe_location_id`,`assigned_gn_user_id`,`relief_center_name`,`status`,`processing_status`,`special_notes`,`approved_at`,`fulfilled_at`,`location`,`contact_number`,`situation`) VALUES (43,228,10,48,'Flood Relief Camp','Approved','requirement_gathered',NULL,'2025-11-03 07:44:47',NULL,'Akurana area','0789074721','Landslide damage, road blocked');
INSERT INTO `donation_requests` (`request_id`,`user_id`,`safe_location_id`,`assigned_gn_user_id`,`relief_center_name`,`status`,`processing_status`,`special_notes`,`approved_at`,`fulfilled_at`,`location`,`contact_number`,`situation`) VALUES (44,170,18,93,'Community Support Hub','Approved','requirement_gathered',NULL,'2025-09-09 02:23:38',NULL,'Welimada area','0785691961','Landslide damage, road blocked');
INSERT INTO `donation_requests` (`request_id`,`user_id`,`safe_location_id`,`assigned_gn_user_id`,`relief_center_name`,`status`,`processing_status`,`special_notes`,`approved_at`,`fulfilled_at`,`location`,`contact_number`,`situation`) VALUES (45,198,17,92,'Emergency Relief Center','Approved','requirement_gathered',NULL,'2026-01-09 00:13:13',NULL,'Thaldena area','0771713973','Flooding in area, families displaced');
INSERT INTO `donation_requests` (`request_id`,`user_id`,`safe_location_id`,`assigned_gn_user_id`,`relief_center_name`,`status`,`processing_status`,`special_notes`,`approved_at`,`fulfilled_at`,`location`,`contact_number`,`situation`) VALUES (46,154,4,17,'Emergency Relief Center','Approved','requirement_gathered',NULL,'2026-02-01 08:58:42',NULL,'Negombo area','0766243819','Multiple families need shelter');
INSERT INTO `donation_requests` (`request_id`,`user_id`,`safe_location_id`,`assigned_gn_user_id`,`relief_center_name`,`status`,`processing_status`,`special_notes`,`approved_at`,`fulfilled_at`,`location`,`contact_number`,`situation`) VALUES (47,153,1,2,'Disaster Aid Station','Approved','requirement_gathered',NULL,'2025-08-10 16:14:40',NULL,'Colombo area','0791191249','Medical supplies urgently needed');
INSERT INTO `donation_requests` (`request_id`,`user_id`,`safe_location_id`,`assigned_gn_user_id`,`relief_center_name`,`status`,`processing_status`,`special_notes`,`approved_at`,`fulfilled_at`,`location`,`contact_number`,`situation`) VALUES (48,263,1,2,'Disaster Aid Station','Approved','requirement_gathered',NULL,'2025-11-01 18:49:00',NULL,'Colombo area','0732560601','Multiple families need shelter');
INSERT INTO `donation_requests` (`request_id`,`user_id`,`safe_location_id`,`assigned_gn_user_id`,`relief_center_name`,`status`,`processing_status`,`special_notes`,`approved_at`,`fulfilled_at`,`location`,`contact_number`,`situation`) VALUES (49,244,9,47,'Flood Relief Camp','Approved','requirement_gathered',NULL,'2025-07-12 00:34:37',NULL,'Pujapitiya area','0741044029','Multiple families need shelter');
INSERT INTO `donation_requests` (`request_id`,`user_id`,`safe_location_id`,`assigned_gn_user_id`,`relief_center_name`,`status`,`processing_status`,`special_notes`,`approved_at`,`fulfilled_at`,`location`,`contact_number`,`situation`) VALUES (50,245,12,70,'Flood Relief Camp','Approved','fulfilled',NULL,'2025-11-26 01:05:27','2025-12-23 05:00:19','Holombuwa area','0745126074','Multiple families need shelter');
INSERT INTO `donation_requests` (`request_id`,`user_id`,`safe_location_id`,`assigned_gn_user_id`,`relief_center_name`,`status`,`processing_status`,`special_notes`,`approved_at`,`fulfilled_at`,`location`,`contact_number`,`situation`) VALUES (51,258,17,92,'Community Support Hub','Approved','fulfilled',NULL,'2026-03-22 02:16:37','2026-01-31 07:15:37','Thaldena area','0777622411','Landslide damage, road blocked');
INSERT INTO `donation_requests` (`request_id`,`user_id`,`safe_location_id`,`assigned_gn_user_id`,`relief_center_name`,`status`,`processing_status`,`special_notes`,`approved_at`,`fulfilled_at`,`location`,`contact_number`,`situation`) VALUES (52,235,16,87,'Disaster Aid Station','Approved','fulfilled',NULL,'2025-12-22 23:29:44','2025-08-31 10:43:15','Dimbulagala area','0791861749','Multiple families need shelter');
INSERT INTO `donation_requests` (`request_id`,`user_id`,`safe_location_id`,`assigned_gn_user_id`,`relief_center_name`,`status`,`processing_status`,`special_notes`,`approved_at`,`fulfilled_at`,`location`,`contact_number`,`situation`) VALUES (53,271,13,76,'Flood Relief Camp','Approved','fulfilled',NULL,'2026-01-08 05:13:33','2026-02-26 23:12:59','Rathnapura area','0740879201','Landslide damage, road blocked');
INSERT INTO `donation_requests` (`request_id`,`user_id`,`safe_location_id`,`assigned_gn_user_id`,`relief_center_name`,`status`,`processing_status`,`special_notes`,`approved_at`,`fulfilled_at`,`location`,`contact_number`,`situation`) VALUES (54,200,15,86,'Flood Relief Camp','Approved','fulfilled',NULL,'2025-09-28 22:03:38','2025-09-14 02:42:58','Manampitiya area','0787709316','Landslide damage, road blocked');
INSERT INTO `donation_requests` (`request_id`,`user_id`,`safe_location_id`,`assigned_gn_user_id`,`relief_center_name`,`status`,`processing_status`,`special_notes`,`approved_at`,`fulfilled_at`,`location`,`contact_number`,`situation`) VALUES (55,186,18,93,'Community Support Hub','Approved','fulfilled',NULL,'2025-07-08 03:36:44','2025-12-06 00:13:52','Welimada area','0738435257','Medical supplies urgently needed');
INSERT INTO `donation_requests` (`request_id`,`user_id`,`safe_location_id`,`assigned_gn_user_id`,`relief_center_name`,`status`,`processing_status`,`special_notes`,`approved_at`,`fulfilled_at`,`location`,`contact_number`,`situation`) VALUES (56,202,9,47,'Emergency Relief Center','Approved','fulfilled',NULL,'2025-08-18 23:48:40','2026-02-26 23:25:13','Pujapitiya area','0725655745','Landslide damage, road blocked');
INSERT INTO `donation_requests` (`request_id`,`user_id`,`safe_location_id`,`assigned_gn_user_id`,`relief_center_name`,`status`,`processing_status`,`special_notes`,`approved_at`,`fulfilled_at`,`location`,`contact_number`,`situation`) VALUES (57,250,20,99,'Flood Relief Camp','Approved','fulfilled',NULL,'2025-10-20 08:43:29','2025-12-11 04:37:20','Balapitiya area','0720213430','Food supplies running low');

-- Donation Request Items
INSERT INTO `donation_request_items` (`request_item_id`,`request_id`,`item_id`,`quantity`) VALUES (1,1,12,20);
INSERT INTO `donation_request_items` (`request_item_id`,`request_id`,`item_id`,`quantity`) VALUES (2,1,16,38);
INSERT INTO `donation_request_items` (`request_item_id`,`request_id`,`item_id`,`quantity`) VALUES (3,1,20,60);
INSERT INTO `donation_request_items` (`request_item_id`,`request_id`,`item_id`,`quantity`) VALUES (4,2,3,75);
INSERT INTO `donation_request_items` (`request_item_id`,`request_id`,`item_id`,`quantity`) VALUES (5,2,4,89);
INSERT INTO `donation_request_items` (`request_item_id`,`request_id`,`item_id`,`quantity`) VALUES (6,2,9,85);
INSERT INTO `donation_request_items` (`request_item_id`,`request_id`,`item_id`,`quantity`) VALUES (7,2,16,13);
INSERT INTO `donation_request_items` (`request_item_id`,`request_id`,`item_id`,`quantity`) VALUES (8,3,15,53);
INSERT INTO `donation_request_items` (`request_item_id`,`request_id`,`item_id`,`quantity`) VALUES (9,3,16,46);
INSERT INTO `donation_request_items` (`request_item_id`,`request_id`,`item_id`,`quantity`) VALUES (10,3,22,29);
INSERT INTO `donation_request_items` (`request_item_id`,`request_id`,`item_id`,`quantity`) VALUES (11,4,6,72);
INSERT INTO `donation_request_items` (`request_item_id`,`request_id`,`item_id`,`quantity`) VALUES (12,4,20,48);
INSERT INTO `donation_request_items` (`request_item_id`,`request_id`,`item_id`,`quantity`) VALUES (13,5,7,74);
INSERT INTO `donation_request_items` (`request_item_id`,`request_id`,`item_id`,`quantity`) VALUES (14,5,15,19);
INSERT INTO `donation_request_items` (`request_item_id`,`request_id`,`item_id`,`quantity`) VALUES (15,6,1,74);
INSERT INTO `donation_request_items` (`request_item_id`,`request_id`,`item_id`,`quantity`) VALUES (16,6,4,65);
INSERT INTO `donation_request_items` (`request_item_id`,`request_id`,`item_id`,`quantity`) VALUES (17,6,19,90);
INSERT INTO `donation_request_items` (`request_item_id`,`request_id`,`item_id`,`quantity`) VALUES (18,7,9,46);
INSERT INTO `donation_request_items` (`request_item_id`,`request_id`,`item_id`,`quantity`) VALUES (19,7,20,44);
INSERT INTO `donation_request_items` (`request_item_id`,`request_id`,`item_id`,`quantity`) VALUES (20,8,5,94);
INSERT INTO `donation_request_items` (`request_item_id`,`request_id`,`item_id`,`quantity`) VALUES (21,8,17,46);
INSERT INTO `donation_request_items` (`request_item_id`,`request_id`,`item_id`,`quantity`) VALUES (22,9,3,57);
INSERT INTO `donation_request_items` (`request_item_id`,`request_id`,`item_id`,`quantity`) VALUES (23,9,14,93);
INSERT INTO `donation_request_items` (`request_item_id`,`request_id`,`item_id`,`quantity`) VALUES (24,9,17,6);
INSERT INTO `donation_request_items` (`request_item_id`,`request_id`,`item_id`,`quantity`) VALUES (25,9,20,61);
INSERT INTO `donation_request_items` (`request_item_id`,`request_id`,`item_id`,`quantity`) VALUES (26,10,16,93);
INSERT INTO `donation_request_items` (`request_item_id`,`request_id`,`item_id`,`quantity`) VALUES (27,10,21,62);
INSERT INTO `donation_request_items` (`request_item_id`,`request_id`,`item_id`,`quantity`) VALUES (28,10,22,53);
INSERT INTO `donation_request_items` (`request_item_id`,`request_id`,`item_id`,`quantity`) VALUES (29,11,2,84);
INSERT INTO `donation_request_items` (`request_item_id`,`request_id`,`item_id`,`quantity`) VALUES (30,11,5,58);
INSERT INTO `donation_request_items` (`request_item_id`,`request_id`,`item_id`,`quantity`) VALUES (31,11,8,54);
INSERT INTO `donation_request_items` (`request_item_id`,`request_id`,`item_id`,`quantity`) VALUES (32,12,4,84);
INSERT INTO `donation_request_items` (`request_item_id`,`request_id`,`item_id`,`quantity`) VALUES (33,12,7,70);
INSERT INTO `donation_request_items` (`request_item_id`,`request_id`,`item_id`,`quantity`) VALUES (34,12,8,28);
INSERT INTO `donation_request_items` (`request_item_id`,`request_id`,`item_id`,`quantity`) VALUES (35,12,16,37);
INSERT INTO `donation_request_items` (`request_item_id`,`request_id`,`item_id`,`quantity`) VALUES (36,13,3,86);
INSERT INTO `donation_request_items` (`request_item_id`,`request_id`,`item_id`,`quantity`) VALUES (37,13,11,23);
INSERT INTO `donation_request_items` (`request_item_id`,`request_id`,`item_id`,`quantity`) VALUES (38,14,1,96);
INSERT INTO `donation_request_items` (`request_item_id`,`request_id`,`item_id`,`quantity`) VALUES (39,14,13,20);
INSERT INTO `donation_request_items` (`request_item_id`,`request_id`,`item_id`,`quantity`) VALUES (40,14,15,77);
INSERT INTO `donation_request_items` (`request_item_id`,`request_id`,`item_id`,`quantity`) VALUES (41,14,22,35);
INSERT INTO `donation_request_items` (`request_item_id`,`request_id`,`item_id`,`quantity`) VALUES (42,15,2,94);
INSERT INTO `donation_request_items` (`request_item_id`,`request_id`,`item_id`,`quantity`) VALUES (43,15,8,43);
INSERT INTO `donation_request_items` (`request_item_id`,`request_id`,`item_id`,`quantity`) VALUES (44,15,11,31);
INSERT INTO `donation_request_items` (`request_item_id`,`request_id`,`item_id`,`quantity`) VALUES (45,15,20,75);
INSERT INTO `donation_request_items` (`request_item_id`,`request_id`,`item_id`,`quantity`) VALUES (46,16,2,71);
INSERT INTO `donation_request_items` (`request_item_id`,`request_id`,`item_id`,`quantity`) VALUES (47,16,3,85);
INSERT INTO `donation_request_items` (`request_item_id`,`request_id`,`item_id`,`quantity`) VALUES (48,16,14,93);
INSERT INTO `donation_request_items` (`request_item_id`,`request_id`,`item_id`,`quantity`) VALUES (49,16,20,72);
INSERT INTO `donation_request_items` (`request_item_id`,`request_id`,`item_id`,`quantity`) VALUES (50,17,9,25);
INSERT INTO `donation_request_items` (`request_item_id`,`request_id`,`item_id`,`quantity`) VALUES (51,17,19,70);
INSERT INTO `donation_request_items` (`request_item_id`,`request_id`,`item_id`,`quantity`) VALUES (52,18,2,97);
INSERT INTO `donation_request_items` (`request_item_id`,`request_id`,`item_id`,`quantity`) VALUES (53,18,21,95);
INSERT INTO `donation_request_items` (`request_item_id`,`request_id`,`item_id`,`quantity`) VALUES (54,19,1,61);
INSERT INTO `donation_request_items` (`request_item_id`,`request_id`,`item_id`,`quantity`) VALUES (55,19,5,9);
INSERT INTO `donation_request_items` (`request_item_id`,`request_id`,`item_id`,`quantity`) VALUES (56,20,11,6);
INSERT INTO `donation_request_items` (`request_item_id`,`request_id`,`item_id`,`quantity`) VALUES (57,20,12,6);
INSERT INTO `donation_request_items` (`request_item_id`,`request_id`,`item_id`,`quantity`) VALUES (58,20,15,85);
INSERT INTO `donation_request_items` (`request_item_id`,`request_id`,`item_id`,`quantity`) VALUES (59,20,17,59);
INSERT INTO `donation_request_items` (`request_item_id`,`request_id`,`item_id`,`quantity`) VALUES (60,21,18,42);
INSERT INTO `donation_request_items` (`request_item_id`,`request_id`,`item_id`,`quantity`) VALUES (61,21,19,23);
INSERT INTO `donation_request_items` (`request_item_id`,`request_id`,`item_id`,`quantity`) VALUES (62,22,5,9);
INSERT INTO `donation_request_items` (`request_item_id`,`request_id`,`item_id`,`quantity`) VALUES (63,22,19,98);
INSERT INTO `donation_request_items` (`request_item_id`,`request_id`,`item_id`,`quantity`) VALUES (64,22,22,96);
INSERT INTO `donation_request_items` (`request_item_id`,`request_id`,`item_id`,`quantity`) VALUES (65,23,13,78);
INSERT INTO `donation_request_items` (`request_item_id`,`request_id`,`item_id`,`quantity`) VALUES (66,23,15,23);
INSERT INTO `donation_request_items` (`request_item_id`,`request_id`,`item_id`,`quantity`) VALUES (67,24,2,71);
INSERT INTO `donation_request_items` (`request_item_id`,`request_id`,`item_id`,`quantity`) VALUES (68,24,14,82);
INSERT INTO `donation_request_items` (`request_item_id`,`request_id`,`item_id`,`quantity`) VALUES (69,25,5,22);
INSERT INTO `donation_request_items` (`request_item_id`,`request_id`,`item_id`,`quantity`) VALUES (70,25,9,26);
INSERT INTO `donation_request_items` (`request_item_id`,`request_id`,`item_id`,`quantity`) VALUES (71,25,21,34);
INSERT INTO `donation_request_items` (`request_item_id`,`request_id`,`item_id`,`quantity`) VALUES (72,26,1,14);
INSERT INTO `donation_request_items` (`request_item_id`,`request_id`,`item_id`,`quantity`) VALUES (73,26,3,28);
INSERT INTO `donation_request_items` (`request_item_id`,`request_id`,`item_id`,`quantity`) VALUES (74,26,8,21);
INSERT INTO `donation_request_items` (`request_item_id`,`request_id`,`item_id`,`quantity`) VALUES (75,26,15,63);
INSERT INTO `donation_request_items` (`request_item_id`,`request_id`,`item_id`,`quantity`) VALUES (76,27,2,24);
INSERT INTO `donation_request_items` (`request_item_id`,`request_id`,`item_id`,`quantity`) VALUES (77,27,3,75);
INSERT INTO `donation_request_items` (`request_item_id`,`request_id`,`item_id`,`quantity`) VALUES (78,27,5,5);
INSERT INTO `donation_request_items` (`request_item_id`,`request_id`,`item_id`,`quantity`) VALUES (79,27,15,16);
INSERT INTO `donation_request_items` (`request_item_id`,`request_id`,`item_id`,`quantity`) VALUES (80,28,5,46);
INSERT INTO `donation_request_items` (`request_item_id`,`request_id`,`item_id`,`quantity`) VALUES (81,28,8,49);
INSERT INTO `donation_request_items` (`request_item_id`,`request_id`,`item_id`,`quantity`) VALUES (82,28,15,17);
INSERT INTO `donation_request_items` (`request_item_id`,`request_id`,`item_id`,`quantity`) VALUES (83,29,8,69);
INSERT INTO `donation_request_items` (`request_item_id`,`request_id`,`item_id`,`quantity`) VALUES (84,29,9,65);
INSERT INTO `donation_request_items` (`request_item_id`,`request_id`,`item_id`,`quantity`) VALUES (85,29,17,83);
INSERT INTO `donation_request_items` (`request_item_id`,`request_id`,`item_id`,`quantity`) VALUES (86,30,3,36);
INSERT INTO `donation_request_items` (`request_item_id`,`request_id`,`item_id`,`quantity`) VALUES (87,30,8,91);
INSERT INTO `donation_request_items` (`request_item_id`,`request_id`,`item_id`,`quantity`) VALUES (88,30,12,55);
INSERT INTO `donation_request_items` (`request_item_id`,`request_id`,`item_id`,`quantity`) VALUES (89,31,2,30);
INSERT INTO `donation_request_items` (`request_item_id`,`request_id`,`item_id`,`quantity`) VALUES (90,31,4,46);
INSERT INTO `donation_request_items` (`request_item_id`,`request_id`,`item_id`,`quantity`) VALUES (91,31,5,88);
INSERT INTO `donation_request_items` (`request_item_id`,`request_id`,`item_id`,`quantity`) VALUES (92,31,16,16);
INSERT INTO `donation_request_items` (`request_item_id`,`request_id`,`item_id`,`quantity`) VALUES (93,32,1,99);
INSERT INTO `donation_request_items` (`request_item_id`,`request_id`,`item_id`,`quantity`) VALUES (94,32,2,100);
INSERT INTO `donation_request_items` (`request_item_id`,`request_id`,`item_id`,`quantity`) VALUES (95,32,4,66);
INSERT INTO `donation_request_items` (`request_item_id`,`request_id`,`item_id`,`quantity`) VALUES (96,32,13,57);
INSERT INTO `donation_request_items` (`request_item_id`,`request_id`,`item_id`,`quantity`) VALUES (97,33,5,80);
INSERT INTO `donation_request_items` (`request_item_id`,`request_id`,`item_id`,`quantity`) VALUES (98,33,10,40);
INSERT INTO `donation_request_items` (`request_item_id`,`request_id`,`item_id`,`quantity`) VALUES (99,33,12,20);
INSERT INTO `donation_request_items` (`request_item_id`,`request_id`,`item_id`,`quantity`) VALUES (100,33,20,61);
INSERT INTO `donation_request_items` (`request_item_id`,`request_id`,`item_id`,`quantity`) VALUES (101,34,6,34);
INSERT INTO `donation_request_items` (`request_item_id`,`request_id`,`item_id`,`quantity`) VALUES (102,34,11,89);
INSERT INTO `donation_request_items` (`request_item_id`,`request_id`,`item_id`,`quantity`) VALUES (103,34,18,72);
INSERT INTO `donation_request_items` (`request_item_id`,`request_id`,`item_id`,`quantity`) VALUES (104,34,19,40);
INSERT INTO `donation_request_items` (`request_item_id`,`request_id`,`item_id`,`quantity`) VALUES (105,35,3,86);
INSERT INTO `donation_request_items` (`request_item_id`,`request_id`,`item_id`,`quantity`) VALUES (106,35,9,99);
INSERT INTO `donation_request_items` (`request_item_id`,`request_id`,`item_id`,`quantity`) VALUES (107,35,14,43);
INSERT INTO `donation_request_items` (`request_item_id`,`request_id`,`item_id`,`quantity`) VALUES (108,35,15,6);
INSERT INTO `donation_request_items` (`request_item_id`,`request_id`,`item_id`,`quantity`) VALUES (109,36,3,72);
INSERT INTO `donation_request_items` (`request_item_id`,`request_id`,`item_id`,`quantity`) VALUES (110,36,16,83);
INSERT INTO `donation_request_items` (`request_item_id`,`request_id`,`item_id`,`quantity`) VALUES (111,37,4,45);
INSERT INTO `donation_request_items` (`request_item_id`,`request_id`,`item_id`,`quantity`) VALUES (112,37,11,26);
INSERT INTO `donation_request_items` (`request_item_id`,`request_id`,`item_id`,`quantity`) VALUES (113,38,10,27);
INSERT INTO `donation_request_items` (`request_item_id`,`request_id`,`item_id`,`quantity`) VALUES (114,38,21,19);
INSERT INTO `donation_request_items` (`request_item_id`,`request_id`,`item_id`,`quantity`) VALUES (115,39,6,86);
INSERT INTO `donation_request_items` (`request_item_id`,`request_id`,`item_id`,`quantity`) VALUES (116,39,8,59);
INSERT INTO `donation_request_items` (`request_item_id`,`request_id`,`item_id`,`quantity`) VALUES (117,39,17,67);
INSERT INTO `donation_request_items` (`request_item_id`,`request_id`,`item_id`,`quantity`) VALUES (118,39,18,61);
INSERT INTO `donation_request_items` (`request_item_id`,`request_id`,`item_id`,`quantity`) VALUES (119,40,13,22);
INSERT INTO `donation_request_items` (`request_item_id`,`request_id`,`item_id`,`quantity`) VALUES (120,40,21,24);
INSERT INTO `donation_request_items` (`request_item_id`,`request_id`,`item_id`,`quantity`) VALUES (121,41,3,41);
INSERT INTO `donation_request_items` (`request_item_id`,`request_id`,`item_id`,`quantity`) VALUES (122,41,7,14);
INSERT INTO `donation_request_items` (`request_item_id`,`request_id`,`item_id`,`quantity`) VALUES (123,41,19,42);
INSERT INTO `donation_request_items` (`request_item_id`,`request_id`,`item_id`,`quantity`) VALUES (124,42,8,88);
INSERT INTO `donation_request_items` (`request_item_id`,`request_id`,`item_id`,`quantity`) VALUES (125,42,16,40);
INSERT INTO `donation_request_items` (`request_item_id`,`request_id`,`item_id`,`quantity`) VALUES (126,43,9,17);
INSERT INTO `donation_request_items` (`request_item_id`,`request_id`,`item_id`,`quantity`) VALUES (127,43,13,92);
INSERT INTO `donation_request_items` (`request_item_id`,`request_id`,`item_id`,`quantity`) VALUES (128,43,15,94);
INSERT INTO `donation_request_items` (`request_item_id`,`request_id`,`item_id`,`quantity`) VALUES (129,43,20,24);
INSERT INTO `donation_request_items` (`request_item_id`,`request_id`,`item_id`,`quantity`) VALUES (130,44,2,50);
INSERT INTO `donation_request_items` (`request_item_id`,`request_id`,`item_id`,`quantity`) VALUES (131,44,9,64);
INSERT INTO `donation_request_items` (`request_item_id`,`request_id`,`item_id`,`quantity`) VALUES (132,44,17,73);
INSERT INTO `donation_request_items` (`request_item_id`,`request_id`,`item_id`,`quantity`) VALUES (133,44,19,20);
INSERT INTO `donation_request_items` (`request_item_id`,`request_id`,`item_id`,`quantity`) VALUES (134,45,14,21);
INSERT INTO `donation_request_items` (`request_item_id`,`request_id`,`item_id`,`quantity`) VALUES (135,45,16,27);
INSERT INTO `donation_request_items` (`request_item_id`,`request_id`,`item_id`,`quantity`) VALUES (136,45,22,75);
INSERT INTO `donation_request_items` (`request_item_id`,`request_id`,`item_id`,`quantity`) VALUES (137,46,7,56);
INSERT INTO `donation_request_items` (`request_item_id`,`request_id`,`item_id`,`quantity`) VALUES (138,46,12,85);
INSERT INTO `donation_request_items` (`request_item_id`,`request_id`,`item_id`,`quantity`) VALUES (139,47,3,57);
INSERT INTO `donation_request_items` (`request_item_id`,`request_id`,`item_id`,`quantity`) VALUES (140,47,4,18);
INSERT INTO `donation_request_items` (`request_item_id`,`request_id`,`item_id`,`quantity`) VALUES (141,47,19,45);
INSERT INTO `donation_request_items` (`request_item_id`,`request_id`,`item_id`,`quantity`) VALUES (142,48,3,80);
INSERT INTO `donation_request_items` (`request_item_id`,`request_id`,`item_id`,`quantity`) VALUES (143,48,5,38);
INSERT INTO `donation_request_items` (`request_item_id`,`request_id`,`item_id`,`quantity`) VALUES (144,48,10,40);
INSERT INTO `donation_request_items` (`request_item_id`,`request_id`,`item_id`,`quantity`) VALUES (145,48,16,9);
INSERT INTO `donation_request_items` (`request_item_id`,`request_id`,`item_id`,`quantity`) VALUES (146,49,13,36);
INSERT INTO `donation_request_items` (`request_item_id`,`request_id`,`item_id`,`quantity`) VALUES (147,49,20,33);
INSERT INTO `donation_request_items` (`request_item_id`,`request_id`,`item_id`,`quantity`) VALUES (148,50,9,88);
INSERT INTO `donation_request_items` (`request_item_id`,`request_id`,`item_id`,`quantity`) VALUES (149,50,21,93);
INSERT INTO `donation_request_items` (`request_item_id`,`request_id`,`item_id`,`quantity`) VALUES (150,51,4,51);
INSERT INTO `donation_request_items` (`request_item_id`,`request_id`,`item_id`,`quantity`) VALUES (151,51,12,58);
INSERT INTO `donation_request_items` (`request_item_id`,`request_id`,`item_id`,`quantity`) VALUES (152,51,21,64);
INSERT INTO `donation_request_items` (`request_item_id`,`request_id`,`item_id`,`quantity`) VALUES (153,52,12,28);
INSERT INTO `donation_request_items` (`request_item_id`,`request_id`,`item_id`,`quantity`) VALUES (154,52,13,61);
INSERT INTO `donation_request_items` (`request_item_id`,`request_id`,`item_id`,`quantity`) VALUES (155,52,19,90);
INSERT INTO `donation_request_items` (`request_item_id`,`request_id`,`item_id`,`quantity`) VALUES (156,53,1,89);
INSERT INTO `donation_request_items` (`request_item_id`,`request_id`,`item_id`,`quantity`) VALUES (157,53,6,97);
INSERT INTO `donation_request_items` (`request_item_id`,`request_id`,`item_id`,`quantity`) VALUES (158,53,7,67);
INSERT INTO `donation_request_items` (`request_item_id`,`request_id`,`item_id`,`quantity`) VALUES (159,54,5,45);
INSERT INTO `donation_request_items` (`request_item_id`,`request_id`,`item_id`,`quantity`) VALUES (160,54,6,51);
INSERT INTO `donation_request_items` (`request_item_id`,`request_id`,`item_id`,`quantity`) VALUES (161,54,11,41);
INSERT INTO `donation_request_items` (`request_item_id`,`request_id`,`item_id`,`quantity`) VALUES (162,54,16,54);
INSERT INTO `donation_request_items` (`request_item_id`,`request_id`,`item_id`,`quantity`) VALUES (163,55,10,46);
INSERT INTO `donation_request_items` (`request_item_id`,`request_id`,`item_id`,`quantity`) VALUES (164,55,11,86);
INSERT INTO `donation_request_items` (`request_item_id`,`request_id`,`item_id`,`quantity`) VALUES (165,56,2,40);
INSERT INTO `donation_request_items` (`request_item_id`,`request_id`,`item_id`,`quantity`) VALUES (166,56,3,23);
INSERT INTO `donation_request_items` (`request_item_id`,`request_id`,`item_id`,`quantity`) VALUES (167,56,6,24);
INSERT INTO `donation_request_items` (`request_item_id`,`request_id`,`item_id`,`quantity`) VALUES (168,56,12,29);
INSERT INTO `donation_request_items` (`request_item_id`,`request_id`,`item_id`,`quantity`) VALUES (169,57,10,49);
INSERT INTO `donation_request_items` (`request_item_id`,`request_id`,`item_id`,`quantity`) VALUES (170,57,16,94);
INSERT INTO `donation_request_items` (`request_item_id`,`request_id`,`item_id`,`quantity`) VALUES (171,57,19,49);
INSERT INTO `donation_request_items` (`request_item_id`,`request_id`,`item_id`,`quantity`) VALUES (172,57,20,93);

-- Donation Request Requirements (~50)
INSERT INTO `donation_request_requirements` (`requirement_id`,`location_id`,`gn_user_id`,`relief_center_name`,`location_label`,`contact_number`,`situation_description`,`special_notes`,`days_count`,`packs_toddlers`,`packs_children`,`packs_adults`,`packs_elderly`,`packs_pregnant_women`,`status`,`fulfillment_status`,`reserved_by_ngo_user_id`,`reserved_at`,`fulfilled_by_gn_user_id`,`fulfilled_at`) VALUES (1,10,48,'Flood Shelter','Akurana - Annex','0782963146','Families with children need support',NULL,9,7,11,21,1,2,'Gathered','Fulfilled',139,'2025-11-12 13:51:04',48,'2025-08-08 08:35:29');
INSERT INTO `donation_request_requirements` (`requirement_id`,`location_id`,`gn_user_id`,`relief_center_name`,`location_label`,`contact_number`,`situation_description`,`special_notes`,`days_count`,`packs_toddlers`,`packs_children`,`packs_adults`,`packs_elderly`,`packs_pregnant_women`,`status`,`fulfillment_status`,`reserved_by_ngo_user_id`,`reserved_at`,`fulfilled_by_gn_user_id`,`fulfilled_at`) VALUES (2,8,46,'Emergency Camp','Thumpane - Section B','0723440909','Families with children need support',NULL,3,8,1,39,15,4,'Fulfilled','Fulfilled',149,'2026-02-21 21:01:51',46,'2025-12-07 05:52:31');
INSERT INTO `donation_request_requirements` (`requirement_id`,`location_id`,`gn_user_id`,`relief_center_name`,`location_label`,`contact_number`,`situation_description`,`special_notes`,`days_count`,`packs_toddlers`,`packs_children`,`packs_adults`,`packs_elderly`,`packs_pregnant_women`,`status`,`fulfillment_status`,`reserved_by_ngo_user_id`,`reserved_at`,`fulfilled_by_gn_user_id`,`fulfilled_at`) VALUES (3,20,99,'Emergency Camp','Balapitiya - Annex','0729497276','Elderly people need medical attention',NULL,11,4,5,29,3,0,'Gathered','Reserved',134,'2025-07-01 18:28:50',NULL,NULL);
INSERT INTO `donation_request_requirements` (`requirement_id`,`location_id`,`gn_user_id`,`relief_center_name`,`location_label`,`contact_number`,`situation_description`,`special_notes`,`days_count`,`packs_toddlers`,`packs_children`,`packs_adults`,`packs_elderly`,`packs_pregnant_women`,`status`,`fulfillment_status`,`reserved_by_ngo_user_id`,`reserved_at`,`fulfilled_by_gn_user_id`,`fulfilled_at`) VALUES (4,20,99,'Relief Station','Balapitiya - Section B','0765860584','Shelter materials required',NULL,4,3,6,10,4,0,'Fulfilled','Open',NULL,NULL,NULL,NULL);
INSERT INTO `donation_request_requirements` (`requirement_id`,`location_id`,`gn_user_id`,`relief_center_name`,`location_label`,`contact_number`,`situation_description`,`special_notes`,`days_count`,`packs_toddlers`,`packs_children`,`packs_adults`,`packs_elderly`,`packs_pregnant_women`,`status`,`fulfillment_status`,`reserved_by_ngo_user_id`,`reserved_at`,`fulfilled_by_gn_user_id`,`fulfilled_at`) VALUES (5,7,31,'Flood Shelter','Glencourse - Annex','0711410217','Shelter materials required',NULL,11,4,2,11,1,2,'Gathered','Reserved',134,'2025-12-01 16:28:10',NULL,NULL);
INSERT INTO `donation_request_requirements` (`requirement_id`,`location_id`,`gn_user_id`,`relief_center_name`,`location_label`,`contact_number`,`situation_description`,`special_notes`,`days_count`,`packs_toddlers`,`packs_children`,`packs_adults`,`packs_elderly`,`packs_pregnant_women`,`status`,`fulfillment_status`,`reserved_by_ngo_user_id`,`reserved_at`,`fulfilled_by_gn_user_id`,`fulfilled_at`) VALUES (6,1,2,'Emergency Camp','Colombo - Annex','0780810760','Families with children need support',NULL,1,9,10,18,10,4,'Gathered','Fulfilled',136,'2025-10-26 20:47:17',2,'2025-08-01 16:57:05');
INSERT INTO `donation_request_requirements` (`requirement_id`,`location_id`,`gn_user_id`,`relief_center_name`,`location_label`,`contact_number`,`situation_description`,`special_notes`,`days_count`,`packs_toddlers`,`packs_children`,`packs_adults`,`packs_elderly`,`packs_pregnant_women`,`status`,`fulfillment_status`,`reserved_by_ngo_user_id`,`reserved_at`,`fulfilled_by_gn_user_id`,`fulfilled_at`) VALUES (7,7,31,'Relief Station','Glencourse - Annex','0776192750','Urgent food and medicine needed',NULL,13,9,9,16,10,5,'Gathered','Reserved',148,'2025-09-26 18:14:45',NULL,NULL);
INSERT INTO `donation_request_requirements` (`requirement_id`,`location_id`,`gn_user_id`,`relief_center_name`,`location_label`,`contact_number`,`situation_description`,`special_notes`,`days_count`,`packs_toddlers`,`packs_children`,`packs_adults`,`packs_elderly`,`packs_pregnant_women`,`status`,`fulfillment_status`,`reserved_by_ngo_user_id`,`reserved_at`,`fulfilled_by_gn_user_id`,`fulfilled_at`) VALUES (8,8,46,'Aid Center','Thumpane - Main Hall','0718092294','Elderly people need medical attention',NULL,8,6,4,5,10,2,'Gathered','Open',NULL,NULL,NULL,NULL);
INSERT INTO `donation_request_requirements` (`requirement_id`,`location_id`,`gn_user_id`,`relief_center_name`,`location_label`,`contact_number`,`situation_description`,`special_notes`,`days_count`,`packs_toddlers`,`packs_children`,`packs_adults`,`packs_elderly`,`packs_pregnant_women`,`status`,`fulfillment_status`,`reserved_by_ngo_user_id`,`reserved_at`,`fulfilled_by_gn_user_id`,`fulfilled_at`) VALUES (9,13,76,'Flood Shelter','Rathnapura - Section A','0790063827','Urgent food and medicine needed',NULL,2,4,15,23,4,2,'Gathered','Reserved',143,'2025-10-22 03:33:23',NULL,NULL);
INSERT INTO `donation_request_requirements` (`requirement_id`,`location_id`,`gn_user_id`,`relief_center_name`,`location_label`,`contact_number`,`situation_description`,`special_notes`,`days_count`,`packs_toddlers`,`packs_children`,`packs_adults`,`packs_elderly`,`packs_pregnant_women`,`status`,`fulfillment_status`,`reserved_by_ngo_user_id`,`reserved_at`,`fulfilled_by_gn_user_id`,`fulfilled_at`) VALUES (10,10,48,'Aid Center','Akurana - Section A','0736378918','Elderly people need medical attention',NULL,5,0,9,44,2,3,'Gathered','Reserved',148,'2025-11-29 22:24:16',NULL,NULL);
INSERT INTO `donation_request_requirements` (`requirement_id`,`location_id`,`gn_user_id`,`relief_center_name`,`location_label`,`contact_number`,`situation_description`,`special_notes`,`days_count`,`packs_toddlers`,`packs_children`,`packs_adults`,`packs_elderly`,`packs_pregnant_women`,`status`,`fulfillment_status`,`reserved_by_ngo_user_id`,`reserved_at`,`fulfilled_by_gn_user_id`,`fulfilled_at`) VALUES (11,12,70,'Flood Shelter','Holombuwa - Annex','0722766475','Urgent food and medicine needed',NULL,11,0,4,44,10,2,'Gathered','Fulfilled',152,'2025-07-06 23:36:56',70,'2025-12-10 11:02:50');
INSERT INTO `donation_request_requirements` (`requirement_id`,`location_id`,`gn_user_id`,`relief_center_name`,`location_label`,`contact_number`,`situation_description`,`special_notes`,`days_count`,`packs_toddlers`,`packs_children`,`packs_adults`,`packs_elderly`,`packs_pregnant_women`,`status`,`fulfillment_status`,`reserved_by_ngo_user_id`,`reserved_at`,`fulfilled_by_gn_user_id`,`fulfilled_at`) VALUES (12,22,118,'Relief Station','Kotapola - Section A','0717023504','Shelter materials required',NULL,2,7,14,17,11,3,'Fulfilled','Open',NULL,NULL,NULL,NULL);
INSERT INTO `donation_request_requirements` (`requirement_id`,`location_id`,`gn_user_id`,`relief_center_name`,`location_label`,`contact_number`,`situation_description`,`special_notes`,`days_count`,`packs_toddlers`,`packs_children`,`packs_adults`,`packs_elderly`,`packs_pregnant_women`,`status`,`fulfillment_status`,`reserved_by_ngo_user_id`,`reserved_at`,`fulfilled_by_gn_user_id`,`fulfilled_at`) VALUES (13,2,3,'Flood Shelter','Kolonnawa - Main Hall','0710199153','Elderly people need medical attention',NULL,6,8,4,37,8,2,'Fulfilled','Fulfilled',148,'2026-03-07 00:58:22',3,'2025-08-08 04:14:13');
INSERT INTO `donation_request_requirements` (`requirement_id`,`location_id`,`gn_user_id`,`relief_center_name`,`location_label`,`contact_number`,`situation_description`,`special_notes`,`days_count`,`packs_toddlers`,`packs_children`,`packs_adults`,`packs_elderly`,`packs_pregnant_women`,`status`,`fulfillment_status`,`reserved_by_ngo_user_id`,`reserved_at`,`fulfilled_by_gn_user_id`,`fulfilled_at`) VALUES (14,11,69,'Aid Center','Deraniyagala - Section A','0786070359','Families with children need support',NULL,9,0,5,37,10,2,'Gathered','Reserved',143,'2025-09-21 15:52:23',NULL,NULL);
INSERT INTO `donation_request_requirements` (`requirement_id`,`location_id`,`gn_user_id`,`relief_center_name`,`location_label`,`contact_number`,`situation_description`,`special_notes`,`days_count`,`packs_toddlers`,`packs_children`,`packs_adults`,`packs_elderly`,`packs_pregnant_women`,`status`,`fulfillment_status`,`reserved_by_ngo_user_id`,`reserved_at`,`fulfilled_by_gn_user_id`,`fulfilled_at`) VALUES (15,15,86,'Relief Station','Manampitiya - Annex','0798371320','Shelter materials required',NULL,5,10,0,23,3,1,'Fulfilled','Fulfilled',146,'2025-09-27 23:26:01',86,'2025-10-10 10:37:57');
INSERT INTO `donation_request_requirements` (`requirement_id`,`location_id`,`gn_user_id`,`relief_center_name`,`location_label`,`contact_number`,`situation_description`,`special_notes`,`days_count`,`packs_toddlers`,`packs_children`,`packs_adults`,`packs_elderly`,`packs_pregnant_women`,`status`,`fulfillment_status`,`reserved_by_ngo_user_id`,`reserved_at`,`fulfilled_by_gn_user_id`,`fulfilled_at`) VALUES (16,10,48,'Emergency Camp','Akurana - Section B','0772054001','Shelter materials required',NULL,14,5,8,44,11,2,'Fulfilled','Open',NULL,NULL,NULL,NULL);
INSERT INTO `donation_request_requirements` (`requirement_id`,`location_id`,`gn_user_id`,`relief_center_name`,`location_label`,`contact_number`,`situation_description`,`special_notes`,`days_count`,`packs_toddlers`,`packs_children`,`packs_adults`,`packs_elderly`,`packs_pregnant_women`,`status`,`fulfillment_status`,`reserved_by_ngo_user_id`,`reserved_at`,`fulfilled_by_gn_user_id`,`fulfilled_at`) VALUES (17,7,31,'Relief Station','Glencourse - Section B','0799935389','Shelter materials required',NULL,9,2,11,43,4,0,'Fulfilled','Reserved',135,'2026-02-08 15:31:34',NULL,NULL);
INSERT INTO `donation_request_requirements` (`requirement_id`,`location_id`,`gn_user_id`,`relief_center_name`,`location_label`,`contact_number`,`situation_description`,`special_notes`,`days_count`,`packs_toddlers`,`packs_children`,`packs_adults`,`packs_elderly`,`packs_pregnant_women`,`status`,`fulfillment_status`,`reserved_by_ngo_user_id`,`reserved_at`,`fulfilled_by_gn_user_id`,`fulfilled_at`) VALUES (18,8,46,'Relief Station','Thumpane - Section B','0777532148','Families with children need support',NULL,3,6,19,15,11,3,'Fulfilled','Reserved',150,'2026-02-11 20:20:18',NULL,NULL);
INSERT INTO `donation_request_requirements` (`requirement_id`,`location_id`,`gn_user_id`,`relief_center_name`,`location_label`,`contact_number`,`situation_description`,`special_notes`,`days_count`,`packs_toddlers`,`packs_children`,`packs_adults`,`packs_elderly`,`packs_pregnant_women`,`status`,`fulfillment_status`,`reserved_by_ngo_user_id`,`reserved_at`,`fulfilled_by_gn_user_id`,`fulfilled_at`) VALUES (19,17,92,'Aid Center','Thaldena - Annex','0732561714','Families with children need support',NULL,3,9,19,25,7,5,'Fulfilled','Reserved',152,'2026-02-17 11:17:09',NULL,NULL);
INSERT INTO `donation_request_requirements` (`requirement_id`,`location_id`,`gn_user_id`,`relief_center_name`,`location_label`,`contact_number`,`situation_description`,`special_notes`,`days_count`,`packs_toddlers`,`packs_children`,`packs_adults`,`packs_elderly`,`packs_pregnant_women`,`status`,`fulfillment_status`,`reserved_by_ngo_user_id`,`reserved_at`,`fulfilled_by_gn_user_id`,`fulfilled_at`) VALUES (20,22,118,'Relief Station','Kotapola - Section A','0770493462','Urgent food and medicine needed',NULL,5,10,7,35,1,3,'Fulfilled','Fulfilled',137,'2025-08-14 08:34:22',118,'2025-09-22 19:24:15');
INSERT INTO `donation_request_requirements` (`requirement_id`,`location_id`,`gn_user_id`,`relief_center_name`,`location_label`,`contact_number`,`situation_description`,`special_notes`,`days_count`,`packs_toddlers`,`packs_children`,`packs_adults`,`packs_elderly`,`packs_pregnant_women`,`status`,`fulfillment_status`,`reserved_by_ngo_user_id`,`reserved_at`,`fulfilled_by_gn_user_id`,`fulfilled_at`) VALUES (21,4,17,'Emergency Camp','Negombo - Main Hall','0721201835','Shelter materials required',NULL,13,5,3,22,8,3,'Fulfilled','Fulfilled',135,'2026-02-26 00:28:20',17,'2025-11-26 04:25:06');
INSERT INTO `donation_request_requirements` (`requirement_id`,`location_id`,`gn_user_id`,`relief_center_name`,`location_label`,`contact_number`,`situation_description`,`special_notes`,`days_count`,`packs_toddlers`,`packs_children`,`packs_adults`,`packs_elderly`,`packs_pregnant_women`,`status`,`fulfillment_status`,`reserved_by_ngo_user_id`,`reserved_at`,`fulfilled_by_gn_user_id`,`fulfilled_at`) VALUES (22,3,4,'Emergency Camp','Nagalagam Street - Section A','0747976470','Shelter materials required',NULL,10,9,13,16,1,5,'Gathered','Fulfilled',135,'2026-01-10 19:59:29',4,'2026-01-01 02:14:21');
INSERT INTO `donation_request_requirements` (`requirement_id`,`location_id`,`gn_user_id`,`relief_center_name`,`location_label`,`contact_number`,`situation_description`,`special_notes`,`days_count`,`packs_toddlers`,`packs_children`,`packs_adults`,`packs_elderly`,`packs_pregnant_women`,`status`,`fulfillment_status`,`reserved_by_ngo_user_id`,`reserved_at`,`fulfilled_by_gn_user_id`,`fulfilled_at`) VALUES (23,7,31,'Relief Station','Glencourse - Annex','0727035343','Urgent food and medicine needed',NULL,10,9,4,7,0,4,'Fulfilled','Reserved',133,'2025-09-09 16:25:18',NULL,NULL);
INSERT INTO `donation_request_requirements` (`requirement_id`,`location_id`,`gn_user_id`,`relief_center_name`,`location_label`,`contact_number`,`situation_description`,`special_notes`,`days_count`,`packs_toddlers`,`packs_children`,`packs_adults`,`packs_elderly`,`packs_pregnant_women`,`status`,`fulfillment_status`,`reserved_by_ngo_user_id`,`reserved_at`,`fulfilled_by_gn_user_id`,`fulfilled_at`) VALUES (24,9,47,'Emergency Camp','Pujapitiya - Main Hall','0726942995','Shelter materials required',NULL,9,9,9,23,7,5,'Gathered','Open',NULL,NULL,NULL,NULL);
INSERT INTO `donation_request_requirements` (`requirement_id`,`location_id`,`gn_user_id`,`relief_center_name`,`location_label`,`contact_number`,`situation_description`,`special_notes`,`days_count`,`packs_toddlers`,`packs_children`,`packs_adults`,`packs_elderly`,`packs_pregnant_women`,`status`,`fulfillment_status`,`reserved_by_ngo_user_id`,`reserved_at`,`fulfilled_by_gn_user_id`,`fulfilled_at`) VALUES (25,6,30,'Aid Center','Avissawella - Section B','0745495462','Families with children need support',NULL,1,10,15,38,15,2,'Fulfilled','Open',NULL,NULL,NULL,NULL);
INSERT INTO `donation_request_requirements` (`requirement_id`,`location_id`,`gn_user_id`,`relief_center_name`,`location_label`,`contact_number`,`situation_description`,`special_notes`,`days_count`,`packs_toddlers`,`packs_children`,`packs_adults`,`packs_elderly`,`packs_pregnant_women`,`status`,`fulfillment_status`,`reserved_by_ngo_user_id`,`reserved_at`,`fulfilled_by_gn_user_id`,`fulfilled_at`) VALUES (26,21,117,'Relief Station','Pitabeddara - Section B','0748909082','Shelter materials required',NULL,9,5,15,47,9,1,'Fulfilled','Open',NULL,NULL,NULL,NULL);
INSERT INTO `donation_request_requirements` (`requirement_id`,`location_id`,`gn_user_id`,`relief_center_name`,`location_label`,`contact_number`,`situation_description`,`special_notes`,`days_count`,`packs_toddlers`,`packs_children`,`packs_adults`,`packs_elderly`,`packs_pregnant_women`,`status`,`fulfillment_status`,`reserved_by_ngo_user_id`,`reserved_at`,`fulfilled_by_gn_user_id`,`fulfilled_at`) VALUES (27,9,47,'Flood Shelter','Pujapitiya - Main Hall','0744992394','Urgent food and medicine needed',NULL,10,7,12,36,14,0,'Gathered','Fulfilled',147,'2026-04-07 22:58:12',47,'2026-01-30 14:46:54');
INSERT INTO `donation_request_requirements` (`requirement_id`,`location_id`,`gn_user_id`,`relief_center_name`,`location_label`,`contact_number`,`situation_description`,`special_notes`,`days_count`,`packs_toddlers`,`packs_children`,`packs_adults`,`packs_elderly`,`packs_pregnant_women`,`status`,`fulfillment_status`,`reserved_by_ngo_user_id`,`reserved_at`,`fulfilled_by_gn_user_id`,`fulfilled_at`) VALUES (28,17,92,'Relief Station','Thaldena - Section B','0745100148','Urgent food and medicine needed',NULL,3,8,7,5,10,3,'Fulfilled','Open',NULL,NULL,NULL,NULL);
INSERT INTO `donation_request_requirements` (`requirement_id`,`location_id`,`gn_user_id`,`relief_center_name`,`location_label`,`contact_number`,`situation_description`,`special_notes`,`days_count`,`packs_toddlers`,`packs_children`,`packs_adults`,`packs_elderly`,`packs_pregnant_women`,`status`,`fulfillment_status`,`reserved_by_ngo_user_id`,`reserved_at`,`fulfilled_by_gn_user_id`,`fulfilled_at`) VALUES (29,11,69,'Flood Shelter','Deraniyagala - Section A','0780949243','Shelter materials required',NULL,5,8,5,50,11,5,'Gathered','Reserved',135,'2026-03-11 00:09:33',NULL,NULL);
INSERT INTO `donation_request_requirements` (`requirement_id`,`location_id`,`gn_user_id`,`relief_center_name`,`location_label`,`contact_number`,`situation_description`,`special_notes`,`days_count`,`packs_toddlers`,`packs_children`,`packs_adults`,`packs_elderly`,`packs_pregnant_women`,`status`,`fulfillment_status`,`reserved_by_ngo_user_id`,`reserved_at`,`fulfilled_by_gn_user_id`,`fulfilled_at`) VALUES (30,19,98,'Flood Shelter','Bentota - Annex','0756705751','Families with children need support',NULL,2,5,9,46,5,2,'Gathered','Open',NULL,NULL,NULL,NULL);
INSERT INTO `donation_request_requirements` (`requirement_id`,`location_id`,`gn_user_id`,`relief_center_name`,`location_label`,`contact_number`,`situation_description`,`special_notes`,`days_count`,`packs_toddlers`,`packs_children`,`packs_adults`,`packs_elderly`,`packs_pregnant_women`,`status`,`fulfillment_status`,`reserved_by_ngo_user_id`,`reserved_at`,`fulfilled_by_gn_user_id`,`fulfilled_at`) VALUES (31,20,99,'Flood Shelter','Balapitiya - Annex','0784834536','Families with children need support',NULL,9,6,5,8,2,4,'Gathered','Open',NULL,NULL,NULL,NULL);
INSERT INTO `donation_request_requirements` (`requirement_id`,`location_id`,`gn_user_id`,`relief_center_name`,`location_label`,`contact_number`,`situation_description`,`special_notes`,`days_count`,`packs_toddlers`,`packs_children`,`packs_adults`,`packs_elderly`,`packs_pregnant_women`,`status`,`fulfillment_status`,`reserved_by_ngo_user_id`,`reserved_at`,`fulfilled_by_gn_user_id`,`fulfilled_at`) VALUES (32,15,86,'Relief Station','Manampitiya - Annex','0730671773','Urgent food and medicine needed',NULL,6,8,17,22,6,4,'Gathered','Reserved',143,'2025-07-20 21:15:37',NULL,NULL);
INSERT INTO `donation_request_requirements` (`requirement_id`,`location_id`,`gn_user_id`,`relief_center_name`,`location_label`,`contact_number`,`situation_description`,`special_notes`,`days_count`,`packs_toddlers`,`packs_children`,`packs_adults`,`packs_elderly`,`packs_pregnant_women`,`status`,`fulfillment_status`,`reserved_by_ngo_user_id`,`reserved_at`,`fulfilled_by_gn_user_id`,`fulfilled_at`) VALUES (33,2,3,'Relief Station','Kolonnawa - Main Hall','0730614148','Families with children need support',NULL,9,7,17,10,9,3,'Fulfilled','Reserved',152,'2025-09-23 03:57:11',NULL,NULL);
INSERT INTO `donation_request_requirements` (`requirement_id`,`location_id`,`gn_user_id`,`relief_center_name`,`location_label`,`contact_number`,`situation_description`,`special_notes`,`days_count`,`packs_toddlers`,`packs_children`,`packs_adults`,`packs_elderly`,`packs_pregnant_women`,`status`,`fulfillment_status`,`reserved_by_ngo_user_id`,`reserved_at`,`fulfilled_by_gn_user_id`,`fulfilled_at`) VALUES (34,9,47,'Flood Shelter','Pujapitiya - Section A','0779820835','Urgent food and medicine needed',NULL,4,10,1,23,12,1,'Gathered','Fulfilled',145,'2025-10-07 02:02:21',47,'2026-03-05 22:17:32');
INSERT INTO `donation_request_requirements` (`requirement_id`,`location_id`,`gn_user_id`,`relief_center_name`,`location_label`,`contact_number`,`situation_description`,`special_notes`,`days_count`,`packs_toddlers`,`packs_children`,`packs_adults`,`packs_elderly`,`packs_pregnant_women`,`status`,`fulfillment_status`,`reserved_by_ngo_user_id`,`reserved_at`,`fulfilled_by_gn_user_id`,`fulfilled_at`) VALUES (35,8,46,'Flood Shelter','Thumpane - Annex','0719243399','Families with children need support',NULL,13,6,10,31,6,1,'Fulfilled','Open',NULL,NULL,NULL,NULL);
INSERT INTO `donation_request_requirements` (`requirement_id`,`location_id`,`gn_user_id`,`relief_center_name`,`location_label`,`contact_number`,`situation_description`,`special_notes`,`days_count`,`packs_toddlers`,`packs_children`,`packs_adults`,`packs_elderly`,`packs_pregnant_women`,`status`,`fulfillment_status`,`reserved_by_ngo_user_id`,`reserved_at`,`fulfilled_by_gn_user_id`,`fulfilled_at`) VALUES (36,15,86,'Flood Shelter','Manampitiya - Section B','0743010288','Families with children need support',NULL,10,4,4,19,5,0,'Fulfilled','Fulfilled',152,'2025-11-25 20:03:25',86,'2026-03-03 20:59:19');
INSERT INTO `donation_request_requirements` (`requirement_id`,`location_id`,`gn_user_id`,`relief_center_name`,`location_label`,`contact_number`,`situation_description`,`special_notes`,`days_count`,`packs_toddlers`,`packs_children`,`packs_adults`,`packs_elderly`,`packs_pregnant_women`,`status`,`fulfillment_status`,`reserved_by_ngo_user_id`,`reserved_at`,`fulfilled_by_gn_user_id`,`fulfilled_at`) VALUES (37,21,117,'Aid Center','Pitabeddara - Annex','0736205673','Shelter materials required',NULL,12,0,1,48,0,5,'Fulfilled','Reserved',133,'2026-03-16 14:24:48',NULL,NULL);
INSERT INTO `donation_request_requirements` (`requirement_id`,`location_id`,`gn_user_id`,`relief_center_name`,`location_label`,`contact_number`,`situation_description`,`special_notes`,`days_count`,`packs_toddlers`,`packs_children`,`packs_adults`,`packs_elderly`,`packs_pregnant_women`,`status`,`fulfillment_status`,`reserved_by_ngo_user_id`,`reserved_at`,`fulfilled_by_gn_user_id`,`fulfilled_at`) VALUES (38,9,47,'Flood Shelter','Pujapitiya - Annex','0751743780','Shelter materials required',NULL,4,10,6,50,3,4,'Fulfilled','Reserved',150,'2026-03-28 19:29:36',NULL,NULL);
INSERT INTO `donation_request_requirements` (`requirement_id`,`location_id`,`gn_user_id`,`relief_center_name`,`location_label`,`contact_number`,`situation_description`,`special_notes`,`days_count`,`packs_toddlers`,`packs_children`,`packs_adults`,`packs_elderly`,`packs_pregnant_women`,`status`,`fulfillment_status`,`reserved_by_ngo_user_id`,`reserved_at`,`fulfilled_by_gn_user_id`,`fulfilled_at`) VALUES (39,21,117,'Emergency Camp','Pitabeddara - Section B','0780796875','Elderly people need medical attention',NULL,13,3,7,11,6,5,'Gathered','Reserved',136,'2026-03-22 12:39:04',NULL,NULL);
INSERT INTO `donation_request_requirements` (`requirement_id`,`location_id`,`gn_user_id`,`relief_center_name`,`location_label`,`contact_number`,`situation_description`,`special_notes`,`days_count`,`packs_toddlers`,`packs_children`,`packs_adults`,`packs_elderly`,`packs_pregnant_women`,`status`,`fulfillment_status`,`reserved_by_ngo_user_id`,`reserved_at`,`fulfilled_by_gn_user_id`,`fulfilled_at`) VALUES (40,17,92,'Emergency Camp','Thaldena - Section A','0750605832','Families with children need support',NULL,12,0,5,43,13,4,'Gathered','Reserved',141,'2026-04-08 23:19:32',NULL,NULL);
INSERT INTO `donation_request_requirements` (`requirement_id`,`location_id`,`gn_user_id`,`relief_center_name`,`location_label`,`contact_number`,`situation_description`,`special_notes`,`days_count`,`packs_toddlers`,`packs_children`,`packs_adults`,`packs_elderly`,`packs_pregnant_women`,`status`,`fulfillment_status`,`reserved_by_ngo_user_id`,`reserved_at`,`fulfilled_by_gn_user_id`,`fulfilled_at`) VALUES (41,20,99,'Emergency Camp','Balapitiya - Section B','0772688545','Elderly people need medical attention',NULL,2,3,9,28,7,0,'Gathered','Reserved',135,'2026-02-04 12:25:37',NULL,NULL);
INSERT INTO `donation_request_requirements` (`requirement_id`,`location_id`,`gn_user_id`,`relief_center_name`,`location_label`,`contact_number`,`situation_description`,`special_notes`,`days_count`,`packs_toddlers`,`packs_children`,`packs_adults`,`packs_elderly`,`packs_pregnant_women`,`status`,`fulfillment_status`,`reserved_by_ngo_user_id`,`reserved_at`,`fulfilled_by_gn_user_id`,`fulfilled_at`) VALUES (42,9,47,'Emergency Camp','Pujapitiya - Annex','0783609628','Elderly people need medical attention',NULL,3,10,8,26,5,4,'Fulfilled','Fulfilled',144,'2026-01-04 18:42:21',47,'2025-10-11 23:23:37');
INSERT INTO `donation_request_requirements` (`requirement_id`,`location_id`,`gn_user_id`,`relief_center_name`,`location_label`,`contact_number`,`situation_description`,`special_notes`,`days_count`,`packs_toddlers`,`packs_children`,`packs_adults`,`packs_elderly`,`packs_pregnant_women`,`status`,`fulfillment_status`,`reserved_by_ngo_user_id`,`reserved_at`,`fulfilled_by_gn_user_id`,`fulfilled_at`) VALUES (43,3,4,'Aid Center','Nagalagam Street - Annex','0769830567','Urgent food and medicine needed',NULL,1,2,3,44,8,1,'Gathered','Open',NULL,NULL,NULL,NULL);
INSERT INTO `donation_request_requirements` (`requirement_id`,`location_id`,`gn_user_id`,`relief_center_name`,`location_label`,`contact_number`,`situation_description`,`special_notes`,`days_count`,`packs_toddlers`,`packs_children`,`packs_adults`,`packs_elderly`,`packs_pregnant_women`,`status`,`fulfillment_status`,`reserved_by_ngo_user_id`,`reserved_at`,`fulfilled_by_gn_user_id`,`fulfilled_at`) VALUES (44,22,118,'Relief Station','Kotapola - Main Hall','0770355522','Urgent food and medicine needed',NULL,8,4,20,44,15,0,'Fulfilled','Reserved',147,'2025-10-26 17:53:40',NULL,NULL);
INSERT INTO `donation_request_requirements` (`requirement_id`,`location_id`,`gn_user_id`,`relief_center_name`,`location_label`,`contact_number`,`situation_description`,`special_notes`,`days_count`,`packs_toddlers`,`packs_children`,`packs_adults`,`packs_elderly`,`packs_pregnant_women`,`status`,`fulfillment_status`,`reserved_by_ngo_user_id`,`reserved_at`,`fulfilled_by_gn_user_id`,`fulfilled_at`) VALUES (45,21,117,'Flood Shelter','Pitabeddara - Section B','0760549769','Families with children need support',NULL,1,8,13,36,15,3,'Fulfilled','Open',NULL,NULL,NULL,NULL);
INSERT INTO `donation_request_requirements` (`requirement_id`,`location_id`,`gn_user_id`,`relief_center_name`,`location_label`,`contact_number`,`situation_description`,`special_notes`,`days_count`,`packs_toddlers`,`packs_children`,`packs_adults`,`packs_elderly`,`packs_pregnant_women`,`status`,`fulfillment_status`,`reserved_by_ngo_user_id`,`reserved_at`,`fulfilled_by_gn_user_id`,`fulfilled_at`) VALUES (46,1,2,'Aid Center','Colombo - Section B','0784874544','Urgent food and medicine needed',NULL,4,2,0,39,3,4,'Gathered','Reserved',146,'2025-08-30 15:10:04',NULL,NULL);
INSERT INTO `donation_request_requirements` (`requirement_id`,`location_id`,`gn_user_id`,`relief_center_name`,`location_label`,`contact_number`,`situation_description`,`special_notes`,`days_count`,`packs_toddlers`,`packs_children`,`packs_adults`,`packs_elderly`,`packs_pregnant_women`,`status`,`fulfillment_status`,`reserved_by_ngo_user_id`,`reserved_at`,`fulfilled_by_gn_user_id`,`fulfilled_at`) VALUES (47,12,70,'Emergency Camp','Holombuwa - Annex','0749491541','Elderly people need medical attention',NULL,12,3,11,31,1,0,'Gathered','Reserved',142,'2026-02-23 13:50:32',NULL,NULL);
INSERT INTO `donation_request_requirements` (`requirement_id`,`location_id`,`gn_user_id`,`relief_center_name`,`location_label`,`contact_number`,`situation_description`,`special_notes`,`days_count`,`packs_toddlers`,`packs_children`,`packs_adults`,`packs_elderly`,`packs_pregnant_women`,`status`,`fulfillment_status`,`reserved_by_ngo_user_id`,`reserved_at`,`fulfilled_by_gn_user_id`,`fulfilled_at`) VALUES (48,7,31,'Relief Station','Glencourse - Section B','0794934250','Elderly people need medical attention',NULL,2,3,7,44,11,4,'Fulfilled','Fulfilled',149,'2025-10-30 23:44:15',31,'2025-10-10 19:25:16');
INSERT INTO `donation_request_requirements` (`requirement_id`,`location_id`,`gn_user_id`,`relief_center_name`,`location_label`,`contact_number`,`situation_description`,`special_notes`,`days_count`,`packs_toddlers`,`packs_children`,`packs_adults`,`packs_elderly`,`packs_pregnant_women`,`status`,`fulfillment_status`,`reserved_by_ngo_user_id`,`reserved_at`,`fulfilled_by_gn_user_id`,`fulfilled_at`) VALUES (49,14,77,'Relief Station','Ellagawa - Main Hall','0786014184','Families with children need support',NULL,3,5,3,7,10,2,'Fulfilled','Reserved',137,'2026-02-26 10:44:02',NULL,NULL);
INSERT INTO `donation_request_requirements` (`requirement_id`,`location_id`,`gn_user_id`,`relief_center_name`,`location_label`,`contact_number`,`situation_description`,`special_notes`,`days_count`,`packs_toddlers`,`packs_children`,`packs_adults`,`packs_elderly`,`packs_pregnant_women`,`status`,`fulfillment_status`,`reserved_by_ngo_user_id`,`reserved_at`,`fulfilled_by_gn_user_id`,`fulfilled_at`) VALUES (50,18,93,'Aid Center','Welimada - Section A','0720558111','Urgent food and medicine needed',NULL,1,5,4,31,1,2,'Gathered','Open',NULL,NULL,NULL,NULL);

-- Donation Request Requirement Items
INSERT INTO `donation_request_requirement_items` (`requirement_item_id`,`requirement_id`,`item_category`,`item_name`,`quantity`,`unit`,`source`) VALUES (1,1,'Shelter','Tarpaulin Sheet',45,'sheets','pack');
INSERT INTO `donation_request_requirement_items` (`requirement_item_id`,`requirement_id`,`item_category`,`item_name`,`quantity`,`unit`,`source`) VALUES (2,1,'Medicine','Drinking Water (1L)',121,'kg','pack');
INSERT INTO `donation_request_requirement_items` (`requirement_item_id`,`requirement_id`,`item_category`,`item_name`,`quantity`,`unit`,`source`) VALUES (3,1,'Food','Lentils (500g)',48,'liters','pack');
INSERT INTO `donation_request_requirement_items` (`requirement_item_id`,`requirement_id`,`item_category`,`item_name`,`quantity`,`unit`,`source`) VALUES (4,1,'Medicine','Milk Powder',134,'packs','pack');
INSERT INTO `donation_request_requirement_items` (`requirement_item_id`,`requirement_id`,`item_category`,`item_name`,`quantity`,`unit`,`source`) VALUES (5,1,'Food','Cough Syrup',69,'kg','pack');
INSERT INTO `donation_request_requirement_items` (`requirement_item_id`,`requirement_id`,`item_category`,`item_name`,`quantity`,`unit`,`source`) VALUES (6,1,'Shelter','Canned Fish',98,'kg','extra');
INSERT INTO `donation_request_requirement_items` (`requirement_item_id`,`requirement_id`,`item_category`,`item_name`,`quantity`,`unit`,`source`) VALUES (7,2,'Food','Mosquito Net',173,'kg','extra');
INSERT INTO `donation_request_requirement_items` (`requirement_item_id`,`requirement_id`,`item_category`,`item_name`,`quantity`,`unit`,`source`) VALUES (8,2,'Food','Bandages',160,'kg','extra');
INSERT INTO `donation_request_requirement_items` (`requirement_item_id`,`requirement_id`,`item_category`,`item_name`,`quantity`,`unit`,`source`) VALUES (9,2,'Food','Oral Rehydration Salts',53,'packs','extra');
INSERT INTO `donation_request_requirement_items` (`requirement_item_id`,`requirement_id`,`item_category`,`item_name`,`quantity`,`unit`,`source`) VALUES (10,3,'Shelter','Drinking Water (1L)',73,'units','pack');
INSERT INTO `donation_request_requirement_items` (`requirement_item_id`,`requirement_id`,`item_category`,`item_name`,`quantity`,`unit`,`source`) VALUES (11,3,'Medicine','Mosquito Net',163,'liters','pack');
INSERT INTO `donation_request_requirement_items` (`requirement_item_id`,`requirement_id`,`item_category`,`item_name`,`quantity`,`unit`,`source`) VALUES (12,3,'Shelter','Canned Fish',196,'kg','extra');
INSERT INTO `donation_request_requirement_items` (`requirement_item_id`,`requirement_id`,`item_category`,`item_name`,`quantity`,`unit`,`source`) VALUES (13,3,'Shelter','Canned Fish',95,'sheets','pack');
INSERT INTO `donation_request_requirement_items` (`requirement_item_id`,`requirement_id`,`item_category`,`item_name`,`quantity`,`unit`,`source`) VALUES (14,3,'Shelter','Paracetamol Tablets',29,'liters','pack');
INSERT INTO `donation_request_requirement_items` (`requirement_item_id`,`requirement_id`,`item_category`,`item_name`,`quantity`,`unit`,`source`) VALUES (15,4,'Medicine','First Aid Kit',135,'packs','extra');
INSERT INTO `donation_request_requirement_items` (`requirement_item_id`,`requirement_id`,`item_category`,`item_name`,`quantity`,`unit`,`source`) VALUES (16,4,'Food','Bread Loaves',151,'liters','pack');
INSERT INTO `donation_request_requirement_items` (`requirement_item_id`,`requirement_id`,`item_category`,`item_name`,`quantity`,`unit`,`source`) VALUES (17,4,'Food','Bread Loaves',197,'bottles','pack');
INSERT INTO `donation_request_requirement_items` (`requirement_item_id`,`requirement_id`,`item_category`,`item_name`,`quantity`,`unit`,`source`) VALUES (18,4,'Medicine','Canned Fish',68,'kg','pack');
INSERT INTO `donation_request_requirement_items` (`requirement_item_id`,`requirement_id`,`item_category`,`item_name`,`quantity`,`unit`,`source`) VALUES (19,4,'Food','Bread Loaves',70,'liters','extra');
INSERT INTO `donation_request_requirement_items` (`requirement_item_id`,`requirement_id`,`item_category`,`item_name`,`quantity`,`unit`,`source`) VALUES (20,4,'Shelter','Sleeping Bag',39,'kg','extra');
INSERT INTO `donation_request_requirement_items` (`requirement_item_id`,`requirement_id`,`item_category`,`item_name`,`quantity`,`unit`,`source`) VALUES (21,5,'Food','Tent (2-person)',20,'packs','pack');
INSERT INTO `donation_request_requirement_items` (`requirement_item_id`,`requirement_id`,`item_category`,`item_name`,`quantity`,`unit`,`source`) VALUES (22,5,'Medicine','Tent (2-person)',141,'packs','pack');
INSERT INTO `donation_request_requirement_items` (`requirement_item_id`,`requirement_id`,`item_category`,`item_name`,`quantity`,`unit`,`source`) VALUES (23,5,'Medicine','Rice (1kg)',109,'sheets','extra');
INSERT INTO `donation_request_requirement_items` (`requirement_item_id`,`requirement_id`,`item_category`,`item_name`,`quantity`,`unit`,`source`) VALUES (24,6,'Food','Tarpaulin Sheet',52,'packs','extra');
INSERT INTO `donation_request_requirement_items` (`requirement_item_id`,`requirement_id`,`item_category`,`item_name`,`quantity`,`unit`,`source`) VALUES (25,6,'Food','Canned Vegetables',30,'liters','pack');
INSERT INTO `donation_request_requirement_items` (`requirement_item_id`,`requirement_id`,`item_category`,`item_name`,`quantity`,`unit`,`source`) VALUES (26,6,'Food','Antiseptic Solution',88,'liters','extra');
INSERT INTO `donation_request_requirement_items` (`requirement_item_id`,`requirement_id`,`item_category`,`item_name`,`quantity`,`unit`,`source`) VALUES (27,7,'Food','Mosquito Net',134,'liters','pack');
INSERT INTO `donation_request_requirement_items` (`requirement_item_id`,`requirement_id`,`item_category`,`item_name`,`quantity`,`unit`,`source`) VALUES (28,7,'Food','Blanket',162,'bottles','extra');
INSERT INTO `donation_request_requirement_items` (`requirement_item_id`,`requirement_id`,`item_category`,`item_name`,`quantity`,`unit`,`source`) VALUES (29,7,'Shelter','Canned Fish',84,'bottles','pack');
INSERT INTO `donation_request_requirement_items` (`requirement_item_id`,`requirement_id`,`item_category`,`item_name`,`quantity`,`unit`,`source`) VALUES (30,7,'Medicine','First Aid Kit',104,'sheets','pack');
INSERT INTO `donation_request_requirement_items` (`requirement_item_id`,`requirement_id`,`item_category`,`item_name`,`quantity`,`unit`,`source`) VALUES (31,7,'Food','Instant Noodles',188,'liters','extra');
INSERT INTO `donation_request_requirement_items` (`requirement_item_id`,`requirement_id`,`item_category`,`item_name`,`quantity`,`unit`,`source`) VALUES (32,7,'Shelter','Blanket',191,'sheets','pack');
INSERT INTO `donation_request_requirement_items` (`requirement_item_id`,`requirement_id`,`item_category`,`item_name`,`quantity`,`unit`,`source`) VALUES (33,8,'Medicine','Canned Fish',161,'liters','pack');
INSERT INTO `donation_request_requirement_items` (`requirement_item_id`,`requirement_id`,`item_category`,`item_name`,`quantity`,`unit`,`source`) VALUES (34,8,'Food','Drinking Water (1L)',88,'packs','extra');
INSERT INTO `donation_request_requirement_items` (`requirement_item_id`,`requirement_id`,`item_category`,`item_name`,`quantity`,`unit`,`source`) VALUES (35,8,'Medicine','Tent (2-person)',189,'packs','extra');
INSERT INTO `donation_request_requirement_items` (`requirement_item_id`,`requirement_id`,`item_category`,`item_name`,`quantity`,`unit`,`source`) VALUES (36,9,'Food','Sleeping Bag',179,'liters','extra');
INSERT INTO `donation_request_requirement_items` (`requirement_item_id`,`requirement_id`,`item_category`,`item_name`,`quantity`,`unit`,`source`) VALUES (37,9,'Medicine','First Aid Kit',133,'packs','pack');
INSERT INTO `donation_request_requirement_items` (`requirement_item_id`,`requirement_id`,`item_category`,`item_name`,`quantity`,`unit`,`source`) VALUES (38,9,'Medicine','Tarpaulin Sheet',120,'sheets','pack');
INSERT INTO `donation_request_requirement_items` (`requirement_item_id`,`requirement_id`,`item_category`,`item_name`,`quantity`,`unit`,`source`) VALUES (39,9,'Shelter','Tent (2-person)',38,'liters','extra');
INSERT INTO `donation_request_requirement_items` (`requirement_item_id`,`requirement_id`,`item_category`,`item_name`,`quantity`,`unit`,`source`) VALUES (40,9,'Food','Bread Loaves',128,'kg','extra');
INSERT INTO `donation_request_requirement_items` (`requirement_item_id`,`requirement_id`,`item_category`,`item_name`,`quantity`,`unit`,`source`) VALUES (41,10,'Medicine','Bandages',25,'packs','pack');
INSERT INTO `donation_request_requirement_items` (`requirement_item_id`,`requirement_id`,`item_category`,`item_name`,`quantity`,`unit`,`source`) VALUES (42,10,'Shelter','Rice (1kg)',113,'bottles','extra');
INSERT INTO `donation_request_requirement_items` (`requirement_item_id`,`requirement_id`,`item_category`,`item_name`,`quantity`,`unit`,`source`) VALUES (43,10,'Medicine','Bandages',74,'kg','extra');
INSERT INTO `donation_request_requirement_items` (`requirement_item_id`,`requirement_id`,`item_category`,`item_name`,`quantity`,`unit`,`source`) VALUES (44,10,'Food','First Aid Kit',179,'sheets','extra');
INSERT INTO `donation_request_requirement_items` (`requirement_item_id`,`requirement_id`,`item_category`,`item_name`,`quantity`,`unit`,`source`) VALUES (45,10,'Medicine','Bandages',117,'bottles','pack');
INSERT INTO `donation_request_requirement_items` (`requirement_item_id`,`requirement_id`,`item_category`,`item_name`,`quantity`,`unit`,`source`) VALUES (46,11,'Food','Rice (1kg)',85,'sheets','extra');
INSERT INTO `donation_request_requirement_items` (`requirement_item_id`,`requirement_id`,`item_category`,`item_name`,`quantity`,`unit`,`source`) VALUES (47,11,'Food','First Aid Kit',191,'kg','extra');
INSERT INTO `donation_request_requirement_items` (`requirement_item_id`,`requirement_id`,`item_category`,`item_name`,`quantity`,`unit`,`source`) VALUES (48,11,'Medicine','Canned Fish',162,'liters','pack');
INSERT INTO `donation_request_requirement_items` (`requirement_item_id`,`requirement_id`,`item_category`,`item_name`,`quantity`,`unit`,`source`) VALUES (49,12,'Food','Drinking Water (1L)',160,'packs','extra');
INSERT INTO `donation_request_requirement_items` (`requirement_item_id`,`requirement_id`,`item_category`,`item_name`,`quantity`,`unit`,`source`) VALUES (50,12,'Food','Milk Powder',164,'units','extra');
INSERT INTO `donation_request_requirement_items` (`requirement_item_id`,`requirement_id`,`item_category`,`item_name`,`quantity`,`unit`,`source`) VALUES (51,12,'Medicine','Ground Mat',121,'sheets','pack');
INSERT INTO `donation_request_requirement_items` (`requirement_item_id`,`requirement_id`,`item_category`,`item_name`,`quantity`,`unit`,`source`) VALUES (52,13,'Medicine','First Aid Kit',125,'packs','extra');
INSERT INTO `donation_request_requirement_items` (`requirement_item_id`,`requirement_id`,`item_category`,`item_name`,`quantity`,`unit`,`source`) VALUES (53,13,'Medicine','Tent (2-person)',93,'packs','extra');
INSERT INTO `donation_request_requirement_items` (`requirement_item_id`,`requirement_id`,`item_category`,`item_name`,`quantity`,`unit`,`source`) VALUES (54,13,'Shelter','Cough Syrup',17,'packs','pack');
INSERT INTO `donation_request_requirement_items` (`requirement_item_id`,`requirement_id`,`item_category`,`item_name`,`quantity`,`unit`,`source`) VALUES (55,13,'Shelter','Canned Fish',116,'liters','extra');
INSERT INTO `donation_request_requirement_items` (`requirement_item_id`,`requirement_id`,`item_category`,`item_name`,`quantity`,`unit`,`source`) VALUES (56,13,'Shelter','Bandages',129,'packs','extra');
INSERT INTO `donation_request_requirement_items` (`requirement_item_id`,`requirement_id`,`item_category`,`item_name`,`quantity`,`unit`,`source`) VALUES (57,13,'Shelter','Sleeping Bag',120,'kg','extra');
INSERT INTO `donation_request_requirement_items` (`requirement_item_id`,`requirement_id`,`item_category`,`item_name`,`quantity`,`unit`,`source`) VALUES (58,14,'Medicine','Cough Syrup',99,'liters','pack');
INSERT INTO `donation_request_requirement_items` (`requirement_item_id`,`requirement_id`,`item_category`,`item_name`,`quantity`,`unit`,`source`) VALUES (59,14,'Medicine','Biscuit Packs',80,'sheets','pack');
INSERT INTO `donation_request_requirement_items` (`requirement_item_id`,`requirement_id`,`item_category`,`item_name`,`quantity`,`unit`,`source`) VALUES (60,14,'Medicine','Biscuit Packs',49,'bottles','pack');
INSERT INTO `donation_request_requirement_items` (`requirement_item_id`,`requirement_id`,`item_category`,`item_name`,`quantity`,`unit`,`source`) VALUES (61,14,'Food','Sleeping Bag',69,'bottles','pack');
INSERT INTO `donation_request_requirement_items` (`requirement_item_id`,`requirement_id`,`item_category`,`item_name`,`quantity`,`unit`,`source`) VALUES (62,14,'Food','Antiseptic Solution',135,'packs','pack');
INSERT INTO `donation_request_requirement_items` (`requirement_item_id`,`requirement_id`,`item_category`,`item_name`,`quantity`,`unit`,`source`) VALUES (63,14,'Shelter','Oral Rehydration Salts',196,'sheets','extra');
INSERT INTO `donation_request_requirement_items` (`requirement_item_id`,`requirement_id`,`item_category`,`item_name`,`quantity`,`unit`,`source`) VALUES (64,15,'Shelter','Biscuit Packs',22,'liters','pack');
INSERT INTO `donation_request_requirement_items` (`requirement_item_id`,`requirement_id`,`item_category`,`item_name`,`quantity`,`unit`,`source`) VALUES (65,15,'Food','Mosquito Net',8,'liters','pack');
INSERT INTO `donation_request_requirement_items` (`requirement_item_id`,`requirement_id`,`item_category`,`item_name`,`quantity`,`unit`,`source`) VALUES (66,15,'Shelter','Sleeping Bag',200,'packs','extra');
INSERT INTO `donation_request_requirement_items` (`requirement_item_id`,`requirement_id`,`item_category`,`item_name`,`quantity`,`unit`,`source`) VALUES (67,15,'Shelter','Instant Noodles',127,'units','pack');
INSERT INTO `donation_request_requirement_items` (`requirement_item_id`,`requirement_id`,`item_category`,`item_name`,`quantity`,`unit`,`source`) VALUES (68,15,'Medicine','Rice (1kg)',93,'bottles','extra');
INSERT INTO `donation_request_requirement_items` (`requirement_item_id`,`requirement_id`,`item_category`,`item_name`,`quantity`,`unit`,`source`) VALUES (69,16,'Food','Tarpaulin Sheet',55,'sheets','pack');
INSERT INTO `donation_request_requirement_items` (`requirement_item_id`,`requirement_id`,`item_category`,`item_name`,`quantity`,`unit`,`source`) VALUES (70,16,'Medicine','Bread Loaves',83,'kg','extra');
INSERT INTO `donation_request_requirement_items` (`requirement_item_id`,`requirement_id`,`item_category`,`item_name`,`quantity`,`unit`,`source`) VALUES (71,16,'Shelter','Antiseptic Solution',28,'bottles','extra');
INSERT INTO `donation_request_requirement_items` (`requirement_item_id`,`requirement_id`,`item_category`,`item_name`,`quantity`,`unit`,`source`) VALUES (72,16,'Medicine','Sugar (1kg)',113,'kg','extra');
INSERT INTO `donation_request_requirement_items` (`requirement_item_id`,`requirement_id`,`item_category`,`item_name`,`quantity`,`unit`,`source`) VALUES (73,17,'Medicine','Milk Powder',171,'units','pack');
INSERT INTO `donation_request_requirement_items` (`requirement_item_id`,`requirement_id`,`item_category`,`item_name`,`quantity`,`unit`,`source`) VALUES (74,17,'Medicine','Milk Powder',108,'liters','pack');
INSERT INTO `donation_request_requirement_items` (`requirement_item_id`,`requirement_id`,`item_category`,`item_name`,`quantity`,`unit`,`source`) VALUES (75,17,'Shelter','Canned Fish',169,'liters','pack');
INSERT INTO `donation_request_requirement_items` (`requirement_item_id`,`requirement_id`,`item_category`,`item_name`,`quantity`,`unit`,`source`) VALUES (76,18,'Shelter','Antiseptic Solution',114,'kg','extra');
INSERT INTO `donation_request_requirement_items` (`requirement_item_id`,`requirement_id`,`item_category`,`item_name`,`quantity`,`unit`,`source`) VALUES (77,18,'Medicine','Tent (2-person)',178,'sheets','pack');
INSERT INTO `donation_request_requirement_items` (`requirement_item_id`,`requirement_id`,`item_category`,`item_name`,`quantity`,`unit`,`source`) VALUES (78,18,'Shelter','Bread Loaves',135,'sheets','extra');
INSERT INTO `donation_request_requirement_items` (`requirement_item_id`,`requirement_id`,`item_category`,`item_name`,`quantity`,`unit`,`source`) VALUES (79,19,'Food','Drinking Water (1L)',9,'sheets','extra');
INSERT INTO `donation_request_requirement_items` (`requirement_item_id`,`requirement_id`,`item_category`,`item_name`,`quantity`,`unit`,`source`) VALUES (80,19,'Food','Milk Powder',179,'liters','extra');
INSERT INTO `donation_request_requirement_items` (`requirement_item_id`,`requirement_id`,`item_category`,`item_name`,`quantity`,`unit`,`source`) VALUES (81,19,'Shelter','Blanket',57,'liters','extra');
INSERT INTO `donation_request_requirement_items` (`requirement_item_id`,`requirement_id`,`item_category`,`item_name`,`quantity`,`unit`,`source`) VALUES (82,19,'Shelter','Bandages',86,'bottles','extra');
INSERT INTO `donation_request_requirement_items` (`requirement_item_id`,`requirement_id`,`item_category`,`item_name`,`quantity`,`unit`,`source`) VALUES (83,20,'Medicine','Bandages',13,'liters','extra');
INSERT INTO `donation_request_requirement_items` (`requirement_item_id`,`requirement_id`,`item_category`,`item_name`,`quantity`,`unit`,`source`) VALUES (84,20,'Medicine','Rice (1kg)',10,'bottles','extra');
INSERT INTO `donation_request_requirement_items` (`requirement_item_id`,`requirement_id`,`item_category`,`item_name`,`quantity`,`unit`,`source`) VALUES (85,20,'Shelter','Bread Loaves',9,'kg','pack');
INSERT INTO `donation_request_requirement_items` (`requirement_item_id`,`requirement_id`,`item_category`,`item_name`,`quantity`,`unit`,`source`) VALUES (86,20,'Medicine','Oral Rehydration Salts',135,'kg','extra');
INSERT INTO `donation_request_requirement_items` (`requirement_item_id`,`requirement_id`,`item_category`,`item_name`,`quantity`,`unit`,`source`) VALUES (87,20,'Shelter','Oral Rehydration Salts',40,'packs','pack');
INSERT INTO `donation_request_requirement_items` (`requirement_item_id`,`requirement_id`,`item_category`,`item_name`,`quantity`,`unit`,`source`) VALUES (88,20,'Medicine','Bread Loaves',136,'sheets','extra');
INSERT INTO `donation_request_requirement_items` (`requirement_item_id`,`requirement_id`,`item_category`,`item_name`,`quantity`,`unit`,`source`) VALUES (89,21,'Shelter','Drinking Water (1L)',37,'liters','extra');
INSERT INTO `donation_request_requirement_items` (`requirement_item_id`,`requirement_id`,`item_category`,`item_name`,`quantity`,`unit`,`source`) VALUES (90,21,'Shelter','Sleeping Bag',106,'packs','pack');
INSERT INTO `donation_request_requirement_items` (`requirement_item_id`,`requirement_id`,`item_category`,`item_name`,`quantity`,`unit`,`source`) VALUES (91,21,'Shelter','Drinking Water (1L)',180,'bottles','pack');
INSERT INTO `donation_request_requirement_items` (`requirement_item_id`,`requirement_id`,`item_category`,`item_name`,`quantity`,`unit`,`source`) VALUES (92,21,'Shelter','Drinking Water (1L)',7,'units','extra');
INSERT INTO `donation_request_requirement_items` (`requirement_item_id`,`requirement_id`,`item_category`,`item_name`,`quantity`,`unit`,`source`) VALUES (93,21,'Food','Rice (1kg)',70,'sheets','extra');
INSERT INTO `donation_request_requirement_items` (`requirement_item_id`,`requirement_id`,`item_category`,`item_name`,`quantity`,`unit`,`source`) VALUES (94,22,'Shelter','Rice (1kg)',136,'units','extra');
INSERT INTO `donation_request_requirement_items` (`requirement_item_id`,`requirement_id`,`item_category`,`item_name`,`quantity`,`unit`,`source`) VALUES (95,22,'Medicine','Ground Mat',38,'units','pack');
INSERT INTO `donation_request_requirement_items` (`requirement_item_id`,`requirement_id`,`item_category`,`item_name`,`quantity`,`unit`,`source`) VALUES (96,22,'Shelter','Instant Noodles',40,'kg','pack');
INSERT INTO `donation_request_requirement_items` (`requirement_item_id`,`requirement_id`,`item_category`,`item_name`,`quantity`,`unit`,`source`) VALUES (97,22,'Shelter','Oral Rehydration Salts',152,'kg','extra');
INSERT INTO `donation_request_requirement_items` (`requirement_item_id`,`requirement_id`,`item_category`,`item_name`,`quantity`,`unit`,`source`) VALUES (98,23,'Food','Ground Mat',80,'sheets','pack');
INSERT INTO `donation_request_requirement_items` (`requirement_item_id`,`requirement_id`,`item_category`,`item_name`,`quantity`,`unit`,`source`) VALUES (99,23,'Food','Canned Fish',75,'kg','extra');
INSERT INTO `donation_request_requirement_items` (`requirement_item_id`,`requirement_id`,`item_category`,`item_name`,`quantity`,`unit`,`source`) VALUES (100,23,'Shelter','Tarpaulin Sheet',138,'liters','extra');
INSERT INTO `donation_request_requirement_items` (`requirement_item_id`,`requirement_id`,`item_category`,`item_name`,`quantity`,`unit`,`source`) VALUES (101,23,'Medicine','Sugar (1kg)',146,'kg','extra');
INSERT INTO `donation_request_requirement_items` (`requirement_item_id`,`requirement_id`,`item_category`,`item_name`,`quantity`,`unit`,`source`) VALUES (102,23,'Medicine','Bandages',135,'sheets','pack');
INSERT INTO `donation_request_requirement_items` (`requirement_item_id`,`requirement_id`,`item_category`,`item_name`,`quantity`,`unit`,`source`) VALUES (103,23,'Food','Instant Noodles',84,'sheets','pack');
INSERT INTO `donation_request_requirement_items` (`requirement_item_id`,`requirement_id`,`item_category`,`item_name`,`quantity`,`unit`,`source`) VALUES (104,24,'Medicine','Instant Noodles',9,'packs','pack');
INSERT INTO `donation_request_requirement_items` (`requirement_item_id`,`requirement_id`,`item_category`,`item_name`,`quantity`,`unit`,`source`) VALUES (105,24,'Medicine','Bread Loaves',63,'sheets','extra');
INSERT INTO `donation_request_requirement_items` (`requirement_item_id`,`requirement_id`,`item_category`,`item_name`,`quantity`,`unit`,`source`) VALUES (106,24,'Medicine','Milk Powder',150,'liters','pack');
INSERT INTO `donation_request_requirement_items` (`requirement_item_id`,`requirement_id`,`item_category`,`item_name`,`quantity`,`unit`,`source`) VALUES (107,24,'Food','Sugar (1kg)',82,'kg','extra');
INSERT INTO `donation_request_requirement_items` (`requirement_item_id`,`requirement_id`,`item_category`,`item_name`,`quantity`,`unit`,`source`) VALUES (108,25,'Shelter','First Aid Kit',79,'sheets','pack');
INSERT INTO `donation_request_requirement_items` (`requirement_item_id`,`requirement_id`,`item_category`,`item_name`,`quantity`,`unit`,`source`) VALUES (109,25,'Medicine','Sleeping Bag',140,'packs','extra');
INSERT INTO `donation_request_requirement_items` (`requirement_item_id`,`requirement_id`,`item_category`,`item_name`,`quantity`,`unit`,`source`) VALUES (110,25,'Medicine','Bread Loaves',172,'sheets','pack');
INSERT INTO `donation_request_requirement_items` (`requirement_item_id`,`requirement_id`,`item_category`,`item_name`,`quantity`,`unit`,`source`) VALUES (111,25,'Food','Ground Mat',81,'packs','pack');
INSERT INTO `donation_request_requirement_items` (`requirement_item_id`,`requirement_id`,`item_category`,`item_name`,`quantity`,`unit`,`source`) VALUES (112,25,'Food','Canned Fish',13,'kg','extra');
INSERT INTO `donation_request_requirement_items` (`requirement_item_id`,`requirement_id`,`item_category`,`item_name`,`quantity`,`unit`,`source`) VALUES (113,26,'Medicine','First Aid Kit',142,'sheets','extra');
INSERT INTO `donation_request_requirement_items` (`requirement_item_id`,`requirement_id`,`item_category`,`item_name`,`quantity`,`unit`,`source`) VALUES (114,26,'Medicine','Mosquito Net',71,'packs','pack');
INSERT INTO `donation_request_requirement_items` (`requirement_item_id`,`requirement_id`,`item_category`,`item_name`,`quantity`,`unit`,`source`) VALUES (115,26,'Food','Mosquito Net',189,'packs','pack');
INSERT INTO `donation_request_requirement_items` (`requirement_item_id`,`requirement_id`,`item_category`,`item_name`,`quantity`,`unit`,`source`) VALUES (116,27,'Shelter','Cough Syrup',144,'liters','extra');
INSERT INTO `donation_request_requirement_items` (`requirement_item_id`,`requirement_id`,`item_category`,`item_name`,`quantity`,`unit`,`source`) VALUES (117,27,'Food','Cough Syrup',113,'bottles','extra');
INSERT INTO `donation_request_requirement_items` (`requirement_item_id`,`requirement_id`,`item_category`,`item_name`,`quantity`,`unit`,`source`) VALUES (118,27,'Medicine','Cough Syrup',113,'sheets','extra');
INSERT INTO `donation_request_requirement_items` (`requirement_item_id`,`requirement_id`,`item_category`,`item_name`,`quantity`,`unit`,`source`) VALUES (119,28,'Medicine','Tent (2-person)',33,'kg','extra');
INSERT INTO `donation_request_requirement_items` (`requirement_item_id`,`requirement_id`,`item_category`,`item_name`,`quantity`,`unit`,`source`) VALUES (120,28,'Shelter','Ground Mat',176,'units','extra');
INSERT INTO `donation_request_requirement_items` (`requirement_item_id`,`requirement_id`,`item_category`,`item_name`,`quantity`,`unit`,`source`) VALUES (121,28,'Shelter','Drinking Water (1L)',130,'units','pack');
INSERT INTO `donation_request_requirement_items` (`requirement_item_id`,`requirement_id`,`item_category`,`item_name`,`quantity`,`unit`,`source`) VALUES (122,28,'Shelter','Lentils (500g)',94,'sheets','pack');
INSERT INTO `donation_request_requirement_items` (`requirement_item_id`,`requirement_id`,`item_category`,`item_name`,`quantity`,`unit`,`source`) VALUES (123,29,'Medicine','Milk Powder',180,'sheets','extra');
INSERT INTO `donation_request_requirement_items` (`requirement_item_id`,`requirement_id`,`item_category`,`item_name`,`quantity`,`unit`,`source`) VALUES (124,29,'Food','Antiseptic Solution',45,'sheets','extra');
INSERT INTO `donation_request_requirement_items` (`requirement_item_id`,`requirement_id`,`item_category`,`item_name`,`quantity`,`unit`,`source`) VALUES (125,29,'Shelter','Blanket',59,'packs','pack');
INSERT INTO `donation_request_requirement_items` (`requirement_item_id`,`requirement_id`,`item_category`,`item_name`,`quantity`,`unit`,`source`) VALUES (126,30,'Medicine','Cough Syrup',176,'packs','extra');
INSERT INTO `donation_request_requirement_items` (`requirement_item_id`,`requirement_id`,`item_category`,`item_name`,`quantity`,`unit`,`source`) VALUES (127,30,'Food','Milk Powder',112,'kg','extra');
INSERT INTO `donation_request_requirement_items` (`requirement_item_id`,`requirement_id`,`item_category`,`item_name`,`quantity`,`unit`,`source`) VALUES (128,30,'Medicine','Instant Noodles',191,'sheets','pack');
INSERT INTO `donation_request_requirement_items` (`requirement_item_id`,`requirement_id`,`item_category`,`item_name`,`quantity`,`unit`,`source`) VALUES (129,30,'Medicine','Instant Noodles',90,'sheets','pack');
INSERT INTO `donation_request_requirement_items` (`requirement_item_id`,`requirement_id`,`item_category`,`item_name`,`quantity`,`unit`,`source`) VALUES (130,30,'Medicine','Cough Syrup',147,'liters','extra');
INSERT INTO `donation_request_requirement_items` (`requirement_item_id`,`requirement_id`,`item_category`,`item_name`,`quantity`,`unit`,`source`) VALUES (131,30,'Medicine','Sleeping Bag',11,'liters','extra');
INSERT INTO `donation_request_requirement_items` (`requirement_item_id`,`requirement_id`,`item_category`,`item_name`,`quantity`,`unit`,`source`) VALUES (132,31,'Medicine','Tarpaulin Sheet',173,'units','pack');
INSERT INTO `donation_request_requirement_items` (`requirement_item_id`,`requirement_id`,`item_category`,`item_name`,`quantity`,`unit`,`source`) VALUES (133,31,'Medicine','Blanket',47,'packs','extra');
INSERT INTO `donation_request_requirement_items` (`requirement_item_id`,`requirement_id`,`item_category`,`item_name`,`quantity`,`unit`,`source`) VALUES (134,31,'Shelter','Milk Powder',48,'units','extra');
INSERT INTO `donation_request_requirement_items` (`requirement_item_id`,`requirement_id`,`item_category`,`item_name`,`quantity`,`unit`,`source`) VALUES (135,31,'Shelter','Canned Fish',130,'kg','pack');
INSERT INTO `donation_request_requirement_items` (`requirement_item_id`,`requirement_id`,`item_category`,`item_name`,`quantity`,`unit`,`source`) VALUES (136,31,'Food','Blanket',162,'packs','pack');
INSERT INTO `donation_request_requirement_items` (`requirement_item_id`,`requirement_id`,`item_category`,`item_name`,`quantity`,`unit`,`source`) VALUES (137,31,'Shelter','Blanket',82,'units','extra');
INSERT INTO `donation_request_requirement_items` (`requirement_item_id`,`requirement_id`,`item_category`,`item_name`,`quantity`,`unit`,`source`) VALUES (138,32,'Food','Bread Loaves',182,'sheets','pack');
INSERT INTO `donation_request_requirement_items` (`requirement_item_id`,`requirement_id`,`item_category`,`item_name`,`quantity`,`unit`,`source`) VALUES (139,32,'Shelter','Bandages',30,'packs','extra');
INSERT INTO `donation_request_requirement_items` (`requirement_item_id`,`requirement_id`,`item_category`,`item_name`,`quantity`,`unit`,`source`) VALUES (140,32,'Shelter','Bread Loaves',161,'sheets','pack');
INSERT INTO `donation_request_requirement_items` (`requirement_item_id`,`requirement_id`,`item_category`,`item_name`,`quantity`,`unit`,`source`) VALUES (141,32,'Medicine','Blanket',113,'kg','extra');
INSERT INTO `donation_request_requirement_items` (`requirement_item_id`,`requirement_id`,`item_category`,`item_name`,`quantity`,`unit`,`source`) VALUES (142,32,'Medicine','Antiseptic Solution',79,'kg','extra');
INSERT INTO `donation_request_requirement_items` (`requirement_item_id`,`requirement_id`,`item_category`,`item_name`,`quantity`,`unit`,`source`) VALUES (143,32,'Shelter','Sleeping Bag',21,'units','extra');
INSERT INTO `donation_request_requirement_items` (`requirement_item_id`,`requirement_id`,`item_category`,`item_name`,`quantity`,`unit`,`source`) VALUES (144,33,'Food','First Aid Kit',104,'liters','extra');
INSERT INTO `donation_request_requirement_items` (`requirement_item_id`,`requirement_id`,`item_category`,`item_name`,`quantity`,`unit`,`source`) VALUES (145,33,'Food','Tent (2-person)',67,'units','extra');
INSERT INTO `donation_request_requirement_items` (`requirement_item_id`,`requirement_id`,`item_category`,`item_name`,`quantity`,`unit`,`source`) VALUES (146,33,'Food','Bread Loaves',38,'kg','extra');
INSERT INTO `donation_request_requirement_items` (`requirement_item_id`,`requirement_id`,`item_category`,`item_name`,`quantity`,`unit`,`source`) VALUES (147,33,'Medicine','Mosquito Net',193,'units','pack');
INSERT INTO `donation_request_requirement_items` (`requirement_item_id`,`requirement_id`,`item_category`,`item_name`,`quantity`,`unit`,`source`) VALUES (148,33,'Shelter','Paracetamol Tablets',179,'liters','extra');
INSERT INTO `donation_request_requirement_items` (`requirement_item_id`,`requirement_id`,`item_category`,`item_name`,`quantity`,`unit`,`source`) VALUES (149,34,'Food','Drinking Water (1L)',17,'liters','extra');
INSERT INTO `donation_request_requirement_items` (`requirement_item_id`,`requirement_id`,`item_category`,`item_name`,`quantity`,`unit`,`source`) VALUES (150,34,'Shelter','Paracetamol Tablets',60,'packs','pack');
INSERT INTO `donation_request_requirement_items` (`requirement_item_id`,`requirement_id`,`item_category`,`item_name`,`quantity`,`unit`,`source`) VALUES (151,34,'Medicine','Instant Noodles',155,'units','pack');
INSERT INTO `donation_request_requirement_items` (`requirement_item_id`,`requirement_id`,`item_category`,`item_name`,`quantity`,`unit`,`source`) VALUES (152,34,'Medicine','Cough Syrup',143,'liters','pack');
INSERT INTO `donation_request_requirement_items` (`requirement_item_id`,`requirement_id`,`item_category`,`item_name`,`quantity`,`unit`,`source`) VALUES (153,34,'Shelter','Sleeping Bag',44,'units','extra');
INSERT INTO `donation_request_requirement_items` (`requirement_item_id`,`requirement_id`,`item_category`,`item_name`,`quantity`,`unit`,`source`) VALUES (154,34,'Food','Bandages',91,'bottles','pack');
INSERT INTO `donation_request_requirement_items` (`requirement_item_id`,`requirement_id`,`item_category`,`item_name`,`quantity`,`unit`,`source`) VALUES (155,35,'Shelter','Bread Loaves',107,'sheets','extra');
INSERT INTO `donation_request_requirement_items` (`requirement_item_id`,`requirement_id`,`item_category`,`item_name`,`quantity`,`unit`,`source`) VALUES (156,35,'Food','Tarpaulin Sheet',173,'bottles','pack');
INSERT INTO `donation_request_requirement_items` (`requirement_item_id`,`requirement_id`,`item_category`,`item_name`,`quantity`,`unit`,`source`) VALUES (157,35,'Food','Mosquito Net',154,'units','extra');
INSERT INTO `donation_request_requirement_items` (`requirement_item_id`,`requirement_id`,`item_category`,`item_name`,`quantity`,`unit`,`source`) VALUES (158,35,'Food','Instant Noodles',23,'bottles','extra');
INSERT INTO `donation_request_requirement_items` (`requirement_item_id`,`requirement_id`,`item_category`,`item_name`,`quantity`,`unit`,`source`) VALUES (159,36,'Shelter','Oral Rehydration Salts',90,'liters','pack');
INSERT INTO `donation_request_requirement_items` (`requirement_item_id`,`requirement_id`,`item_category`,`item_name`,`quantity`,`unit`,`source`) VALUES (160,36,'Medicine','Drinking Water (1L)',117,'kg','extra');
INSERT INTO `donation_request_requirement_items` (`requirement_item_id`,`requirement_id`,`item_category`,`item_name`,`quantity`,`unit`,`source`) VALUES (161,36,'Medicine','Bread Loaves',39,'kg','extra');
INSERT INTO `donation_request_requirement_items` (`requirement_item_id`,`requirement_id`,`item_category`,`item_name`,`quantity`,`unit`,`source`) VALUES (162,37,'Food','Tent (2-person)',154,'sheets','extra');
INSERT INTO `donation_request_requirement_items` (`requirement_item_id`,`requirement_id`,`item_category`,`item_name`,`quantity`,`unit`,`source`) VALUES (163,37,'Food','Bandages',24,'kg','extra');
INSERT INTO `donation_request_requirement_items` (`requirement_item_id`,`requirement_id`,`item_category`,`item_name`,`quantity`,`unit`,`source`) VALUES (164,37,'Medicine','Biscuit Packs',108,'packs','pack');
INSERT INTO `donation_request_requirement_items` (`requirement_item_id`,`requirement_id`,`item_category`,`item_name`,`quantity`,`unit`,`source`) VALUES (165,38,'Shelter','Canned Fish',7,'bottles','extra');
INSERT INTO `donation_request_requirement_items` (`requirement_item_id`,`requirement_id`,`item_category`,`item_name`,`quantity`,`unit`,`source`) VALUES (166,38,'Medicine','Tarpaulin Sheet',102,'kg','extra');
INSERT INTO `donation_request_requirement_items` (`requirement_item_id`,`requirement_id`,`item_category`,`item_name`,`quantity`,`unit`,`source`) VALUES (167,38,'Food','Lentils (500g)',145,'units','extra');
INSERT INTO `donation_request_requirement_items` (`requirement_item_id`,`requirement_id`,`item_category`,`item_name`,`quantity`,`unit`,`source`) VALUES (168,38,'Medicine','Sleeping Bag',130,'kg','pack');
INSERT INTO `donation_request_requirement_items` (`requirement_item_id`,`requirement_id`,`item_category`,`item_name`,`quantity`,`unit`,`source`) VALUES (169,38,'Shelter','Drinking Water (1L)',165,'units','extra');
INSERT INTO `donation_request_requirement_items` (`requirement_item_id`,`requirement_id`,`item_category`,`item_name`,`quantity`,`unit`,`source`) VALUES (170,38,'Shelter','Instant Noodles',118,'liters','pack');
INSERT INTO `donation_request_requirement_items` (`requirement_item_id`,`requirement_id`,`item_category`,`item_name`,`quantity`,`unit`,`source`) VALUES (171,39,'Food','Tarpaulin Sheet',62,'sheets','extra');
INSERT INTO `donation_request_requirement_items` (`requirement_item_id`,`requirement_id`,`item_category`,`item_name`,`quantity`,`unit`,`source`) VALUES (172,39,'Medicine','Instant Noodles',70,'liters','extra');
INSERT INTO `donation_request_requirement_items` (`requirement_item_id`,`requirement_id`,`item_category`,`item_name`,`quantity`,`unit`,`source`) VALUES (173,39,'Food','Paracetamol Tablets',123,'liters','extra');
INSERT INTO `donation_request_requirement_items` (`requirement_item_id`,`requirement_id`,`item_category`,`item_name`,`quantity`,`unit`,`source`) VALUES (174,39,'Shelter','Bandages',187,'liters','pack');
INSERT INTO `donation_request_requirement_items` (`requirement_item_id`,`requirement_id`,`item_category`,`item_name`,`quantity`,`unit`,`source`) VALUES (175,40,'Shelter','Biscuit Packs',50,'liters','extra');
INSERT INTO `donation_request_requirement_items` (`requirement_item_id`,`requirement_id`,`item_category`,`item_name`,`quantity`,`unit`,`source`) VALUES (176,40,'Medicine','Antiseptic Solution',47,'units','pack');
INSERT INTO `donation_request_requirement_items` (`requirement_item_id`,`requirement_id`,`item_category`,`item_name`,`quantity`,`unit`,`source`) VALUES (177,40,'Shelter','Sleeping Bag',155,'kg','pack');
INSERT INTO `donation_request_requirement_items` (`requirement_item_id`,`requirement_id`,`item_category`,`item_name`,`quantity`,`unit`,`source`) VALUES (178,41,'Medicine','Drinking Water (1L)',155,'kg','pack');
INSERT INTO `donation_request_requirement_items` (`requirement_item_id`,`requirement_id`,`item_category`,`item_name`,`quantity`,`unit`,`source`) VALUES (179,41,'Medicine','Canned Vegetables',183,'sheets','extra');
INSERT INTO `donation_request_requirement_items` (`requirement_item_id`,`requirement_id`,`item_category`,`item_name`,`quantity`,`unit`,`source`) VALUES (180,41,'Medicine','Blanket',110,'packs','pack');
INSERT INTO `donation_request_requirement_items` (`requirement_item_id`,`requirement_id`,`item_category`,`item_name`,`quantity`,`unit`,`source`) VALUES (181,41,'Food','Antiseptic Solution',118,'packs','extra');
INSERT INTO `donation_request_requirement_items` (`requirement_item_id`,`requirement_id`,`item_category`,`item_name`,`quantity`,`unit`,`source`) VALUES (182,41,'Food','Ground Mat',64,'sheets','pack');
INSERT INTO `donation_request_requirement_items` (`requirement_item_id`,`requirement_id`,`item_category`,`item_name`,`quantity`,`unit`,`source`) VALUES (183,42,'Shelter','Sugar (1kg)',155,'bottles','extra');
INSERT INTO `donation_request_requirement_items` (`requirement_item_id`,`requirement_id`,`item_category`,`item_name`,`quantity`,`unit`,`source`) VALUES (184,42,'Shelter','Paracetamol Tablets',98,'bottles','extra');
INSERT INTO `donation_request_requirement_items` (`requirement_item_id`,`requirement_id`,`item_category`,`item_name`,`quantity`,`unit`,`source`) VALUES (185,42,'Food','Oral Rehydration Salts',34,'sheets','extra');
INSERT INTO `donation_request_requirement_items` (`requirement_item_id`,`requirement_id`,`item_category`,`item_name`,`quantity`,`unit`,`source`) VALUES (186,42,'Food','Blanket',11,'kg','pack');
INSERT INTO `donation_request_requirement_items` (`requirement_item_id`,`requirement_id`,`item_category`,`item_name`,`quantity`,`unit`,`source`) VALUES (187,42,'Food','First Aid Kit',40,'bottles','extra');
INSERT INTO `donation_request_requirement_items` (`requirement_item_id`,`requirement_id`,`item_category`,`item_name`,`quantity`,`unit`,`source`) VALUES (188,43,'Shelter','Drinking Water (1L)',192,'liters','pack');
INSERT INTO `donation_request_requirement_items` (`requirement_item_id`,`requirement_id`,`item_category`,`item_name`,`quantity`,`unit`,`source`) VALUES (189,43,'Food','First Aid Kit',23,'bottles','extra');
INSERT INTO `donation_request_requirement_items` (`requirement_item_id`,`requirement_id`,`item_category`,`item_name`,`quantity`,`unit`,`source`) VALUES (190,43,'Food','Cough Syrup',123,'liters','extra');
INSERT INTO `donation_request_requirement_items` (`requirement_item_id`,`requirement_id`,`item_category`,`item_name`,`quantity`,`unit`,`source`) VALUES (191,44,'Food','Instant Noodles',132,'liters','pack');
INSERT INTO `donation_request_requirement_items` (`requirement_item_id`,`requirement_id`,`item_category`,`item_name`,`quantity`,`unit`,`source`) VALUES (192,44,'Medicine','Ground Mat',200,'kg','pack');
INSERT INTO `donation_request_requirement_items` (`requirement_item_id`,`requirement_id`,`item_category`,`item_name`,`quantity`,`unit`,`source`) VALUES (193,44,'Shelter','Milk Powder',19,'units','pack');
INSERT INTO `donation_request_requirement_items` (`requirement_item_id`,`requirement_id`,`item_category`,`item_name`,`quantity`,`unit`,`source`) VALUES (194,44,'Medicine','Tarpaulin Sheet',70,'bottles','extra');
INSERT INTO `donation_request_requirement_items` (`requirement_item_id`,`requirement_id`,`item_category`,`item_name`,`quantity`,`unit`,`source`) VALUES (195,44,'Food','Mosquito Net',178,'sheets','pack');
INSERT INTO `donation_request_requirement_items` (`requirement_item_id`,`requirement_id`,`item_category`,`item_name`,`quantity`,`unit`,`source`) VALUES (196,44,'Shelter','Cough Syrup',68,'kg','pack');
INSERT INTO `donation_request_requirement_items` (`requirement_item_id`,`requirement_id`,`item_category`,`item_name`,`quantity`,`unit`,`source`) VALUES (197,45,'Medicine','Sugar (1kg)',184,'liters','pack');
INSERT INTO `donation_request_requirement_items` (`requirement_item_id`,`requirement_id`,`item_category`,`item_name`,`quantity`,`unit`,`source`) VALUES (198,45,'Medicine','Blanket',154,'bottles','pack');
INSERT INTO `donation_request_requirement_items` (`requirement_item_id`,`requirement_id`,`item_category`,`item_name`,`quantity`,`unit`,`source`) VALUES (199,45,'Food','Canned Fish',170,'liters','pack');
INSERT INTO `donation_request_requirement_items` (`requirement_item_id`,`requirement_id`,`item_category`,`item_name`,`quantity`,`unit`,`source`) VALUES (200,46,'Food','Biscuit Packs',49,'packs','extra');
INSERT INTO `donation_request_requirement_items` (`requirement_item_id`,`requirement_id`,`item_category`,`item_name`,`quantity`,`unit`,`source`) VALUES (201,46,'Food','Antiseptic Solution',92,'units','extra');
INSERT INTO `donation_request_requirement_items` (`requirement_item_id`,`requirement_id`,`item_category`,`item_name`,`quantity`,`unit`,`source`) VALUES (202,46,'Shelter','Sleeping Bag',31,'sheets','extra');
INSERT INTO `donation_request_requirement_items` (`requirement_item_id`,`requirement_id`,`item_category`,`item_name`,`quantity`,`unit`,`source`) VALUES (203,46,'Medicine','Cough Syrup',25,'kg','pack');
INSERT INTO `donation_request_requirement_items` (`requirement_item_id`,`requirement_id`,`item_category`,`item_name`,`quantity`,`unit`,`source`) VALUES (204,46,'Food','Antiseptic Solution',10,'kg','extra');
INSERT INTO `donation_request_requirement_items` (`requirement_item_id`,`requirement_id`,`item_category`,`item_name`,`quantity`,`unit`,`source`) VALUES (205,46,'Food','Tent (2-person)',22,'packs','pack');
INSERT INTO `donation_request_requirement_items` (`requirement_item_id`,`requirement_id`,`item_category`,`item_name`,`quantity`,`unit`,`source`) VALUES (206,47,'Medicine','Sugar (1kg)',121,'sheets','pack');
INSERT INTO `donation_request_requirement_items` (`requirement_item_id`,`requirement_id`,`item_category`,`item_name`,`quantity`,`unit`,`source`) VALUES (207,47,'Shelter','Rice (1kg)',91,'packs','extra');
INSERT INTO `donation_request_requirement_items` (`requirement_item_id`,`requirement_id`,`item_category`,`item_name`,`quantity`,`unit`,`source`) VALUES (208,47,'Medicine','Tent (2-person)',200,'packs','pack');
INSERT INTO `donation_request_requirement_items` (`requirement_item_id`,`requirement_id`,`item_category`,`item_name`,`quantity`,`unit`,`source`) VALUES (209,47,'Medicine','Mosquito Net',113,'packs','extra');
INSERT INTO `donation_request_requirement_items` (`requirement_item_id`,`requirement_id`,`item_category`,`item_name`,`quantity`,`unit`,`source`) VALUES (210,47,'Medicine','Instant Noodles',14,'kg','extra');
INSERT INTO `donation_request_requirement_items` (`requirement_item_id`,`requirement_id`,`item_category`,`item_name`,`quantity`,`unit`,`source`) VALUES (211,48,'Food','Paracetamol Tablets',55,'units','pack');
INSERT INTO `donation_request_requirement_items` (`requirement_item_id`,`requirement_id`,`item_category`,`item_name`,`quantity`,`unit`,`source`) VALUES (212,48,'Shelter','Bandages',16,'sheets','extra');
INSERT INTO `donation_request_requirement_items` (`requirement_item_id`,`requirement_id`,`item_category`,`item_name`,`quantity`,`unit`,`source`) VALUES (213,48,'Medicine','Tarpaulin Sheet',132,'packs','pack');
INSERT INTO `donation_request_requirement_items` (`requirement_item_id`,`requirement_id`,`item_category`,`item_name`,`quantity`,`unit`,`source`) VALUES (214,48,'Shelter','Ground Mat',127,'units','pack');
INSERT INTO `donation_request_requirement_items` (`requirement_item_id`,`requirement_id`,`item_category`,`item_name`,`quantity`,`unit`,`source`) VALUES (215,48,'Food','Antiseptic Solution',186,'kg','pack');
INSERT INTO `donation_request_requirement_items` (`requirement_item_id`,`requirement_id`,`item_category`,`item_name`,`quantity`,`unit`,`source`) VALUES (216,49,'Food','Paracetamol Tablets',178,'packs','pack');
INSERT INTO `donation_request_requirement_items` (`requirement_item_id`,`requirement_id`,`item_category`,`item_name`,`quantity`,`unit`,`source`) VALUES (217,49,'Shelter','First Aid Kit',138,'liters','extra');
INSERT INTO `donation_request_requirement_items` (`requirement_item_id`,`requirement_id`,`item_category`,`item_name`,`quantity`,`unit`,`source`) VALUES (218,49,'Food','Sleeping Bag',89,'bottles','pack');
INSERT INTO `donation_request_requirement_items` (`requirement_item_id`,`requirement_id`,`item_category`,`item_name`,`quantity`,`unit`,`source`) VALUES (219,49,'Shelter','Milk Powder',46,'sheets','extra');
INSERT INTO `donation_request_requirement_items` (`requirement_item_id`,`requirement_id`,`item_category`,`item_name`,`quantity`,`unit`,`source`) VALUES (220,49,'Medicine','Antiseptic Solution',141,'kg','extra');
INSERT INTO `donation_request_requirement_items` (`requirement_item_id`,`requirement_id`,`item_category`,`item_name`,`quantity`,`unit`,`source`) VALUES (221,49,'Medicine','Drinking Water (1L)',22,'packs','pack');
INSERT INTO `donation_request_requirement_items` (`requirement_item_id`,`requirement_id`,`item_category`,`item_name`,`quantity`,`unit`,`source`) VALUES (222,50,'Food','Oral Rehydration Salts',181,'sheets','extra');
INSERT INTO `donation_request_requirement_items` (`requirement_item_id`,`requirement_id`,`item_category`,`item_name`,`quantity`,`unit`,`source`) VALUES (223,50,'Medicine','Tarpaulin Sheet',200,'bottles','pack');
INSERT INTO `donation_request_requirement_items` (`requirement_item_id`,`requirement_id`,`item_category`,`item_name`,`quantity`,`unit`,`source`) VALUES (224,50,'Shelter','Oral Rehydration Salts',87,'kg','extra');
INSERT INTO `donation_request_requirement_items` (`requirement_item_id`,`requirement_id`,`item_category`,`item_name`,`quantity`,`unit`,`source`) VALUES (225,50,'Shelter','Cough Syrup',193,'packs','extra');
INSERT INTO `donation_request_requirement_items` (`requirement_item_id`,`requirement_id`,`item_category`,`item_name`,`quantity`,`unit`,`source`) VALUES (226,50,'Shelter','Lentils (500g)',145,'liters','extra');
INSERT INTO `donation_request_requirement_items` (`requirement_item_id`,`requirement_id`,`item_category`,`item_name`,`quantity`,`unit`,`source`) VALUES (227,50,'Food','Antiseptic Solution',21,'kg','pack');

-- Forum Posts (~50)
INSERT INTO `forum_posts` (`post_id`,`title`,`body`,`image_path`,`created_by_user_id`) VALUES (1,'How to prepare for monsoon season','This is a community discussion about disaster preparedness and relief efforts. Share your experiences and tips with fellow community members. Post #1',NULL,530);
INSERT INTO `forum_posts` (`post_id`,`title`,`body`,`image_path`,`created_by_user_id`) VALUES (2,'Best evacuation routes in Colombo','This is a community discussion about disaster preparedness and relief efforts. Share your experiences and tips with fellow community members. Post #2',NULL,329);
INSERT INTO `forum_posts` (`post_id`,`title`,`body`,`image_path`,`created_by_user_id`) VALUES (3,'Volunteer coordination tips','This is a community discussion about disaster preparedness and relief efforts. Share your experiences and tips with fellow community members. Post #3',NULL,756);
INSERT INTO `forum_posts` (`post_id`,`title`,`body`,`image_path`,`created_by_user_id`) VALUES (4,'First aid basics everyone should know','This is a community discussion about disaster preparedness and relief efforts. Share your experiences and tips with fellow community members. Post #4',NULL,729);
INSERT INTO `forum_posts` (`post_id`,`title`,`body`,`image_path`,`created_by_user_id`) VALUES (5,'Water purification methods during floods','This is a community discussion about disaster preparedness and relief efforts. Share your experiences and tips with fellow community members. Post #5','uploads/forum/post_5.jpg',677);
INSERT INTO `forum_posts` (`post_id`,`title`,`body`,`image_path`,`created_by_user_id`) VALUES (6,'Emergency contact numbers list','This is a community discussion about disaster preparedness and relief efforts. Share your experiences and tips with fellow community members. Post #6',NULL,512);
INSERT INTO `forum_posts` (`post_id`,`title`,`body`,`image_path`,`created_by_user_id`) VALUES (7,'How to secure your home before a storm','This is a community discussion about disaster preparedness and relief efforts. Share your experiences and tips with fellow community members. Post #7',NULL,578);
INSERT INTO `forum_posts` (`post_id`,`title`,`body`,`image_path`,`created_by_user_id`) VALUES (8,'Post-disaster mental health support','This is a community discussion about disaster preparedness and relief efforts. Share your experiences and tips with fellow community members. Post #8',NULL,329);
INSERT INTO `forum_posts` (`post_id`,`title`,`body`,`image_path`,`created_by_user_id`) VALUES (9,'Community preparedness workshop report','This is a community discussion about disaster preparedness and relief efforts. Share your experiences and tips with fellow community members. Post #9',NULL,533);
INSERT INTO `forum_posts` (`post_id`,`title`,`body`,`image_path`,`created_by_user_id`) VALUES (10,'Donation drive success story','This is a community discussion about disaster preparedness and relief efforts. Share your experiences and tips with fellow community members. Post #10','uploads/forum/post_10.jpg',912);
INSERT INTO `forum_posts` (`post_id`,`title`,`body`,`image_path`,`created_by_user_id`) VALUES (11,'Rebuilding after the flood','This is a community discussion about disaster preparedness and relief efforts. Share your experiences and tips with fellow community members. Post #11',NULL,656);
INSERT INTO `forum_posts` (`post_id`,`title`,`body`,`image_path`,`created_by_user_id`) VALUES (12,'Landslide warning signs to watch for','This is a community discussion about disaster preparedness and relief efforts. Share your experiences and tips with fellow community members. Post #12',NULL,283);
INSERT INTO `forum_posts` (`post_id`,`title`,`body`,`image_path`,`created_by_user_id`) VALUES (13,'How to help elderly during evacuations','This is a community discussion about disaster preparedness and relief efforts. Share your experiences and tips with fellow community members. Post #13',NULL,526);
INSERT INTO `forum_posts` (`post_id`,`title`,`body`,`image_path`,`created_by_user_id`) VALUES (14,'Child safety during disasters','This is a community discussion about disaster preparedness and relief efforts. Share your experiences and tips with fellow community members. Post #14',NULL,901);
INSERT INTO `forum_posts` (`post_id`,`title`,`body`,`image_path`,`created_by_user_id`) VALUES (15,'Setting up emergency shelters guide','This is a community discussion about disaster preparedness and relief efforts. Share your experiences and tips with fellow community members. Post #15','uploads/forum/post_15.jpg',654);
INSERT INTO `forum_posts` (`post_id`,`title`,`body`,`image_path`,`created_by_user_id`) VALUES (16,'Community Discussion Post #16','This is a community discussion about disaster preparedness and relief efforts. Share your experiences and tips with fellow community members. Post #16',NULL,760);
INSERT INTO `forum_posts` (`post_id`,`title`,`body`,`image_path`,`created_by_user_id`) VALUES (17,'Community Discussion Post #17','This is a community discussion about disaster preparedness and relief efforts. Share your experiences and tips with fellow community members. Post #17',NULL,320);
INSERT INTO `forum_posts` (`post_id`,`title`,`body`,`image_path`,`created_by_user_id`) VALUES (18,'Community Discussion Post #18','This is a community discussion about disaster preparedness and relief efforts. Share your experiences and tips with fellow community members. Post #18',NULL,546);
INSERT INTO `forum_posts` (`post_id`,`title`,`body`,`image_path`,`created_by_user_id`) VALUES (19,'Community Discussion Post #19','This is a community discussion about disaster preparedness and relief efforts. Share your experiences and tips with fellow community members. Post #19',NULL,629);
INSERT INTO `forum_posts` (`post_id`,`title`,`body`,`image_path`,`created_by_user_id`) VALUES (20,'Community Discussion Post #20','This is a community discussion about disaster preparedness and relief efforts. Share your experiences and tips with fellow community members. Post #20','uploads/forum/post_20.jpg',356);
INSERT INTO `forum_posts` (`post_id`,`title`,`body`,`image_path`,`created_by_user_id`) VALUES (21,'Community Discussion Post #21','This is a community discussion about disaster preparedness and relief efforts. Share your experiences and tips with fellow community members. Post #21',NULL,292);
INSERT INTO `forum_posts` (`post_id`,`title`,`body`,`image_path`,`created_by_user_id`) VALUES (22,'Community Discussion Post #22','This is a community discussion about disaster preparedness and relief efforts. Share your experiences and tips with fellow community members. Post #22',NULL,534);
INSERT INTO `forum_posts` (`post_id`,`title`,`body`,`image_path`,`created_by_user_id`) VALUES (23,'Community Discussion Post #23','This is a community discussion about disaster preparedness and relief efforts. Share your experiences and tips with fellow community members. Post #23',NULL,816);
INSERT INTO `forum_posts` (`post_id`,`title`,`body`,`image_path`,`created_by_user_id`) VALUES (24,'Community Discussion Post #24','This is a community discussion about disaster preparedness and relief efforts. Share your experiences and tips with fellow community members. Post #24',NULL,168);
INSERT INTO `forum_posts` (`post_id`,`title`,`body`,`image_path`,`created_by_user_id`) VALUES (25,'Community Discussion Post #25','This is a community discussion about disaster preparedness and relief efforts. Share your experiences and tips with fellow community members. Post #25','uploads/forum/post_25.jpg',329);
INSERT INTO `forum_posts` (`post_id`,`title`,`body`,`image_path`,`created_by_user_id`) VALUES (26,'Community Discussion Post #26','This is a community discussion about disaster preparedness and relief efforts. Share your experiences and tips with fellow community members. Post #26',NULL,599);
INSERT INTO `forum_posts` (`post_id`,`title`,`body`,`image_path`,`created_by_user_id`) VALUES (27,'Community Discussion Post #27','This is a community discussion about disaster preparedness and relief efforts. Share your experiences and tips with fellow community members. Post #27',NULL,649);
INSERT INTO `forum_posts` (`post_id`,`title`,`body`,`image_path`,`created_by_user_id`) VALUES (28,'Community Discussion Post #28','This is a community discussion about disaster preparedness and relief efforts. Share your experiences and tips with fellow community members. Post #28',NULL,205);
INSERT INTO `forum_posts` (`post_id`,`title`,`body`,`image_path`,`created_by_user_id`) VALUES (29,'Community Discussion Post #29','This is a community discussion about disaster preparedness and relief efforts. Share your experiences and tips with fellow community members. Post #29',NULL,234);
INSERT INTO `forum_posts` (`post_id`,`title`,`body`,`image_path`,`created_by_user_id`) VALUES (30,'Community Discussion Post #30','This is a community discussion about disaster preparedness and relief efforts. Share your experiences and tips with fellow community members. Post #30','uploads/forum/post_30.jpg',818);
INSERT INTO `forum_posts` (`post_id`,`title`,`body`,`image_path`,`created_by_user_id`) VALUES (31,'Community Discussion Post #31','This is a community discussion about disaster preparedness and relief efforts. Share your experiences and tips with fellow community members. Post #31',NULL,819);
INSERT INTO `forum_posts` (`post_id`,`title`,`body`,`image_path`,`created_by_user_id`) VALUES (32,'Community Discussion Post #32','This is a community discussion about disaster preparedness and relief efforts. Share your experiences and tips with fellow community members. Post #32',NULL,432);
INSERT INTO `forum_posts` (`post_id`,`title`,`body`,`image_path`,`created_by_user_id`) VALUES (33,'Community Discussion Post #33','This is a community discussion about disaster preparedness and relief efforts. Share your experiences and tips with fellow community members. Post #33',NULL,471);
INSERT INTO `forum_posts` (`post_id`,`title`,`body`,`image_path`,`created_by_user_id`) VALUES (34,'Community Discussion Post #34','This is a community discussion about disaster preparedness and relief efforts. Share your experiences and tips with fellow community members. Post #34',NULL,887);
INSERT INTO `forum_posts` (`post_id`,`title`,`body`,`image_path`,`created_by_user_id`) VALUES (35,'Community Discussion Post #35','This is a community discussion about disaster preparedness and relief efforts. Share your experiences and tips with fellow community members. Post #35','uploads/forum/post_35.jpg',399);
INSERT INTO `forum_posts` (`post_id`,`title`,`body`,`image_path`,`created_by_user_id`) VALUES (36,'Community Discussion Post #36','This is a community discussion about disaster preparedness and relief efforts. Share your experiences and tips with fellow community members. Post #36',NULL,338);
INSERT INTO `forum_posts` (`post_id`,`title`,`body`,`image_path`,`created_by_user_id`) VALUES (37,'Community Discussion Post #37','This is a community discussion about disaster preparedness and relief efforts. Share your experiences and tips with fellow community members. Post #37',NULL,200);
INSERT INTO `forum_posts` (`post_id`,`title`,`body`,`image_path`,`created_by_user_id`) VALUES (38,'Community Discussion Post #38','This is a community discussion about disaster preparedness and relief efforts. Share your experiences and tips with fellow community members. Post #38',NULL,304);
INSERT INTO `forum_posts` (`post_id`,`title`,`body`,`image_path`,`created_by_user_id`) VALUES (39,'Community Discussion Post #39','This is a community discussion about disaster preparedness and relief efforts. Share your experiences and tips with fellow community members. Post #39',NULL,384);
INSERT INTO `forum_posts` (`post_id`,`title`,`body`,`image_path`,`created_by_user_id`) VALUES (40,'Community Discussion Post #40','This is a community discussion about disaster preparedness and relief efforts. Share your experiences and tips with fellow community members. Post #40','uploads/forum/post_40.jpg',269);
INSERT INTO `forum_posts` (`post_id`,`title`,`body`,`image_path`,`created_by_user_id`) VALUES (41,'Community Discussion Post #41','This is a community discussion about disaster preparedness and relief efforts. Share your experiences and tips with fellow community members. Post #41',NULL,745);
INSERT INTO `forum_posts` (`post_id`,`title`,`body`,`image_path`,`created_by_user_id`) VALUES (42,'Community Discussion Post #42','This is a community discussion about disaster preparedness and relief efforts. Share your experiences and tips with fellow community members. Post #42',NULL,781);
INSERT INTO `forum_posts` (`post_id`,`title`,`body`,`image_path`,`created_by_user_id`) VALUES (43,'Community Discussion Post #43','This is a community discussion about disaster preparedness and relief efforts. Share your experiences and tips with fellow community members. Post #43',NULL,582);
INSERT INTO `forum_posts` (`post_id`,`title`,`body`,`image_path`,`created_by_user_id`) VALUES (44,'Community Discussion Post #44','This is a community discussion about disaster preparedness and relief efforts. Share your experiences and tips with fellow community members. Post #44',NULL,815);
INSERT INTO `forum_posts` (`post_id`,`title`,`body`,`image_path`,`created_by_user_id`) VALUES (45,'Community Discussion Post #45','This is a community discussion about disaster preparedness and relief efforts. Share your experiences and tips with fellow community members. Post #45','uploads/forum/post_45.jpg',458);
INSERT INTO `forum_posts` (`post_id`,`title`,`body`,`image_path`,`created_by_user_id`) VALUES (46,'Community Discussion Post #46','This is a community discussion about disaster preparedness and relief efforts. Share your experiences and tips with fellow community members. Post #46',NULL,797);
INSERT INTO `forum_posts` (`post_id`,`title`,`body`,`image_path`,`created_by_user_id`) VALUES (47,'Community Discussion Post #47','This is a community discussion about disaster preparedness and relief efforts. Share your experiences and tips with fellow community members. Post #47',NULL,903);
INSERT INTO `forum_posts` (`post_id`,`title`,`body`,`image_path`,`created_by_user_id`) VALUES (48,'Community Discussion Post #48','This is a community discussion about disaster preparedness and relief efforts. Share your experiences and tips with fellow community members. Post #48',NULL,219);
INSERT INTO `forum_posts` (`post_id`,`title`,`body`,`image_path`,`created_by_user_id`) VALUES (49,'Community Discussion Post #49','This is a community discussion about disaster preparedness and relief efforts. Share your experiences and tips with fellow community members. Post #49',NULL,186);
INSERT INTO `forum_posts` (`post_id`,`title`,`body`,`image_path`,`created_by_user_id`) VALUES (50,'Community Discussion Post #50','This is a community discussion about disaster preparedness and relief efforts. Share your experiences and tips with fellow community members. Post #50','uploads/forum/post_50.jpg',422);

-- Forecast SMS Alert Subscriptions (~80)
INSERT INTO `forecast_sms_alert_subscription` (`user_id`,`role`,`sms_alert`,`river_key`,`station_key`) VALUES (153,'general',1,'kalu','rathnapura');
INSERT INTO `forecast_sms_alert_subscription` (`user_id`,`role`,`sms_alert`,`river_key`,`station_key`) VALUES (154,'general',1,'kalu','ellagawa');
INSERT INTO `forecast_sms_alert_subscription` (`user_id`,`role`,`sms_alert`,`river_key`,`station_key`) VALUES (155,'general',0,'kelani','glencourse');
INSERT INTO `forecast_sms_alert_subscription` (`user_id`,`role`,`sms_alert`,`river_key`,`station_key`) VALUES (156,'general',1,'kelani','hanwella');
INSERT INTO `forecast_sms_alert_subscription` (`user_id`,`role`,`sms_alert`,`river_key`,`station_key`) VALUES (157,'general',1,'mahaweli','weraganthota');
INSERT INTO `forecast_sms_alert_subscription` (`user_id`,`role`,`sms_alert`,`river_key`,`station_key`) VALUES (158,'general',0,'mahaweli','manampitiya');
INSERT INTO `forecast_sms_alert_subscription` (`user_id`,`role`,`sms_alert`,`river_key`,`station_key`) VALUES (159,'general',1,'kelani','glencourse');
INSERT INTO `forecast_sms_alert_subscription` (`user_id`,`role`,`sms_alert`,`river_key`,`station_key`) VALUES (160,'general',1,'kelani','holombuwa');
INSERT INTO `forecast_sms_alert_subscription` (`user_id`,`role`,`sms_alert`,`river_key`,`station_key`) VALUES (161,'general',0,'kelani','holombuwa');
INSERT INTO `forecast_sms_alert_subscription` (`user_id`,`role`,`sms_alert`,`river_key`,`station_key`) VALUES (162,'general',1,'kalu','ellagawa');
INSERT INTO `forecast_sms_alert_subscription` (`user_id`,`role`,`sms_alert`,`river_key`,`station_key`) VALUES (163,'general',1,'kelani','kithulgala');
INSERT INTO `forecast_sms_alert_subscription` (`user_id`,`role`,`sms_alert`,`river_key`,`station_key`) VALUES (164,'general',0,'kalu','ellagawa');
INSERT INTO `forecast_sms_alert_subscription` (`user_id`,`role`,`sms_alert`,`river_key`,`station_key`) VALUES (165,'general',1,'kelani','deraniyagala');
INSERT INTO `forecast_sms_alert_subscription` (`user_id`,`role`,`sms_alert`,`river_key`,`station_key`) VALUES (166,'general',1,'kelani','glencourse');
INSERT INTO `forecast_sms_alert_subscription` (`user_id`,`role`,`sms_alert`,`river_key`,`station_key`) VALUES (167,'general',0,'kalu','rathnapura');
INSERT INTO `forecast_sms_alert_subscription` (`user_id`,`role`,`sms_alert`,`river_key`,`station_key`) VALUES (168,'general',1,'mahaweli','peradeniya');
INSERT INTO `forecast_sms_alert_subscription` (`user_id`,`role`,`sms_alert`,`river_key`,`station_key`) VALUES (169,'general',1,'kalu','magura');
INSERT INTO `forecast_sms_alert_subscription` (`user_id`,`role`,`sms_alert`,`river_key`,`station_key`) VALUES (170,'general',0,'mahaweli','peradeniya');
INSERT INTO `forecast_sms_alert_subscription` (`user_id`,`role`,`sms_alert`,`river_key`,`station_key`) VALUES (171,'general',1,'kalu','kalawellawa');
INSERT INTO `forecast_sms_alert_subscription` (`user_id`,`role`,`sms_alert`,`river_key`,`station_key`) VALUES (172,'general',1,'kalu','putupaula');
INSERT INTO `forecast_sms_alert_subscription` (`user_id`,`role`,`sms_alert`,`river_key`,`station_key`) VALUES (173,'general',0,'mahaweli','thaldena');
INSERT INTO `forecast_sms_alert_subscription` (`user_id`,`role`,`sms_alert`,`river_key`,`station_key`) VALUES (174,'general',1,'kalu','rathnapura');
INSERT INTO `forecast_sms_alert_subscription` (`user_id`,`role`,`sms_alert`,`river_key`,`station_key`) VALUES (175,'general',1,'kalu','putupaula');
INSERT INTO `forecast_sms_alert_subscription` (`user_id`,`role`,`sms_alert`,`river_key`,`station_key`) VALUES (176,'general',0,'kelani','kithulgala');
INSERT INTO `forecast_sms_alert_subscription` (`user_id`,`role`,`sms_alert`,`river_key`,`station_key`) VALUES (177,'general',1,'mahaweli','nawalapitiya');
INSERT INTO `forecast_sms_alert_subscription` (`user_id`,`role`,`sms_alert`,`river_key`,`station_key`) VALUES (178,'general',1,'kelani','nagalagam_street');
INSERT INTO `forecast_sms_alert_subscription` (`user_id`,`role`,`sms_alert`,`river_key`,`station_key`) VALUES (179,'general',0,'kalu','kalawellawa');
INSERT INTO `forecast_sms_alert_subscription` (`user_id`,`role`,`sms_alert`,`river_key`,`station_key`) VALUES (180,'general',1,'kalu','magura');
INSERT INTO `forecast_sms_alert_subscription` (`user_id`,`role`,`sms_alert`,`river_key`,`station_key`) VALUES (181,'general',1,'mahaweli','peradeniya');
INSERT INTO `forecast_sms_alert_subscription` (`user_id`,`role`,`sms_alert`,`river_key`,`station_key`) VALUES (182,'general',0,'kalu','ellagawa');
INSERT INTO `forecast_sms_alert_subscription` (`user_id`,`role`,`sms_alert`,`river_key`,`station_key`) VALUES (183,'general',1,'kelani','deraniyagala');
INSERT INTO `forecast_sms_alert_subscription` (`user_id`,`role`,`sms_alert`,`river_key`,`station_key`) VALUES (184,'general',1,'kelani','holombuwa');
INSERT INTO `forecast_sms_alert_subscription` (`user_id`,`role`,`sms_alert`,`river_key`,`station_key`) VALUES (185,'general',0,'mahaweli','manampitiya');
INSERT INTO `forecast_sms_alert_subscription` (`user_id`,`role`,`sms_alert`,`river_key`,`station_key`) VALUES (186,'general',1,'kalu','magura');
INSERT INTO `forecast_sms_alert_subscription` (`user_id`,`role`,`sms_alert`,`river_key`,`station_key`) VALUES (187,'general',1,'kelani','holombuwa');
INSERT INTO `forecast_sms_alert_subscription` (`user_id`,`role`,`sms_alert`,`river_key`,`station_key`) VALUES (188,'general',0,'kelani','deraniyagala');
INSERT INTO `forecast_sms_alert_subscription` (`user_id`,`role`,`sms_alert`,`river_key`,`station_key`) VALUES (189,'general',1,'kalu','kalawellawa');
INSERT INTO `forecast_sms_alert_subscription` (`user_id`,`role`,`sms_alert`,`river_key`,`station_key`) VALUES (190,'general',1,'kelani','holombuwa');
INSERT INTO `forecast_sms_alert_subscription` (`user_id`,`role`,`sms_alert`,`river_key`,`station_key`) VALUES (191,'general',0,'kalu','rathnapura');
INSERT INTO `forecast_sms_alert_subscription` (`user_id`,`role`,`sms_alert`,`river_key`,`station_key`) VALUES (192,'general',1,'kelani','glencourse');
INSERT INTO `forecast_sms_alert_subscription` (`user_id`,`role`,`sms_alert`,`river_key`,`station_key`) VALUES (284,'volunteer',1,'kalu','magura');
INSERT INTO `forecast_sms_alert_subscription` (`user_id`,`role`,`sms_alert`,`river_key`,`station_key`) VALUES (285,'volunteer',1,'kelani','glencourse');
INSERT INTO `forecast_sms_alert_subscription` (`user_id`,`role`,`sms_alert`,`river_key`,`station_key`) VALUES (286,'volunteer',1,'kalu','ellagawa');
INSERT INTO `forecast_sms_alert_subscription` (`user_id`,`role`,`sms_alert`,`river_key`,`station_key`) VALUES (287,'volunteer',0,'kelani','hanwella');
INSERT INTO `forecast_sms_alert_subscription` (`user_id`,`role`,`sms_alert`,`river_key`,`station_key`) VALUES (288,'volunteer',1,'kelani','nagalagam_street');
INSERT INTO `forecast_sms_alert_subscription` (`user_id`,`role`,`sms_alert`,`river_key`,`station_key`) VALUES (289,'volunteer',1,'mahaweli','nawalapitiya');
INSERT INTO `forecast_sms_alert_subscription` (`user_id`,`role`,`sms_alert`,`river_key`,`station_key`) VALUES (290,'volunteer',1,'mahaweli','weraganthota');
INSERT INTO `forecast_sms_alert_subscription` (`user_id`,`role`,`sms_alert`,`river_key`,`station_key`) VALUES (291,'volunteer',0,'kelani','kithulgala');
INSERT INTO `forecast_sms_alert_subscription` (`user_id`,`role`,`sms_alert`,`river_key`,`station_key`) VALUES (292,'volunteer',1,'mahaweli','thaldena');
INSERT INTO `forecast_sms_alert_subscription` (`user_id`,`role`,`sms_alert`,`river_key`,`station_key`) VALUES (293,'volunteer',1,'kelani','hanwella');
INSERT INTO `forecast_sms_alert_subscription` (`user_id`,`role`,`sms_alert`,`river_key`,`station_key`) VALUES (294,'volunteer',1,'mahaweli','nawalapitiya');
INSERT INTO `forecast_sms_alert_subscription` (`user_id`,`role`,`sms_alert`,`river_key`,`station_key`) VALUES (295,'volunteer',0,'kelani','deraniyagala');
INSERT INTO `forecast_sms_alert_subscription` (`user_id`,`role`,`sms_alert`,`river_key`,`station_key`) VALUES (296,'volunteer',1,'mahaweli','nawalapitiya');
INSERT INTO `forecast_sms_alert_subscription` (`user_id`,`role`,`sms_alert`,`river_key`,`station_key`) VALUES (297,'volunteer',1,'kalu','ellagawa');
INSERT INTO `forecast_sms_alert_subscription` (`user_id`,`role`,`sms_alert`,`river_key`,`station_key`) VALUES (298,'volunteer',1,'mahaweli','thaldena');
INSERT INTO `forecast_sms_alert_subscription` (`user_id`,`role`,`sms_alert`,`river_key`,`station_key`) VALUES (299,'volunteer',0,'kelani','holombuwa');
INSERT INTO `forecast_sms_alert_subscription` (`user_id`,`role`,`sms_alert`,`river_key`,`station_key`) VALUES (300,'volunteer',1,'kalu','rathnapura');
INSERT INTO `forecast_sms_alert_subscription` (`user_id`,`role`,`sms_alert`,`river_key`,`station_key`) VALUES (301,'volunteer',1,'mahaweli','thaldena');
INSERT INTO `forecast_sms_alert_subscription` (`user_id`,`role`,`sms_alert`,`river_key`,`station_key`) VALUES (302,'volunteer',1,'mahaweli','nawalapitiya');
INSERT INTO `forecast_sms_alert_subscription` (`user_id`,`role`,`sms_alert`,`river_key`,`station_key`) VALUES (303,'volunteer',0,'kelani','hanwella');
INSERT INTO `forecast_sms_alert_subscription` (`user_id`,`role`,`sms_alert`,`river_key`,`station_key`) VALUES (304,'volunteer',1,'mahaweli','manampitiya');
INSERT INTO `forecast_sms_alert_subscription` (`user_id`,`role`,`sms_alert`,`river_key`,`station_key`) VALUES (305,'volunteer',1,'mahaweli','peradeniya');
INSERT INTO `forecast_sms_alert_subscription` (`user_id`,`role`,`sms_alert`,`river_key`,`station_key`) VALUES (306,'volunteer',1,'kelani','glencourse');
INSERT INTO `forecast_sms_alert_subscription` (`user_id`,`role`,`sms_alert`,`river_key`,`station_key`) VALUES (307,'volunteer',0,'mahaweli','nawalapitiya');
INSERT INTO `forecast_sms_alert_subscription` (`user_id`,`role`,`sms_alert`,`river_key`,`station_key`) VALUES (308,'volunteer',1,'kalu','ellagawa');
INSERT INTO `forecast_sms_alert_subscription` (`user_id`,`role`,`sms_alert`,`river_key`,`station_key`) VALUES (309,'volunteer',1,'mahaweli','nawalapitiya');
INSERT INTO `forecast_sms_alert_subscription` (`user_id`,`role`,`sms_alert`,`river_key`,`station_key`) VALUES (310,'volunteer',1,'kalu','magura');
INSERT INTO `forecast_sms_alert_subscription` (`user_id`,`role`,`sms_alert`,`river_key`,`station_key`) VALUES (311,'volunteer',0,'kalu','rathnapura');
INSERT INTO `forecast_sms_alert_subscription` (`user_id`,`role`,`sms_alert`,`river_key`,`station_key`) VALUES (312,'volunteer',1,'kelani','kithulgala');
INSERT INTO `forecast_sms_alert_subscription` (`user_id`,`role`,`sms_alert`,`river_key`,`station_key`) VALUES (313,'volunteer',1,'mahaweli','peradeniya');
INSERT INTO `forecast_sms_alert_subscription` (`user_id`,`role`,`sms_alert`,`river_key`,`station_key`) VALUES (314,'volunteer',1,'mahaweli','nawalapitiya');
INSERT INTO `forecast_sms_alert_subscription` (`user_id`,`role`,`sms_alert`,`river_key`,`station_key`) VALUES (315,'volunteer',0,'kalu','magura');
INSERT INTO `forecast_sms_alert_subscription` (`user_id`,`role`,`sms_alert`,`river_key`,`station_key`) VALUES (316,'volunteer',1,'kalu','putupaula');
INSERT INTO `forecast_sms_alert_subscription` (`user_id`,`role`,`sms_alert`,`river_key`,`station_key`) VALUES (317,'volunteer',1,'kalu','ellagawa');
INSERT INTO `forecast_sms_alert_subscription` (`user_id`,`role`,`sms_alert`,`river_key`,`station_key`) VALUES (318,'volunteer',1,'kalu','magura');
INSERT INTO `forecast_sms_alert_subscription` (`user_id`,`role`,`sms_alert`,`river_key`,`station_key`) VALUES (319,'volunteer',0,'kelani','glencourse');
INSERT INTO `forecast_sms_alert_subscription` (`user_id`,`role`,`sms_alert`,`river_key`,`station_key`) VALUES (320,'volunteer',1,'kelani','holombuwa');
INSERT INTO `forecast_sms_alert_subscription` (`user_id`,`role`,`sms_alert`,`river_key`,`station_key`) VALUES (321,'volunteer',1,'kelani','hanwella');
INSERT INTO `forecast_sms_alert_subscription` (`user_id`,`role`,`sms_alert`,`river_key`,`station_key`) VALUES (322,'volunteer',1,'kalu','ellagawa');
INSERT INTO `forecast_sms_alert_subscription` (`user_id`,`role`,`sms_alert`,`river_key`,`station_key`) VALUES (323,'volunteer',0,'kalu','magura');

-- Forecast SMS Alert Delivery Log (~60)
INSERT INTO `forecast_sms_alert_delivery_log` (`id`,`user_id`,`station_key`,`river_key`,`forecast_date`,`forecast_level`,`forecast_discharge`,`message_text`,`delivery_status`,`provider_response`) VALUES (1,153,'nawalapitiya','mahaweli','2026-04-12','alert',432.824,'[ResQnet Alert] alert flood warning for nawalapitiya station on 2026-04-12. Discharge: 432.824 m3/s. Stay safe.','sent','Message delivered successfully');
INSERT INTO `forecast_sms_alert_delivery_log` (`id`,`user_id`,`station_key`,`river_key`,`forecast_date`,`forecast_level`,`forecast_discharge`,`message_text`,`delivery_status`,`provider_response`) VALUES (2,300,'weraganthota','mahaweli','2026-04-03','major',391.147,'[ResQnet Alert] major flood warning for weraganthota station on 2026-04-03. Discharge: 391.147 m3/s. Stay safe.','sent','Message delivered successfully');
INSERT INTO `forecast_sms_alert_delivery_log` (`id`,`user_id`,`station_key`,`river_key`,`forecast_date`,`forecast_level`,`forecast_discharge`,`message_text`,`delivery_status`,`provider_response`) VALUES (3,299,'deraniyagala','kelani','2026-03-22','major',70.362,'[ResQnet Alert] major flood warning for deraniyagala station on 2026-03-22. Discharge: 70.362 m3/s. Stay safe.','sent','Message delivered successfully');
INSERT INTO `forecast_sms_alert_delivery_log` (`id`,`user_id`,`station_key`,`river_key`,`forecast_date`,`forecast_level`,`forecast_discharge`,`message_text`,`delivery_status`,`provider_response`) VALUES (4,287,'manampitiya','mahaweli','2026-04-12','major',379.676,'[ResQnet Alert] major flood warning for manampitiya station on 2026-04-12. Discharge: 379.676 m3/s. Stay safe.','sent','Message delivered successfully');
INSERT INTO `forecast_sms_alert_delivery_log` (`id`,`user_id`,`station_key`,`river_key`,`forecast_date`,`forecast_level`,`forecast_discharge`,`message_text`,`delivery_status`,`provider_response`) VALUES (5,299,'kithulgala','kelani','2026-04-02','major',130.452,'[ResQnet Alert] major flood warning for kithulgala station on 2026-04-02. Discharge: 130.452 m3/s. Stay safe.','failed','Network timeout');
INSERT INTO `forecast_sms_alert_delivery_log` (`id`,`user_id`,`station_key`,`river_key`,`forecast_date`,`forecast_level`,`forecast_discharge`,`message_text`,`delivery_status`,`provider_response`) VALUES (6,295,'peradeniya','mahaweli','2026-03-29','minor',216.128,'[ResQnet Alert] minor flood warning for peradeniya station on 2026-03-29. Discharge: 216.128 m3/s. Stay safe.','sent','Message delivered successfully');
INSERT INTO `forecast_sms_alert_delivery_log` (`id`,`user_id`,`station_key`,`river_key`,`forecast_date`,`forecast_level`,`forecast_discharge`,`message_text`,`delivery_status`,`provider_response`) VALUES (7,290,'ellagawa','kalu','2026-04-07','alert',390.476,'[ResQnet Alert] alert flood warning for ellagawa station on 2026-04-07. Discharge: 390.476 m3/s. Stay safe.','sent','Message delivered successfully');
INSERT INTO `forecast_sms_alert_delivery_log` (`id`,`user_id`,`station_key`,`river_key`,`forecast_date`,`forecast_level`,`forecast_discharge`,`message_text`,`delivery_status`,`provider_response`) VALUES (8,161,'magura','kalu','2026-03-24','minor',128.653,'[ResQnet Alert] minor flood warning for magura station on 2026-03-24. Discharge: 128.653 m3/s. Stay safe.','sent','Message delivered successfully');
INSERT INTO `forecast_sms_alert_delivery_log` (`id`,`user_id`,`station_key`,`river_key`,`forecast_date`,`forecast_level`,`forecast_discharge`,`message_text`,`delivery_status`,`provider_response`) VALUES (9,288,'putupaula','kalu','2026-04-08','major',157.304,'[ResQnet Alert] major flood warning for putupaula station on 2026-04-08. Discharge: 157.304 m3/s. Stay safe.','sent','Message delivered successfully');
INSERT INTO `forecast_sms_alert_delivery_log` (`id`,`user_id`,`station_key`,`river_key`,`forecast_date`,`forecast_level`,`forecast_discharge`,`message_text`,`delivery_status`,`provider_response`) VALUES (10,154,'nawalapitiya','mahaweli','2026-03-28','alert',381.973,'[ResQnet Alert] alert flood warning for nawalapitiya station on 2026-03-28. Discharge: 381.973 m3/s. Stay safe.','failed','Network timeout');
INSERT INTO `forecast_sms_alert_delivery_log` (`id`,`user_id`,`station_key`,`river_key`,`forecast_date`,`forecast_level`,`forecast_discharge`,`message_text`,`delivery_status`,`provider_response`) VALUES (11,162,'rathnapura','kalu','2026-03-30','major',398.053,'[ResQnet Alert] major flood warning for rathnapura station on 2026-03-30. Discharge: 398.053 m3/s. Stay safe.','sent','Message delivered successfully');
INSERT INTO `forecast_sms_alert_delivery_log` (`id`,`user_id`,`station_key`,`river_key`,`forecast_date`,`forecast_level`,`forecast_discharge`,`message_text`,`delivery_status`,`provider_response`) VALUES (12,300,'rathnapura','kalu','2026-03-21','minor',423.532,'[ResQnet Alert] minor flood warning for rathnapura station on 2026-03-21. Discharge: 423.532 m3/s. Stay safe.','sent','Message delivered successfully');
INSERT INTO `forecast_sms_alert_delivery_log` (`id`,`user_id`,`station_key`,`river_key`,`forecast_date`,`forecast_level`,`forecast_discharge`,`message_text`,`delivery_status`,`provider_response`) VALUES (13,291,'putupaula','kalu','2026-04-13','minor',377.618,'[ResQnet Alert] minor flood warning for putupaula station on 2026-04-13. Discharge: 377.618 m3/s. Stay safe.','sent','Message delivered successfully');
INSERT INTO `forecast_sms_alert_delivery_log` (`id`,`user_id`,`station_key`,`river_key`,`forecast_date`,`forecast_level`,`forecast_discharge`,`message_text`,`delivery_status`,`provider_response`) VALUES (14,299,'nawalapitiya','mahaweli','2026-04-10','major',203.505,'[ResQnet Alert] major flood warning for nawalapitiya station on 2026-04-10. Discharge: 203.505 m3/s. Stay safe.','sent','Message delivered successfully');
INSERT INTO `forecast_sms_alert_delivery_log` (`id`,`user_id`,`station_key`,`river_key`,`forecast_date`,`forecast_level`,`forecast_discharge`,`message_text`,`delivery_status`,`provider_response`) VALUES (15,156,'kithulgala','kelani','2026-03-28','major',259.378,'[ResQnet Alert] major flood warning for kithulgala station on 2026-03-28. Discharge: 259.378 m3/s. Stay safe.','failed','Network timeout');
INSERT INTO `forecast_sms_alert_delivery_log` (`id`,`user_id`,`station_key`,`river_key`,`forecast_date`,`forecast_level`,`forecast_discharge`,`message_text`,`delivery_status`,`provider_response`) VALUES (16,288,'manampitiya','mahaweli','2026-04-10','alert',175.918,'[ResQnet Alert] alert flood warning for manampitiya station on 2026-04-10. Discharge: 175.918 m3/s. Stay safe.','sent','Message delivered successfully');
INSERT INTO `forecast_sms_alert_delivery_log` (`id`,`user_id`,`station_key`,`river_key`,`forecast_date`,`forecast_level`,`forecast_discharge`,`message_text`,`delivery_status`,`provider_response`) VALUES (17,170,'peradeniya','mahaweli','2026-03-28','minor',243.761,'[ResQnet Alert] minor flood warning for peradeniya station on 2026-03-28. Discharge: 243.761 m3/s. Stay safe.','sent','Message delivered successfully');
INSERT INTO `forecast_sms_alert_delivery_log` (`id`,`user_id`,`station_key`,`river_key`,`forecast_date`,`forecast_level`,`forecast_discharge`,`message_text`,`delivery_status`,`provider_response`) VALUES (18,172,'kithulgala','kelani','2026-04-05','minor',332.706,'[ResQnet Alert] minor flood warning for kithulgala station on 2026-04-05. Discharge: 332.706 m3/s. Stay safe.','sent','Message delivered successfully');
INSERT INTO `forecast_sms_alert_delivery_log` (`id`,`user_id`,`station_key`,`river_key`,`forecast_date`,`forecast_level`,`forecast_discharge`,`message_text`,`delivery_status`,`provider_response`) VALUES (19,295,'peradeniya','mahaweli','2026-03-27','alert',265.392,'[ResQnet Alert] alert flood warning for peradeniya station on 2026-03-27. Discharge: 265.392 m3/s. Stay safe.','sent','Message delivered successfully');
INSERT INTO `forecast_sms_alert_delivery_log` (`id`,`user_id`,`station_key`,`river_key`,`forecast_date`,`forecast_level`,`forecast_discharge`,`message_text`,`delivery_status`,`provider_response`) VALUES (20,172,'rathnapura','kalu','2026-04-06','minor',135.843,'[ResQnet Alert] minor flood warning for rathnapura station on 2026-04-06. Discharge: 135.843 m3/s. Stay safe.','failed','Network timeout');
INSERT INTO `forecast_sms_alert_delivery_log` (`id`,`user_id`,`station_key`,`river_key`,`forecast_date`,`forecast_level`,`forecast_discharge`,`message_text`,`delivery_status`,`provider_response`) VALUES (21,155,'hanwella','kelani','2026-04-06','minor',247.084,'[ResQnet Alert] minor flood warning for hanwella station on 2026-04-06. Discharge: 247.084 m3/s. Stay safe.','sent','Message delivered successfully');
INSERT INTO `forecast_sms_alert_delivery_log` (`id`,`user_id`,`station_key`,`river_key`,`forecast_date`,`forecast_level`,`forecast_discharge`,`message_text`,`delivery_status`,`provider_response`) VALUES (22,169,'thaldena','mahaweli','2026-03-16','major',73.557,'[ResQnet Alert] major flood warning for thaldena station on 2026-03-16. Discharge: 73.557 m3/s. Stay safe.','sent','Message delivered successfully');
INSERT INTO `forecast_sms_alert_delivery_log` (`id`,`user_id`,`station_key`,`river_key`,`forecast_date`,`forecast_level`,`forecast_discharge`,`message_text`,`delivery_status`,`provider_response`) VALUES (23,162,'kithulgala','kelani','2026-04-13','major',102.092,'[ResQnet Alert] major flood warning for kithulgala station on 2026-04-13. Discharge: 102.092 m3/s. Stay safe.','sent','Message delivered successfully');
INSERT INTO `forecast_sms_alert_delivery_log` (`id`,`user_id`,`station_key`,`river_key`,`forecast_date`,`forecast_level`,`forecast_discharge`,`message_text`,`delivery_status`,`provider_response`) VALUES (24,160,'hanwella','kelani','2026-04-11','minor',179.236,'[ResQnet Alert] minor flood warning for hanwella station on 2026-04-11. Discharge: 179.236 m3/s. Stay safe.','sent','Message delivered successfully');
INSERT INTO `forecast_sms_alert_delivery_log` (`id`,`user_id`,`station_key`,`river_key`,`forecast_date`,`forecast_level`,`forecast_discharge`,`message_text`,`delivery_status`,`provider_response`) VALUES (25,292,'nawalapitiya','mahaweli','2026-03-21','major',393.554,'[ResQnet Alert] major flood warning for nawalapitiya station on 2026-03-21. Discharge: 393.554 m3/s. Stay safe.','failed','Network timeout');
INSERT INTO `forecast_sms_alert_delivery_log` (`id`,`user_id`,`station_key`,`river_key`,`forecast_date`,`forecast_level`,`forecast_discharge`,`message_text`,`delivery_status`,`provider_response`) VALUES (26,156,'magura','kalu','2026-04-07','alert',72.593,'[ResQnet Alert] alert flood warning for magura station on 2026-04-07. Discharge: 72.593 m3/s. Stay safe.','sent','Message delivered successfully');
INSERT INTO `forecast_sms_alert_delivery_log` (`id`,`user_id`,`station_key`,`river_key`,`forecast_date`,`forecast_level`,`forecast_discharge`,`message_text`,`delivery_status`,`provider_response`) VALUES (27,288,'weraganthota','mahaweli','2026-04-02','minor',301.364,'[ResQnet Alert] minor flood warning for weraganthota station on 2026-04-02. Discharge: 301.364 m3/s. Stay safe.','sent','Message delivered successfully');
INSERT INTO `forecast_sms_alert_delivery_log` (`id`,`user_id`,`station_key`,`river_key`,`forecast_date`,`forecast_level`,`forecast_discharge`,`message_text`,`delivery_status`,`provider_response`) VALUES (28,303,'kalawellawa','kalu','2026-03-18','major',238.91,'[ResQnet Alert] major flood warning for kalawellawa station on 2026-03-18. Discharge: 238.91 m3/s. Stay safe.','sent','Message delivered successfully');
INSERT INTO `forecast_sms_alert_delivery_log` (`id`,`user_id`,`station_key`,`river_key`,`forecast_date`,`forecast_level`,`forecast_discharge`,`message_text`,`delivery_status`,`provider_response`) VALUES (29,169,'nagalagam_street','kelani','2026-03-24','major',260.116,'[ResQnet Alert] major flood warning for nagalagam_street station on 2026-03-24. Discharge: 260.116 m3/s. Stay safe.','sent','Message delivered successfully');
INSERT INTO `forecast_sms_alert_delivery_log` (`id`,`user_id`,`station_key`,`river_key`,`forecast_date`,`forecast_level`,`forecast_discharge`,`message_text`,`delivery_status`,`provider_response`) VALUES (30,296,'weraganthota','mahaweli','2026-04-13','minor',165.323,'[ResQnet Alert] minor flood warning for weraganthota station on 2026-04-13. Discharge: 165.323 m3/s. Stay safe.','failed','Network timeout');
INSERT INTO `forecast_sms_alert_delivery_log` (`id`,`user_id`,`station_key`,`river_key`,`forecast_date`,`forecast_level`,`forecast_discharge`,`message_text`,`delivery_status`,`provider_response`) VALUES (31,165,'weraganthota','mahaweli','2026-03-23','major',373.647,'[ResQnet Alert] major flood warning for weraganthota station on 2026-03-23. Discharge: 373.647 m3/s. Stay safe.','sent','Message delivered successfully');
INSERT INTO `forecast_sms_alert_delivery_log` (`id`,`user_id`,`station_key`,`river_key`,`forecast_date`,`forecast_level`,`forecast_discharge`,`message_text`,`delivery_status`,`provider_response`) VALUES (32,168,'weraganthota','mahaweli','2026-04-12','alert',127.879,'[ResQnet Alert] alert flood warning for weraganthota station on 2026-04-12. Discharge: 127.879 m3/s. Stay safe.','sent','Message delivered successfully');
INSERT INTO `forecast_sms_alert_delivery_log` (`id`,`user_id`,`station_key`,`river_key`,`forecast_date`,`forecast_level`,`forecast_discharge`,`message_text`,`delivery_status`,`provider_response`) VALUES (33,293,'kalawellawa','kalu','2026-03-30','alert',331.157,'[ResQnet Alert] alert flood warning for kalawellawa station on 2026-03-30. Discharge: 331.157 m3/s. Stay safe.','sent','Message delivered successfully');
INSERT INTO `forecast_sms_alert_delivery_log` (`id`,`user_id`,`station_key`,`river_key`,`forecast_date`,`forecast_level`,`forecast_discharge`,`message_text`,`delivery_status`,`provider_response`) VALUES (34,292,'rathnapura','kalu','2026-04-15','minor',303.113,'[ResQnet Alert] minor flood warning for rathnapura station on 2026-04-15. Discharge: 303.113 m3/s. Stay safe.','sent','Message delivered successfully');
INSERT INTO `forecast_sms_alert_delivery_log` (`id`,`user_id`,`station_key`,`river_key`,`forecast_date`,`forecast_level`,`forecast_discharge`,`message_text`,`delivery_status`,`provider_response`) VALUES (35,159,'thaldena','mahaweli','2026-03-27','alert',358.291,'[ResQnet Alert] alert flood warning for thaldena station on 2026-03-27. Discharge: 358.291 m3/s. Stay safe.','failed','Network timeout');
INSERT INTO `forecast_sms_alert_delivery_log` (`id`,`user_id`,`station_key`,`river_key`,`forecast_date`,`forecast_level`,`forecast_discharge`,`message_text`,`delivery_status`,`provider_response`) VALUES (36,162,'rathnapura','kalu','2026-03-29','alert',356.383,'[ResQnet Alert] alert flood warning for rathnapura station on 2026-03-29. Discharge: 356.383 m3/s. Stay safe.','sent','Message delivered successfully');
INSERT INTO `forecast_sms_alert_delivery_log` (`id`,`user_id`,`station_key`,`river_key`,`forecast_date`,`forecast_level`,`forecast_discharge`,`message_text`,`delivery_status`,`provider_response`) VALUES (37,300,'hanwella','kelani','2026-04-08','major',104.196,'[ResQnet Alert] major flood warning for hanwella station on 2026-04-08. Discharge: 104.196 m3/s. Stay safe.','sent','Message delivered successfully');
INSERT INTO `forecast_sms_alert_delivery_log` (`id`,`user_id`,`station_key`,`river_key`,`forecast_date`,`forecast_level`,`forecast_discharge`,`message_text`,`delivery_status`,`provider_response`) VALUES (38,303,'deraniyagala','kelani','2026-03-19','major',417.126,'[ResQnet Alert] major flood warning for deraniyagala station on 2026-03-19. Discharge: 417.126 m3/s. Stay safe.','sent','Message delivered successfully');
INSERT INTO `forecast_sms_alert_delivery_log` (`id`,`user_id`,`station_key`,`river_key`,`forecast_date`,`forecast_level`,`forecast_discharge`,`message_text`,`delivery_status`,`provider_response`) VALUES (39,290,'glencourse','kelani','2026-04-12','alert',274.401,'[ResQnet Alert] alert flood warning for glencourse station on 2026-04-12. Discharge: 274.401 m3/s. Stay safe.','sent','Message delivered successfully');
INSERT INTO `forecast_sms_alert_delivery_log` (`id`,`user_id`,`station_key`,`river_key`,`forecast_date`,`forecast_level`,`forecast_discharge`,`message_text`,`delivery_status`,`provider_response`) VALUES (40,162,'hanwella','kelani','2026-03-19','major',101.864,'[ResQnet Alert] major flood warning for hanwella station on 2026-03-19. Discharge: 101.864 m3/s. Stay safe.','failed','Network timeout');
INSERT INTO `forecast_sms_alert_delivery_log` (`id`,`user_id`,`station_key`,`river_key`,`forecast_date`,`forecast_level`,`forecast_discharge`,`message_text`,`delivery_status`,`provider_response`) VALUES (41,289,'putupaula','kalu','2026-04-08','minor',84.889,'[ResQnet Alert] minor flood warning for putupaula station on 2026-04-08. Discharge: 84.889 m3/s. Stay safe.','sent','Message delivered successfully');
INSERT INTO `forecast_sms_alert_delivery_log` (`id`,`user_id`,`station_key`,`river_key`,`forecast_date`,`forecast_level`,`forecast_discharge`,`message_text`,`delivery_status`,`provider_response`) VALUES (42,169,'glencourse','kelani','2026-04-11','major',79.21,'[ResQnet Alert] major flood warning for glencourse station on 2026-04-11. Discharge: 79.21 m3/s. Stay safe.','sent','Message delivered successfully');
INSERT INTO `forecast_sms_alert_delivery_log` (`id`,`user_id`,`station_key`,`river_key`,`forecast_date`,`forecast_level`,`forecast_discharge`,`message_text`,`delivery_status`,`provider_response`) VALUES (43,303,'weraganthota','mahaweli','2026-04-04','major',131.927,'[ResQnet Alert] major flood warning for weraganthota station on 2026-04-04. Discharge: 131.927 m3/s. Stay safe.','sent','Message delivered successfully');
INSERT INTO `forecast_sms_alert_delivery_log` (`id`,`user_id`,`station_key`,`river_key`,`forecast_date`,`forecast_level`,`forecast_discharge`,`message_text`,`delivery_status`,`provider_response`) VALUES (44,300,'weraganthota','mahaweli','2026-04-07','alert',85.092,'[ResQnet Alert] alert flood warning for weraganthota station on 2026-04-07. Discharge: 85.092 m3/s. Stay safe.','sent','Message delivered successfully');
INSERT INTO `forecast_sms_alert_delivery_log` (`id`,`user_id`,`station_key`,`river_key`,`forecast_date`,`forecast_level`,`forecast_discharge`,`message_text`,`delivery_status`,`provider_response`) VALUES (45,159,'holombuwa','kelani','2026-03-23','alert',402.914,'[ResQnet Alert] alert flood warning for holombuwa station on 2026-03-23. Discharge: 402.914 m3/s. Stay safe.','failed','Network timeout');
INSERT INTO `forecast_sms_alert_delivery_log` (`id`,`user_id`,`station_key`,`river_key`,`forecast_date`,`forecast_level`,`forecast_discharge`,`message_text`,`delivery_status`,`provider_response`) VALUES (46,168,'hanwella','kelani','2026-04-05','major',362.391,'[ResQnet Alert] major flood warning for hanwella station on 2026-04-05. Discharge: 362.391 m3/s. Stay safe.','sent','Message delivered successfully');
INSERT INTO `forecast_sms_alert_delivery_log` (`id`,`user_id`,`station_key`,`river_key`,`forecast_date`,`forecast_level`,`forecast_discharge`,`message_text`,`delivery_status`,`provider_response`) VALUES (47,302,'magura','kalu','2026-04-06','alert',108.484,'[ResQnet Alert] alert flood warning for magura station on 2026-04-06. Discharge: 108.484 m3/s. Stay safe.','sent','Message delivered successfully');
INSERT INTO `forecast_sms_alert_delivery_log` (`id`,`user_id`,`station_key`,`river_key`,`forecast_date`,`forecast_level`,`forecast_discharge`,`message_text`,`delivery_status`,`provider_response`) VALUES (48,158,'ellagawa','kalu','2026-03-24','minor',116.012,'[ResQnet Alert] minor flood warning for ellagawa station on 2026-03-24. Discharge: 116.012 m3/s. Stay safe.','sent','Message delivered successfully');
INSERT INTO `forecast_sms_alert_delivery_log` (`id`,`user_id`,`station_key`,`river_key`,`forecast_date`,`forecast_level`,`forecast_discharge`,`message_text`,`delivery_status`,`provider_response`) VALUES (49,297,'nawalapitiya','mahaweli','2026-04-01','major',59.744,'[ResQnet Alert] major flood warning for nawalapitiya station on 2026-04-01. Discharge: 59.744 m3/s. Stay safe.','sent','Message delivered successfully');
INSERT INTO `forecast_sms_alert_delivery_log` (`id`,`user_id`,`station_key`,`river_key`,`forecast_date`,`forecast_level`,`forecast_discharge`,`message_text`,`delivery_status`,`provider_response`) VALUES (50,290,'ellagawa','kalu','2026-03-23','alert',62.487,'[ResQnet Alert] alert flood warning for ellagawa station on 2026-03-23. Discharge: 62.487 m3/s. Stay safe.','failed','Network timeout');
INSERT INTO `forecast_sms_alert_delivery_log` (`id`,`user_id`,`station_key`,`river_key`,`forecast_date`,`forecast_level`,`forecast_discharge`,`message_text`,`delivery_status`,`provider_response`) VALUES (51,159,'ellagawa','kalu','2026-04-14','major',81.973,'[ResQnet Alert] major flood warning for ellagawa station on 2026-04-14. Discharge: 81.973 m3/s. Stay safe.','sent','Message delivered successfully');
INSERT INTO `forecast_sms_alert_delivery_log` (`id`,`user_id`,`station_key`,`river_key`,`forecast_date`,`forecast_level`,`forecast_discharge`,`message_text`,`delivery_status`,`provider_response`) VALUES (52,161,'hanwella','kelani','2026-03-23','alert',133.564,'[ResQnet Alert] alert flood warning for hanwella station on 2026-03-23. Discharge: 133.564 m3/s. Stay safe.','sent','Message delivered successfully');
INSERT INTO `forecast_sms_alert_delivery_log` (`id`,`user_id`,`station_key`,`river_key`,`forecast_date`,`forecast_level`,`forecast_discharge`,`message_text`,`delivery_status`,`provider_response`) VALUES (53,293,'rathnapura','kalu','2026-04-09','minor',332.693,'[ResQnet Alert] minor flood warning for rathnapura station on 2026-04-09. Discharge: 332.693 m3/s. Stay safe.','sent','Message delivered successfully');
INSERT INTO `forecast_sms_alert_delivery_log` (`id`,`user_id`,`station_key`,`river_key`,`forecast_date`,`forecast_level`,`forecast_discharge`,`message_text`,`delivery_status`,`provider_response`) VALUES (54,291,'manampitiya','mahaweli','2026-04-06','minor',404.168,'[ResQnet Alert] minor flood warning for manampitiya station on 2026-04-06. Discharge: 404.168 m3/s. Stay safe.','sent','Message delivered successfully');
INSERT INTO `forecast_sms_alert_delivery_log` (`id`,`user_id`,`station_key`,`river_key`,`forecast_date`,`forecast_level`,`forecast_discharge`,`message_text`,`delivery_status`,`provider_response`) VALUES (55,165,'ellagawa','kalu','2026-03-18','alert',268.261,'[ResQnet Alert] alert flood warning for ellagawa station on 2026-03-18. Discharge: 268.261 m3/s. Stay safe.','failed','Network timeout');
INSERT INTO `forecast_sms_alert_delivery_log` (`id`,`user_id`,`station_key`,`river_key`,`forecast_date`,`forecast_level`,`forecast_discharge`,`message_text`,`delivery_status`,`provider_response`) VALUES (56,296,'holombuwa','kelani','2026-04-15','major',153.361,'[ResQnet Alert] major flood warning for holombuwa station on 2026-04-15. Discharge: 153.361 m3/s. Stay safe.','sent','Message delivered successfully');
INSERT INTO `forecast_sms_alert_delivery_log` (`id`,`user_id`,`station_key`,`river_key`,`forecast_date`,`forecast_level`,`forecast_discharge`,`message_text`,`delivery_status`,`provider_response`) VALUES (57,297,'putupaula','kalu','2026-04-08','major',259.021,'[ResQnet Alert] major flood warning for putupaula station on 2026-04-08. Discharge: 259.021 m3/s. Stay safe.','sent','Message delivered successfully');
INSERT INTO `forecast_sms_alert_delivery_log` (`id`,`user_id`,`station_key`,`river_key`,`forecast_date`,`forecast_level`,`forecast_discharge`,`message_text`,`delivery_status`,`provider_response`) VALUES (58,292,'thaldena','mahaweli','2026-03-30','minor',377.14,'[ResQnet Alert] minor flood warning for thaldena station on 2026-03-30. Discharge: 377.14 m3/s. Stay safe.','sent','Message delivered successfully');
INSERT INTO `forecast_sms_alert_delivery_log` (`id`,`user_id`,`station_key`,`river_key`,`forecast_date`,`forecast_level`,`forecast_discharge`,`message_text`,`delivery_status`,`provider_response`) VALUES (59,153,'glencourse','kelani','2026-03-29','major',111.27,'[ResQnet Alert] major flood warning for glencourse station on 2026-03-29. Discharge: 111.27 m3/s. Stay safe.','sent','Message delivered successfully');
INSERT INTO `forecast_sms_alert_delivery_log` (`id`,`user_id`,`station_key`,`river_key`,`forecast_date`,`forecast_level`,`forecast_discharge`,`message_text`,`delivery_status`,`provider_response`) VALUES (60,154,'thaldena','mahaweli','2026-04-06','major',104.092,'[ResQnet Alert] major flood warning for thaldena station on 2026-04-06. Discharge: 104.092 m3/s. Stay safe.','failed','Network timeout');

-- Password Reset Tokens (~10)
INSERT INTO `password_reset_tokens` (`token`,`user_id`,`expires_at`,`used`) VALUES ('aaa09cb1adad499792db957af8532d777beeb63560ebec40287db3fad95cb316',642,'2026-04-14 22:17:36',1);
INSERT INTO `password_reset_tokens` (`token`,`user_id`,`expires_at`,`used`) VALUES ('ce11d6ac54786205a515eaae986e52c70a76e1098f7448cf55d45e2aabd4b4cc',502,'2026-04-14 22:17:36',1);
INSERT INTO `password_reset_tokens` (`token`,`user_id`,`expires_at`,`used`) VALUES ('0663eb991e6d5529b4a54af871de657cb13b48f4c1aa8408ca8f5317c0d7dccb',504,'2026-04-15 18:17:36',1);
INSERT INTO `password_reset_tokens` (`token`,`user_id`,`expires_at`,`used`) VALUES ('cc3407e0c2fef6adf60c69fde249c21d688f9c791bbfc61dae93b6534b8d30e9',362,'2026-04-16 17:17:36',1);
INSERT INTO `password_reset_tokens` (`token`,`user_id`,`expires_at`,`used`) VALUES ('213eb63cc0354c70eb50af101c76126ace0170014ef36fd0f4e4a1f46512f526',914,'2026-04-15 07:17:36',1);
INSERT INTO `password_reset_tokens` (`token`,`user_id`,`expires_at`,`used`) VALUES ('ec3db602a83a64f70388dea99e0f1b1e83db63e04543e71bd6cb1a70036cf800',203,'2026-04-16 05:17:36',0);
INSERT INTO `password_reset_tokens` (`token`,`user_id`,`expires_at`,`used`) VALUES ('fc282a27ec9efc87d8ad363fa2221c87f895edf925cd4ebee6eba4c2a8d77d0c',467,'2026-04-15 04:17:36',0);
INSERT INTO `password_reset_tokens` (`token`,`user_id`,`expires_at`,`used`) VALUES ('9292f53f081aa12cd55504b18f04685f92d80c4f89de12077fd5f874c5d2929b',383,'2026-04-14 13:17:36',0);
INSERT INTO `password_reset_tokens` (`token`,`user_id`,`expires_at`,`used`) VALUES ('f9b5f8bb0ae3e466985176aa176304be1c8f3b09c1d4cc4c092771ad6c75a783',315,'2026-04-14 05:17:36',0);
INSERT INTO `password_reset_tokens` (`token`,`user_id`,`expires_at`,`used`) VALUES ('ada960485d7da7892fe9da29f2d601673a0e6ed719cc1fa398123ec5d0268b7f',736,'2026-04-14 05:17:36',0);

-- =============================================================
-- Seed Summary:
--   Users total:        938
--     DMC:              1
--     GN Officers:      131
--     NGOs:             20
--     General Users:    131
--     Volunteers:       655
--   Safe Locations:     22
--   Collection Points:  37
--   Disaster Reports:   67
--   Donations:          83
--   Donation Requests:  57
--   Forum Posts:        50
--   SMS Subscriptions:  80
--   All passwords:      Test@1234
-- =============================================================
